image_name,tweet_translation,sms_translation,sms_language,topic_label,binary_label
EPQIFfRXkAEFy3z.jpg,"@IncomeTaxIndia  Received an SMS from 29487767 "" the Incometax Department requires you to click http://188.214.30.217/ITRefund to submit a formal request for the payment of your overdue tax-refund of 19,700 INR."" 
I believe this is a fake and phishing message. Please confirm. https://t.co/EHogJlsIEf","Dear ADITYA TIDKE , the Incometax Department requires you to click http://188.214.30.217/ITRefund to submit a formal request for the payment of your overdue tax - refund of 19,700 INR .",en,scam-tax,harmful
Efz6pajWsAIL3l4.jpg,@actionfrauduk @EE @Apple is there no way to stop these SMS phishing scams? https://t.co/4nOuUTvKLJ,"Apple : Account temporarily restricted . To fully restore your Apple ID services , please visit https : //apple.com.submit userdata.services , to confirm your details",en,phishing-account alarm,harmful
EMW5DXJU4AIne6y.png,"Just got this SMS on my personal phone (my name is Dana), so I replied appropriately. @MikeBloomberg who are you buying phone lists from to spam? The dark net? #Bloomberg2020 #SpamSpamSpam https://t.co/QIkmxWcDbK","Hi Tarrita -- this is Jade with Mike Bloomberg for President . Are you considering voting for Mike in the March 3 , 2020 CA primary election ?",en,spam-vote,harmful
EWSMRpnXYAAos8B.jpg,Fraud sms take action @PaytmCybercell @AhmedabadPolice @GujaratPolice @dgpgujarat https://t.co/ZtnTHLetK3,Dear Customer Your PYTMK CY has been expire today please call customer care no 8513964435 your PYTM has been block 24hrs THANK YOU PYTM TEAM,en,fraud-account alarm,harmful
EX85RGyX0AAc_xM.jpg,"@Paytmcare Hi, Please see the spam msg just received.
Similar msg i receive almost every 2- 3 months which i report to you .
Why don't you get their special SMS code cancelled? https://t.co/i5V9JKSEF1","Hello Customer , Your PAYTM Account is expired & Blocked Today . Please Complete Full Verification Call Customer Care : 6205638654 Regard , PAYTM Team",en,fraud-account alarm,harmful
E3w4x4rVcAERZAr.jpg,@DCP_CCC_Delhi Sir would like to report phishing sms. Attaching the screen shot https://t.co/mCCQ5rhtjQ,Dear customer your SBI A / C has been Suspended . please update your KYC Click here link submit your details http : // 9783de79117b.ngrok.io/ sbibank,en,phishing-account alarm,harmful
EvvF1pfWgAArASg.jpg,"@RoyalMail I have received a SMS 
Can I assume it is not from you and is a scam?  I have nothing due to me.  Obviously I have not opened it and have blocked the number. https://t.co/Y9NoBgEsnK",Your Royal Mail parcel is awaiting delivery . Please confirm the settlement of 1.99 ( GBP ) on the following link : https : // idparcel - updates .support / Royal Mail,en,scam-delivery,harmful
ESrKKAPX0AEJUGJ.jpg,"Fraudsters targeting people who are affected by the collapse of Flybe. The scam message (below), sent by email or SMS, appears to be from NatWest providing a link to a fake website to claim money back. Contact your local police station, Action Fraud or the Office of Fair Trading. https://t.co/aBHEMfvQkl","Hello As you will be aware Flybe have gone in to administration . If you are affected by this and paid using one of our Credit or Debit cards , please visit our website natwestinternational.com and click on ' find out more in the Flybe banner for more information and guidance on how we can help you make a claim .",en,scam-credit/debit card,harmful
EOi_f_dU8AAWQ10.jpg,"Message received regarding expired KYC today.Clearly a fraud as i do not have any dealing with Kotak Mahindra in any form. Snapshot of sms so that bank can takeup appropriately,to prevent any customer falling in trap @KotakBankLtd @udaykotak https://t.co/kPuz9t4vff",Dear Kotak Mahindra Bank KYC has been expired Contact customer care no 8478084571 immediately call now your account will be blocked within 24 hour,en,phishing-account alarm,harmful
E3qZT84WEAIiv3c.jpg,@Cyberdost @MahaCyber1 Pls check this fraud SMS. Thank you 🙏✌️ https://t.co/Eu7VJ8zlyi,"Your Paytm amount Rs . 34,939 is credited to 9757464456 Download and Register now d1m.in/qrsd61",en,scam-financial,harmful
Ezqq-IvWEAsyXF2.jpg,"@Hermesparcels @actionfrauduk  @TakeFive 
Fraudsters using fake Hermes delivery SMS messages to scam peeps again🙄
Be on your guard everyone! https://t.co/v6432fLTwR",Hermes : Oops we missed your delivery today . To book a redelivery please visit https : // myhermes.ref791.com Your parcel will return to sender if unpaid .,en,scam-delivery,harmful
Esjd0AUW8AAHvxQ.jpg,"@telenorpakistan 
Another fraud sms on telenor network

My number is 03455566415 https://t.co/TV9fqIS7uA","Rs 2,000.00 on CNIC : 3430252131356 sent from Easypaisa Biometric Agent.fatma bibi TID : 007835273921",en,scam-financial,harmful
Du6_a_sX4AEjxqi.jpg,"Targeted user for fraud, till user order details leaks from Ecommerce websites @snapdeal , have to punishment who are leaks user data from the database. Fake sms and calling from number detail attached, lots of people without verification trust them. @CIDWestBengal @WBPolice https://t.co/ztX0X1rBTT","Welcome to you Snapdeal online shopping pvt Ltd.co. Dear sir , Congratulation your product ordered . home shopping result are out your name has selected in the luckky draw.you have two options 1 st is Tata safari 2nd is Payment of Rs 12,60000 / - The charge of ( REGISTRATION ) Service is RS - 8500 / - The charge of TR paper charges only RS - 12600 / valid upto 21/12/2018 for more details contact us at 07484946511 details 24X7 Toll free no , 180030109389 2 SMS 9:14 am",en,scam-financial,harmful
ECo24lgUwAAxpma.jpg,@cars24india @TRAI @vikramchopra Cars24 least care how they treat people once they get your number. Mental trauma and agony starts after that. They do not even care for the rules and guidelines laid by TRAI.DND is just an eye wash. Another spam sms from them. https://t.co/neQYI2fB6G,Get your CAR INSPECTED for FREE today and know the best price for your car @ CARS24 https://bit.ly/2HQmOk4,en,spam-promo,harmful
EFJ92oUVAAE2yKm.jpg,"It&#39;s crazy, there are people who really intend to scam Apple/iPhone users. This afternoon I got an sms like this https://t.co/rAPodVx2Hl","Your Apple ID has been locked for security reason , please visit : https : // idapplecs.page.link )  . CS910381003 and verify your self .",en,phishing-account alarm,harmful
ERzML_AWAAICB_t.png,I got my first SMS/text spam. I guess @NAPAKnowHow is into SMS spamming now? https://t.co/93Bf3JitkK,"Today , 11:33 AM 1 of 2 FRM : NAPA AUTO MSG : Don't you wish to earn more than 400 $ extra income weekly Why delay ? Get  started by applying our sticker on your ( Con't ) 2 of 2 vehicle to start getting paid . Send  YES for details now ( End )",en,spam-promo,harmful
El9ZnGJUYAEr6kx.jpg,"police r u taking any action on this of Scam by fraudster? last time i reported here on Oct 09th and now again for second time i.e.,Nov 04th i  Received this Via Normal SMS. Please look into this...
@CyberCrimeRck
@CyberCrimeshyd
@cyberabadpolice
@cpcybd
@hydcitypolice
@CPHydCity https://t.co/z7D6NzOb18",we are finding one fraud ( chorr ) person name- V Bhanu Chander have taken moneed company loan and overdue by 300 days .Father name is veeramalla srinivas . please tell him to pay moneed loan and police is finding him call 9866969789 Receive from SIM1 Cellone 10:30 AM,en,scam-financial,harmful
Dp7LtvTXgAAiOzs.jpg,First time a spam SMS asked me how I am. Feeling overwhelmed. https://t.co/PrN6L7Fg4Z,"Hi , How RU . FY / SY / HSC Failed . Don't Worry . Complete TY in 3-6 Months.BA , BCOM , BBA , BCAM BA , MCA , M.TECH , B.ED . 100 % Success . Authorised University.Cal Uday - 9653699116",en,spam-promo,harmful
Ew06IPTUYAYbAS0.png,"From last year, look for Pn Juliati, xsure scam to what 🤣 ... sbb xpernah know spe Juliati ni 🙄🙄🙄 sms is not normal ... there is no way to report scammer cmni https://t.co/Qjs5lLWZ21","Tn / Pn JULIATI BINTI JUSOH , we still havent received the pymnt for your TM final acc U600323215510 RM868.25 and TM will initiate legal action . Call 0162164679 for info . Pls dsrgrd msg if pymnt has been made .",en,scam-financial,harmful
D-BkLN1U4AAQAPJ.jpg,"Oh thanks @UnitedAusParty, now spammers have caught onto your sms marketing idea. I don't care if it is irrational to blame you. For me, you did it first. #spam https://t.co/tRU1VMqdak","Selected as winner of £ 6,500,000 on BET365 Promo . Go to www.na65.net to claim .",en,scam-prize,harmful
E3Gn6-MVUAEY-Re.jpg,"⚠ CYBER FRAUD SMS message alert ~ @airtelindia @Airtel_Presence @Cyberdost @DCP_CCC_Delhi
@CellDelhi @DCPSouthDelhi

Request you to pls investigate and take action against cell # 9931820116 and tel # 8001104837. See attached image. Thanks. https://t.co/2loNiQ0bbS","Dear customer your Airtel sim Number has been b - locked for 24 hrs please Ekyc Update submit Addhar Card Today please call customer care : 8001104837 im , mediately 12:37 PM",en,scam-account alarm,harmful
EgCZ_8lXgAEQW0k.jpg,"@ee another spam sms came through - reported it to ofcom, but 7726 doesn't work for me. https://t.co/JWyrtfvEgY","MyEE : We were unable to process your latest bill . In order to avoid fees , update your billing information via : https://ee.billing-infoverify.com/ account",en,scam-account alarm,harmful
EOyWCmyX4AA07cI.jpg,#Paytm #Fraud SMS https://t.co/0wZ2TlxCEx,PAYTM Dear paytm customer your KYC has been suspended.Paytm office pH 6295957449 call immediately.Your account will blocked within 24 hours.Thank you paytm team,en,scam-account alarm,harmful
Eq08GvDXUAMhnpD.jpg,FRAUD FAKE CORONOVIRUS SCAM SMS TXT TO STEAL YOUR BANK DETAILS FOLKS . ITS NOT GOVERNMENT ITS FRAUD . https://t.co/4HhDsBGzI8,GOV - UK : We have issued a payment of £ 258.76 to all residents as part of its promise to battle COVID - 19 . Please visit https : // grant - cov -19.com to apply,en,scam-covid,harmful
Ei2fUKhX0AErpbX.jpg,I appreciate the personalization that went into this SMS scam. My mechanic did once tell me that I look Jewish. https://t.co/VMfrZeXpiW,"Shalom , urgent notice for the USPS delivery 3R58D3 from 05/15/2020 . Go to : sm4x.info",en,scam-delivery,harmful
Ers5xcKUYAMAe8E.jpg,"CERTFA reports that Iran's Charming Kitten (APT35, Phosphorus) group was behind an SMS spear-phishing campaign over Christmas https://t.co/lP0qn3Ml5q https://t.co/yk9pfh4Csu",Google Service : Dear Congratulations ! Your Google account has been recovered successfully less than an hour ago . Please confirm your identity using the following link : https://www.google.com/url ? q = https % 3A % 2F % 2Fscript.goo gle.com % 2Fmacros % 2Fs % 2FA Kfycbw3 || DYJI6rF6EzKCxLhgD GnSLOlxYK5KVVdUJVeZVUOQO W WB % 2Fexec % 3Fesubject % 3D % 26eto % 3D,en,scam-account alarm,harmful
Edi6sszU8AEn_ge.jpg,"Regular I get a sms on my phone for Paytm kyc update by fraud team be careful
@consumrconxion
@consumervoicein
@newproblem
@consaff
@ufteryou
@jagograhakjago
@jagograhakjago_
@consumercourt_
@thebharatseva
@consumer2court
@babagolmaal
@bhonpu_news
@just_outspoken https://t.co/EVNskHUcEy",Dear Customer Your PayTM documents Has been expired Today.Please call us 7866037046immediately . Your Account diactivated within 24hrs . Thankyou,en,scam-account alarm,harmful
EDcIld5U8AE2NsY.jpg,"@BSSN_RI @TMCPoldaMetro I&#39;ve been like this. Around 1 o&#39;clock a few weeks ago in the spam sms like this. Not only from oyohotels, from other applications as well. But I don&#39;t respond because this is a fraud fix. https://t.co/Z5oG2EmYuR","- .. s your OTP ( One Time Password ) for logging into the OYO app . For security reasons , do not share the OTP .",en,scam-other,harmful
DUKrPinXUAAN8V6.jpg,@amazon looks like someone is sending out some sms spam on the back of your brand. #bookwriters #spam https://t.co/enojHi9bep,Last 2 Hrs Left to Activate your 85 % Amazon Coupon for your Book Writing & Publishing . Click Here book-writers.com to Activate Now .,en,spam-promo,harmful
EESLPNbWsAE1smA.jpg,"@Paytmcare this evening i got a call from this number, stating that calling from paytm customer care. He told me to please click on link shared in sms to get 1205. When I asked some details then he disconnected the phone. Seems like some fraud going on. 
Please investigate. https://t.co/UUxbBfmRLq",Welcome to PayTM your KYC done successful your wallet get 1205 rupees kyc cashback in wallet click in link and login your http://6c0bc0d8.ngrok.io/ paytm,en,scam-financial,harmful
ENsHIXqU4AMHwSG.jpg,"@Paytmcare Ihv got SMS from  similar wards like paytm. someone using yr popolar name for money related fraud.
Aware paytm customer from such SMS. https://t.co/MjIYV8w5O3",Dear Pyatm Customer your Pyatm KYC has been Suspended.pyatm Office PH 9971559199 Immediately.call your account will block within 24hrs .,en,scam-account alarm,harmful
EnxJZRAVcAAGx2-.jpg,Dear @att do you think you can do something about this kind of phishing by SMS? Or nah? https://t.co/g9OPRObYZj,Your Netflix account will be locked because your payment was declined qvo5j.com/VYOCGL2SUT,en,phishing-account alarm,harmful
ElewPYcVcAATv1g.jpg,"@aduanBRTI mean, every day I get sms, how can I be safe from Spam like this? https://t.co/GAKfrZTOZB","4YO G4BUN6 !!! PRO6R4M 1NV35T4S1 600rb GET 7jt 1jt GET 15jt 1,5jt GET 32jt 2jt GET 40jt 4jt GET 80jt 5jt GET 95jt Info klik : www.recoverydana 98.com",en,spam-promo,harmful
En9yivLUUAAdTJZ.jpg,"I strongly suppose this SCAM SMS message is due to the leakage of my personal information from @Ledger .

Scammers know not only my name and phone number, they know I'm using Ledger hardware wallet. https://t.co/6VxVxb96C8","My name Withdrawal request from new Device , ( IP Russia , Moscow ) . View , Edit or Cancel : ledger.com-device.id ■ .app / / activity",en,scam-account alarm,harmful
EZV3u8vVAAACUse.jpg,@Paytmcare received fraud sms regarding paytm kyc as stated in below pic request you to report about it https://t.co/7kB9K35aSj,Dear PAYTM customer your KYC has been suspended . To Verified PAYTM KYC call 8389901867 immediately . Your account will be blocked within 24 hours,en,scam-account alarm,harmful
EHUI3pDWwAEY3t7.jpg,@LEVIS I'm happy that your store has opened but spamming me everyday with multiple SMS won't make me run to your store. Please stop the #spam. https://t.co/5CofyRLbCz,"Your favorite Levi's store in Select City Walk Mall , Saket is NOW OPEN in an all new avatar ! Get exclusive customized Levi's trucker jackets and jeans at Tailorshop . T & C To opt out call +919986452499 .  Celebrate Diwali with Levi's . Get an ANTI THEFT BACKPACK on purchase of Levi's apparel worth Rs.7999 or a DUFFLE BAG ON purchase of Levi's apparel worth Rs . 13999 , absolutely FREE . Also , get an assured GV worth Rs.500 on all purchases . T & C To opt out call +919986452499 .",en,spam-promo,harmful
EnZ-gsPVoAE2Rlp.jpg,"@KotakBankLtd  Looks like phishing  sms using kotak identity, please verify and take action. These fraudulent attempt to obtain sensitive information. https://t.co/SCwvvcDkME",Dear customer your KOT.K MHINDRA BANK A / c will be close . Please complete your verification . Please click on this link https://bit.ly/2UQEDE4,en,phishing-account alarm,harmful
EDtBFADUEAEq48q.jpg,"@BlrCityPolice @PIBHomeAffairs @CPBlr @Airtel_Presence @Cybercellindia 
Possible ongoing IT fraud.. received few sms which are clearly attempt to fraud. Request you to please look in to it. https://t.co/mqQzIbc6ep","Your pension Rs . 70,000 can be approved under Yojna . Click Here https://wow.link/eP6",en,scam-financial,harmful
EImtmbyU0AIDj1G.png,@riteshagar @oyorooms the number times you've said that you've removed me from your SMS list is insane. I still keep getting it. Time to spam back. #OyoSpam https://t.co/n4lUzRHHw2,"OYO LIFE Diwali Dhamaka ! RENT FREE OCTOBER !! Book using code OCTFREE , move - in between 15-27 Oct to stay free for rest of month . Visit : bit.ly/2mviRZ7 T & C apply",en,spam-promo,harmful
D5JE_kTUwAAGthf.jpg,@tatatrusts @RNTata2000 @TataCompanies @TataPower below is the SMS I received and link which gives me a opening in Tata Company.... I know this is fraud but how can come one registered on TATAHR send people message... Pls have the needful done... https://t.co/BHT5ex0lnF,URGENT CALL - 7300640719 You are short - listed by Company . You will come to Company . Please Download LETTER by Link - WWW . 6565464545.blogspot.com,en,scam-other,harmful
EW6nzPdUMAI4Csa.jpg,"@IndianCERT Received SMS and it looks like fraud, possibly many people would have received this and your team can stop them by taking some action. Could you please look into this? #Fraud #SMSFraud #FraudAwareness https://t.co/W7li6SmBMq","Dear Customer , Your P - team K - Y - C has been Suspended . call us 7866893582 immediately . Your account will blocked within 24 hrs . Thank you .",en,scam-account alarm,harmful
EAOjA2QXoAAC5K2.jpg,PF'S SPAM SMS CAMPAIGN TO THE ZAMBIAN PUBLIC https://t.co/F3qTr7deDp https://t.co/UKjRsy0kEg,We have the responsibility of developing our nation ; Let us all contribute to the betterment of our country . Airtel 17:14,en,spam-vote,harmful
D__vGmpXsAIPpJR.jpg,"@etisalat @dutweets +971 56 949 0280

These person was trying phishing attack, he even sent me sms messge spoofing emirates ID. Please put these unscrupulous people where they should belong https://t.co/Rd6z6RfDet","Dear customer , your application number 800 the name of  o - been verified . The issuance of the identity card is under process , for more information please visit www.ica.ae",en,scam-other,harmful
EZodmxmXgAEa6Y9.jpg,"@BSNLCorporate 
@TRAI 

Dear Sir/Ma'am, 
     I am receiving two spam SMS daily from BSNL which is very annoying. 

I don't even use BSNL.

Below is the picture of the spam SMS.

Kindly stop it, this is non-sense❗❗❗❗ https://t.co/Pwxjn1EzkR",BSNL has installed Quality Telecom Network in the country & now focusing on improving it .,en,spam-other,harmful
EO0ezUnU8AUg8AT.jpg,Attempted fraud @Paytm from BP-PTMKYC! @DelhiPolice @TRAI These fraudsters are using this bulk SMS service. I need to see action against them asap. https://t.co/OWGlSQau1T,Dear paytm customer your paytm kyc has expired contact customer care No - 6291555763 immediately . Your account will block within 24 hr.thank you paytm team,en,scam-account alarm,harmful
ATa6QOHiWC_tseuL.jpg,"Another sms #ScamAlert  #scam. Looks like a genuine #royalmail text but isn’t, and you can see this if you press and hold the link to view it. https://t.co/WM6idhWfCK","Your parcel is being held at our depot due to an unpaid £ 2.70 shipping fee .  Please pay the fees before Saturday , 06 February 2021 otherwise the parcel will be returned to sender .  https://royalmail.co/ schedule - delivery / ? GV666230065GB",en,scam-delivery,harmful
EmDDoI9XIAIo3s7.jpg,"A SL resident sent us the screenshot below of a phishing scam purporting to be a #Coronavirus update. The Scottish Government have a SMS update service for people shielding but you have to sign up. If you get this text, delete it #ScamShare #ScamAware https://t.co/zGLcvSJhvR",Important Coronavirus update in your area http://bitlynow.com/ MTM1MTAyNg,en,scam-covid,harmful
EAUf-jAXkAAo72t.png,"Another Tax Refund Related Scam!
Why are SMSs and websites like these allowed?

Scam site hosted and registered via @Namecheap 
SSL by @SectigoHQ 
SMS sent to me via @ThreeUK

#Fraud @actionfrauduk @Nominet #ScamAlert @googlechrome https://t.co/iz1FfRR9PH",DVLA : You are eligible to receive a tax refund of 805.07gbp Please submit your request via uk - refundfina.lgive - back .co.uk / gov,en,scam-tax,harmful
Dv4xPswW0AAlrsR.jpg,"STOP SPAM @MTNzaService

Nearly 30 spam sms between 1 Dec and now. GO AWAY! I'm an @Afrihost client. Please help me unsubscribe from this bull https://t.co/q5RuicZU8z",#wegotu this SUMMER with 500MB data + 100MTN - MTN minutes for only R65 valid for 30 days . Dial * 142 # & select SummerSurprise for daily & weekly deals now !,en,spam-promo,harmful
EX4zCMNWAAEn9DE.jpg,@DVLAgovuk - I received this scam SMS this morning. This appears to be from Russia. https://t.co/JtpSKnYyiQ,"DVLA : Due to recent calculations , you overpaid us by 203.07 . Please follow the link below to process your repayment https : //dvla.refund-form347 .com / ? c = 2",en,scam-financial,harmful
DddX35JXkAAI0Mc.jpg,@Paytm @Paytmcare Received a fraud sms today in ur name...u people need to keep a check on such things. Here’s the screenshot of that sms https://t.co/EPHmvDimyO,Dear sir Congratulation You are product order Paytm mall company At Paytm mall shopping tv show the results are out in Paytm mall Your name to open the luky drw Tata safari cost RS = 1260000 at The charge of your REGISTRATION Service payment RS = 7500 Details contact = 9534569495,en,scam-prize,harmful
EokuFxGWEAgjDAe.jpg,Big wave of scam not SMS for a few hours targeting Ledger Wallet holders. @Ledger https://t.co/GuLV4Mf1rz,Your hardware wallet has been deactivated . You are required to pass verification due to the new KYC regulations . ledger.com.device.id.756728.app/ verification,en,scam-account alarm,harmful
D_nu-wGWkAIkrfH.jpg,Anyone in #Bahrain who received an SMS from #Netflix about a problem with payment DO NOT OPEN THE LINK. It's a phishing scam designed to steal your CC info. https://t.co/t17bGOxwWZ,Oups .. Trouble with your payment ! Update your billing informations on the following link : http://bit.ly/2NXMRda,en,phishing-account alarm,harmful
EhYpwugWsAAE6xR.jpg,Heads up people there is a fake sms message going around claiming to be from @PayPalUK DO NOT click any links in the message this is a scam @northumbriapol https://t.co/BeX24d0IM8,ALERT : A suspicious login to your PayPal was made in Manchester on 7th of AUG at 5:49 PM if this was not you immediately visit : https://user-id214.com,en,scam-account alarm,harmful
EIMgXqhXkAAe025.jpg,@shekharz1967 recieving  daily calls n  sms  for depositing money in sbi ac 38321852473.Reported the same to ur @TheOfficialSBI . The guy keeps calling stil.Local Sbi confirms that live transactions in the a/c.Are these kyc enabled accounts . Hw to report fraud #vigilanceweek2019 https://t.co/9lgn32eGXM,"Diwali Dhamaka Offer ( Congratulation ) You Are Winner Of Shopclues Company TV Show Online Shopping Centre You Won The 1st Price Tata Nexon Car Our Amount RS - 6,90,000 Please You Have Pay Company Registration Charge -RS -6,500 ( In State Bank Of India ) Date 24/10/2019 Deposit Details For Contact Me Helpline Number Toll Free 1800-313-3226 WhatsApp Number 6289311957 LOGIN WWW.SHOPCLUESONLINEWINNER.IN",en,scam-prize,harmful
Dlt59wfW0AIDYZy.jpg,"spam sms received on @Vip_mobile postpaid number, it is not possible to respond to the number from which it was sent https://t.co/l2PvZxtAnm","THIS MOBILE NUMBER HAS WON $ 450,000.00USD FROM SMLPRO REF # 48020 , FOR INFO CONTACT MR . ANDREW WITH YOUR NAME , ADDRESS AND NUMBER TO EMAIL : FCENDEPT@GMAIL.CO M.",en,scam-prize,harmful
DZMYV73XcAA-gKm.jpg,Just came to know I will be a millionaire if I follow the instructions of this Scam SMS.. Many Innocent get trapped in such misguiding messages. @PuneCityPolice https://t.co/DrvuuezXwV,"YOUR MOBILE - NO HAVE WON 4.6 CRORE RUPEES FROM SAMSUNG GALAXY PROMO , TO CLAIM SEND YOUR NAME AGE ADDRESS MOBILE - NO OCCUPATION REPLY TO : samsg0238įgmail.com  YOUR MOBILE - NO HAVE WON 4.6 CRORE RUPEES FROM SAMSUNG GALAXY PROMO , TO CLAIM SEND YOUR NAME AGE ADDRESS MOBILE - NO OCCUPATION REPLY TO : samsg0238@gmail.com",en,scam-prize,harmful
DkkRY5nWwAAYjZ5.jpg,"@Dominos_UK Every time you send me an SMS the number is question changes. This makes blocking impossible, it's outright spamming. I've sent a written letter to the ICO. #spam #Dominos https://t.co/qRhwxxACuD","Domino's Wolverhampton Two for Tuesday Buy 1 Pizza Get 1 Free , Every Tuesday Tel 01902331133 or @ dominos.co.uk T & Cs OptOut STOP TO 07860020301",en,spam-gamble,harmful
D6nhIIrWsAA-wzJ.jpg,Spam SMS marketing fail https://t.co/vZ0I8W8chS,"#Mark White NIC launch #Going all out #Witkoppen Rd , Fourways #Free Service Plan Upgrade T & C #Fantastic deals #Food , coffee , entertainment # 011-4656263",en,spam-promo,harmful
EMhXgpiVUAAF5zz.jpg,This is an interesting new take on spam / phishing SMS - using a human name for the sender. https://t.co/hL3ZYXRHCj,Jennifer sent you the wrong link last week . Sorry . This is the correct one http://ptrnh.com/3115,en,scam-other,harmful
EDCpQZ1XUAIPzCJ.jpg,"@Paytm @PaytmBank 
A fraud call came to me for cash back offer.A fraud link is in the SMS.

Please take action . Its urgent otherwise people will share their username and password . 

I have shared the fraud call number in screenshot! @PaytmCybercell https://t.co/kTURnxrS5Z",Welcome to paytm payment bank your kyc done successful in your wallet get 1000 kyc cashback click in link and login your paytm https://2a3d41ec.ngrok.io,en,scam-financial,harmful
EODh6VpU4AU7aCn.jpg,"@JioCare @reliancejio @TRAI @DoT_India  @KotakBankLtd @Buddyloan_in  why after so many complain complain with Jio and DND Registered getting regulat Spam message , And From @KotakBankLtd  Sms got to much frustrated weakly getting 2 3 massage from @KotakBankLtd https://t.co/zEI00o7tLF",PAN + Aadhaar + 5 mins - Instant Personal Loan Approval Get up to 5 Lakhs Instantly ! Apply Today http://gfdk.in/s/GA400 JUrco,en,spam-loan,harmful
EzwfIM6VcAEBfAf.jpg,@CelsiusNetwork I just got a scam SMS https://t.co/rxIAGR2sQY,"To celebrate the release of the new Celsius Web App , HODL your crypto with the Web App and receive up to $ 2,000 in bonus : https : // celsius.loan/",en,scam-financial,harmful
Ev3VtO2VcAIaYrQ.jpg,And many more spam sms https://t.co/pPy082sTOy,"2200 SqFt - 4 BHK In DLF Garden City , Gurgaon At Rs 1.25 CR onwards With Terrace , Basement Call 9311015437",en,spam-promo,harmful
DZw6r86XkAAmUZC.jpg,"Oh, this is tax season and scam sms from “HMRC”. @ThreeUKSupport could you please sort it out? https://t.co/yCb8fwLkSa",You have a pending payment of 265.84GBP from HM Revenue & Customs . To proceed please fill your form below . govuk.ref7911.com,en,scam-tax,harmful
EuGtfkjXIAElqq0.jpg,Received pretty credible phishing SMS this morning purporting to be from @RoyalMail . Was expecting parcel so clicked through not thinking... https://t.co/WlJB0PW1hf,"Your parcel is being held at our depot due to an unpaid £ 2.70 shipping fee .  Please pay the fees before Monday , 15 February 2021 otherwise the parcel will be returned to sender .  https://royalmail.co/schedule delivery / ? GV670517065GB",en,scam-delivery,harmful
DWN-6C3VwAA0hiD.jpg,Yo @getwalnutapp ... I uninstalled your app 'cos I found no worthy use of it to manage my expenses. But that doesn't mean you can send me an SMS with fraud payment reminders. Who the hell signed off on this dumb idea? https://t.co/I59oi47Cn9,Bills due next week 24 - FEB - 18 AIRTEL 80 21 - FEB - 18 LIC 29 Track your Expenses & Bills with Walnut - One App for All Banks http://wnut.in/GetBillAlert,en,spam-promo,harmful
EmajHh4XUAESBfI.jpg,@HalifaxBank - sms scam alert impersonating you. https://t.co/D4QBMISocK,HALIFAX ALERT : A payment was attempted from a new device on 09/11 at 18:19 . If this was not you please visit https : // . halifax-online-verify.com,en,scam-account alarm,harmful
D0PU0KWWwAAJGhI.jpg,@airtelindia @Airtel_Presence why can’t your intelligent network filter these obvious Spam SMS? One from someone on behalf of @YESBANK https://t.co/8dtGV45N8Y,YES BANK Personal Loan New Rates 10.75 % IF YOU HAVE Other Bank PL Transfer 11.99 % We Do NON - YES A / C HOLDER ALSO TO APPLY CALL Tamanna 8050136546 T & C,en,spam-loan,harmful
EOTyvsrWoAALDkB.jpg,"Aren’t we super lucky, my wife and I both received this SMS today, I wonder if I should click the link and possibly give my bank account details to receive the money from @Argos_Online #phishing https://t.co/10rfGHMSeZ","ARGOS - Congratulations , you've won the £ 500 gift . Your gift is valid until Sat 18th  January : https://bit.ly/ ARGOS - 36VWfCW",en,scam-prize,harmful
EXrAzRyXkAA34aV.jpg,"Nice #SMS #scam from someone pretending to be @O2 this evening. Don't click, #StaySafe. https://t.co/7jWp65MYSJ",02 : Payment for your latest bill could not be processed by your bank . Please update your payment information via : https://myo2.bill210.com?02=2,en,scam-account alarm,harmful
Ev3Vt5DVoAIz3Lx.jpg,And many more spam sms https://t.co/pPy082sTOy,"Tenant : Yo CHINA Price : Rs 2.75 CR , In Gurgaon Lease : 9 Years Rent : Rs 1.27 Lac Monthly Call 9711895280",en,spam-other,harmful
Es9TJ-aU0AMHgtu.jpg,"@pnbindia please look into this as I don't have any PNB bank account but received this type of spam sms. 
@Cyberdost @dtptraffic  please look into this as this looks like fishing sms. https://t.co/ffeq9T4RSq",Dear customer your PNB BANK A / c will be close within 24 hr's . Please complete your verification . Please open this link rb.gy/crua29,en,scam-account alarm,harmful
EIR4Er5XsAAOX_J.jpg,"@idea_cares Why am I receiving all these spam SMS inspite of having full DND on my number? Please stop these kind of SMS from ""GREENA"". https://t.co/4dRn6rJfOt","We have $ 25,000 transaction on your name . Check here http://bit.ly/Transfer-Money",en,scam-financial,harmful
Enrc987XUAAcZ6D.jpg,"Everyone want to have some fun F*ckling with a scammer?

Spam the shit out of this number!

Use a burner SMS!

1 (803) 459-7482 https://t.co/xifK3jhUcf",Your Netflix account will be locked because your payment was declined qv02g.com/,en,scam-account alarm,harmful
DtTcLbtU0AEQBqG.jpg,@KolkataPolice  Fraud call /sms in the name of paytm. Look into this matter @Paytm @Paytmcare https://t.co/HTsnzH36fh,"Dear coustmer , you are the winner of PAYTM.COM online shopping company wine the prize ( TATASAFARI ) which cost is Rs : 12,40,148.00 .The charge of you Registration service charge Rs 6500 rupes only . This is valid Today know more for details contact at Helpline no : ( +91 ) 9073869783",en,scam-prize,harmful
D5hJlaJW0AEdvLc.jpg,"Note this very sophisticated SMS scam @Suncorp - scammers had my full name, my telephone number and a very realistic looking link. The SMS came from ‘Suncorp’ https://t.co/razkjaSVlu",your account may be suspended . Please complete verification steps : http : // verify.suncorpbank.link,en,phishing-account alarm,harmful
DkelapoX0AAp1Ot.jpg,@Airtel_Presence  sir do you send any SMS to subscriber who wish to PORT their number. I have received now and it seems to be fraud. Please check. Screen shot attached https://t.co/Qid5L2ODXX,"Dear Customer , we have received a request re garding your Airtel num ber 9897445438 from a non - registered email ID . Please click here http : // srkl.in/6000Blkobs to authenticate your ac count and help us process your request .",en,scam-account alarm,harmful
ExIKqEwVEAAwM0o.jpg,There is a similar scam in Australia with Australia Post deliveries. I received an SMS with a link to a fake Australia Post website where I was asked to pay $3.30 for what I knew was a free package delivery. Had I done so they would have cleaned out my account #AustraliaPostscam https://t.co/VUoaI63GFq,is waiting at our distribution center . Authorization is required to complete delivery : sz5np30.site/Tejx,en,scam-delivery,harmful
EMeVUeQWwAAzr-7.jpg,Received a scam SMS pretending to be  @lunomoney. Please be careful everyone. #bitcoin https://t.co/F6LXxCqEAW #SpamShame https://t.co/zoh82p48X7,Visit http://bit.ly/34QnQDV to validate your Luno Account on the 2020 TSL / SSL Server and keep your Account Active to avoid Wallet de - activation .,en,scam-account alarm,harmful
EF7QA1qUEAM6Z5r.jpg,"@IncomeTaxIndia have a look at this SMS, looks like phishing attempt https://t.co/bmAcNJ0SMs","Important Alert ! Dear Mahipal Singh Panwar  the Incometax_Department requires you to click the link below to submit a formal request for the payment of your unclaimed and overdue tax refund of 19,150INR . http : // 178.159.7.14/ITRef",en,scam-tax,harmful
Eu0qYYnWQAEBEg7.jpg,"Na wa oo, just because I complained about zenith bank taking #824 for SMS charge, this one thinks he can scam me. 

Zenith bank customer care with 2 followers😂😂I was about insulting the hell out of the person’s life before he/she blocked me. https://t.co/UFqXt1pkNQ",Kindly send us your Zenith Bank account number to enable us review your complaint and assist appropriately . Thank you !,en,scam-financial,harmful
DpUn2nnW0AAF5ZT.jpg,I'm concerned about growing number of identity theft via #SMS #scam - here is another one today from @AppleSupport #iMessage supposedly asking to sign into secure-ios website ? Really? I'd count my lucky android stars... https://t.co/tWiV9ovjH8,The ID associated with this number has been locked for security reasons . Please follow the link to unlock your account,en,scam-account alarm,harmful
EM8SXw6VAAIYKma.jpg,"@Airtel_Presence @TRAI Continuous received spam SMS
I hope @airtelindia @TRAI will take action immediately. https://t.co/K2LBZ0NUIB","CELEBRATE NYE 2020 DJ PARTY AT SHAUKEENS ALIGANJ EAT DRINK DANCE HURRY UP AND GRAB YOUR PASSES NOW TO AVAIL SPECIAL DISCOUNTS CALL 6390340012,6390340013",en,spam-promo,harmful
Ecav1PMXkAEu1a4.jpg,I really need these SMS spam bots that have been texting me to relax. https://t.co/quwx7BoBDn,"Today , 12:37 PM Hi , Take off Skin Tags , Moles , Acne , Scaring & others Unsightly marks . Results within 8 hours . htt p : //ynaatjerp.com/ojnZt98y . stop = stop",en,spam-promo,harmful
E4k6_8hVEAQ9AAY.jpg,"Ahh, SMS Spam. #LOL #IRSBidenCrapSpam #PhishingAttempt #DontClickLink #ProarilyMalwareSo 🤷‍♂️ https://t.co/YeZf3BpHtT",Biden announces he wants up to 43 % of your retirement gains . 2021 IRS Loophole may be your only way out https://link.goldco.com/loophole Reply STOP to opt out .,en,spam-other,harmful
EzAFvDkUYAksmLR.jpg,"Weh @MaxisListens, Don&#39;t spam your customer&#39;s SMS. SMS people but off function reply, ape has a bad temper, macamame I&#39;m like reply maki back. https://t.co/gVm6scK2yV",RMO . Personalize your caller ringtone with CRT Hits at only RM3 each & renewed at RM2 / mth each . To activate You ( Various Artists ) dial * 131 * 680807 # . this is how you fall in love ( Chelsea Cutler & Jeremy Zucker ) dial * 131 * 680780 # .,en,spam-promo,harmful
ErLGNtJUUAEYrXk.jpg,"‼️ Scam alert - free giveaway‼️

Don't be tricked by an SMS claiming you've won a gift for shopping at JB Hi-Fi last year - it's a scam to get your credit card details and sign you up to a subscription streaming service: 

https://t.co/pzQ54bAW33

#wascamnet https://t.co/0EAxXxGjg8",! You made a purchase in our JB - stores in 2020 and entered our draw by doing this - You have won a gift : beOq.me/ 58 L5,en,scam-prize,harmful
D-CxtAFWkAAcXYh.jpg,"@Cybercellindia @PMOIndia : got a spam SMS from this organisation, got a call just now from +918709767280 threatened with dire consequences.. pl chk https://t.co/sFy45KP5jw","Dear Customer Con gratulations ! Snapdeal online shopping Pvt.Ltd Company . You Have Win 1st Prize ( Tata nexon car ) Amount Price is Rs 7,50,000 / - You Can Take Your Prize Pay Service Charge Tax Rs - 7,500 / Deposit on 27-06-2019 Contact For Details Helpline no - 6289195538",en,scam-prize,harmful
EGGeqC-XkAEMwHA.jpg,"@RevolutApp morning, just got a sms like this and I’m sure it’s a fraud. Didn’t touched the link but wanted to let you know. https://t.co/ukIyYr0xeJ",REVOLUT : Your authorisation code is : 108-691 - If this was not you please confirm your details via : www.online security.icu,en,scam-account alarm,harmful
E10zNc6UcAM8QW3.jpg,Just keep going.... why ask us to report spam sms to @myXLCare? Does that have an effect? https://t.co/vGrOrS6vtO,"FOREX SAHAM ONLINE 600rb GET 7jt 1jt GET 15jt 1,5jt GET 32jt 2jt GET 40jt 4jt GET 80jt 5jt GET 95jt 7jt GET 120jt u / info lanjut : www.tradingforex-saham.com",en,spam-promo,harmful
D3x2tizW0AA7pVD.jpg,@santanderukhelp just wanted to report a (pretty poor) sms phishing attempt https://t.co/7YGxrR4wLH,"Santander :: We would like to confirm a transaction for 3480Gbp to B & Q stores , Please call us on 08006893523 . Z",en,phishing-financial,harmful
D427tixVUAANpGc.jpg,@WellsFargo SMS Phish going around URL is http://iebspoed[.]com Added it to Passivetotal Project https://t.co/NPqhGdmwft #phishing #malware https://t.co/bbm9cSV85i,FRM : wellsfargo - services MSG : Your account has been locked for your protection . To restore visit http://iebspoed.com,en,phishing-account alarm,harmful
EYy38BvXkAAm4ae.jpg,@RevolutApp hello received this SMS despite not having Revolut - looking at other replies seems it's a phishing thing rather then genuine https://t.co/HmtlAXlDWA,"Revolut authentication code : 883-288 . Never share it with anyone , ever . If you did NOT request this code please visit : auth-support.co",en,phishing-account alarm,harmful
DUkLq1xWsAIvP7H.jpg,"@NatWest_Help I dont have an account with you, so I easily identified this SMS as a scam. However you may want to alert your clients #scam #fraud #natwest #sms https://t.co/9OaPtK6SP3",Our security team have tried to contact you regarding your online account . Login via the secure link http://103.39.110.224 ) secure to avoid account suspension .,en,scam-account alarm,harmful
Etg-3GZUYAEHcCQ.jpg,"Dear @CPKolkata @KolkataPolice
Got this SMS Today.. possibly a scam. The number is from West Bengal.
Kindly look into it. https://t.co/ENg162uPAA",Congratulation you have become a winner in the 1st prize Tata safari storme by online shopping.this valid for one day.contact no : -7501357903 T & C . http : // onlineluckydrawlists .com,en,scam-prize,harmful
EcO-Ng8U8AAIZMd.jpg,"To all customers, please beware of such scam messages. BEADSOFBULLETS will only dispatch mails via singpost for NORMAL POSTAGE, to your mailbox.

Any tracked mails will be sent to your doorstep directly. Re-delivery can be arranged via email/sms.

Thank you! https://t.co/JbC9dkV484",Your delivery has been stopped at our delivery centre . ITEM : SG2956671 Resolve the issue here : u9g.me/,en,scam-delivery,harmful
D8rRI1UU0AEx-eZ.jpg,Getting phishing SMS for @NAB https://t.co/5KzIZxStHN,Your NAB account has been lock for unusual activity . Please log on to : www.nabofficial.com and follow the unlock procedure .,en,phishing-account alarm,harmful
E4ORNfZUYAQ0Ffa.jpg,"@TheOfficialSBI @RBI @CybercrimeCID
#CyberAttack #SBI
#fakesms #cybersecurity
#fraud #cybercriminals
 I'm getting such sms since from couple of days by different different phone numbers.

Sharing this info thinking that it will #Help you to #hunt them.. https://t.co/YJGiYvpizF",Dear Customer Your State Bank of India A / C will be suspended Please re - verify your KYC details . Click on link for KYC update https : // 4db3a2433d0b.ngrok.io/sbibank,en,scam-account alarm,harmful
EuIBTnbUYAIekvk.jpg,"Yet another SMS phishing attack on Royal Mail &amp; Lloyds customers. /cc @RoyalMail @LloydsBank 

#CyberSecurity #InfoSec #Phishing https://t.co/qqUPoz6fCd","LLOYDS : A payment was attempted from a new device . If this was not you , please visit : payee securesite.com",en,phishing-account alarm,harmful
EzrizuAXIAQaRvR.jpg,"Beware of a scam text message - purporting to be from a package delivery firm - that tries to fool users into installing malicious Android spyware ('Flubot'). As ever be very wary of links in SMS messages. 

BBC Tech News story: https://t.co/0PZ8XMJ65T https://t.co/x9xL6XQ4gE","DHL : Your parcel is arriving , track here : http://demo.mipunet.cn/a/ ? Irwlaoj8e066",en,scam-delivery,harmful
EOeaHfUXkAED2T3.jpg,Dear @Bitly what are you doing to combat phishing scams using your services? This fake @Argos_Online prize link in SMS has had 43 clicks already. https://t.co/6WZJ6kxD3F,"ARGOS - Congratulations , you've won the £ 500 gift . Don't miss out ! Your gift is valid until Sun 19th January : https : // bit.ly/ARGOS-3aii8hV",en,scam-prize,harmful
EvqWC7fXEAcJBtp.jpg,"⚠ ANOTHER WARNING!

Another report of people receiving scam notifications after ordering a PS5! This time it's an SMS message claiming to be from Royal Mail. DO NOT CLICK THE LINKS OR PAY THEM ANYTHING! These are a scam and people do fall for them! They have been reported! https://t.co/Wwhf5kigjv","Royal Mail : Your Package Has A £ 2.99 Shipping Fee , To Pay This Now Please visit : uk - royal - mail fees.com action will be taken if you do not pay this fee .",en,scam-delivery,harmful
EL-QleFVAAAzvIW.jpg,"@Paytm , 
This is fraudulent SMS, I received today. It pretends to be coming from PAYTM, but note the spellings.

Possible next action is swiping my account, if i fall prey!!

#Phishing https://t.co/NYF2HkdYtm",Dear PYATM customer your Pyatm KYC has been suspended.Pyatm office PH 6294634102 Immediately.Your account will block within 24hr.Thank you pyatm team,en,phishing-account alarm,harmful
DyGFuX5UwAEMKpY.jpg,"httphreak:// f09285 dot upd023 dot db dot b4-13 dot us

you might have received the above URL, with ""."" instead of ""dot"", via SMS on your phone! 

Did I mention it's a Phishing SMS? #SMSishing 

#Security #Phishing #BankofAmerica 
.@BankofAmerica https://t.co/yvqa8buCYc",FRM : 9123035 SUBJ : # MSG : Attention ! VISIT f09285.upd023.db.b4-13.us,en,scam-other,harmful
EKVpmITUcAAyqxF.jpg,"jfc please tell me this is just an SMS phishing attempt, and not our actual congressman. https://t.co/FG0WBAjU54",???? my name It's your Congressman ??? Jimmy Gomez ??? checking in to hear what issues are important to you . Can you take a quick survey ? ?????? http://txt.hn/jpzR15 STOP2 stop,en,scam-other,harmful
EGGyjHGU0AAjFHQ.jpg,"@Paytm @DCP_CCC_Delhi 

I would like to inform you that i have received SMS from unkonwn id for complete KYC screen shot attached below. I am sure that it is a fraud. kindly take a notice and aware the customers to prevent these fraudulent transactions.
Syed Umar Ali https://t.co/OX04ZXwh7M",PAYTM WE WILL HOLD YOUR PAYTM AMOUNT AFTER SOMETIME COMPLETE YOUR PAYTM KYC PAYTM OFFICE PH 7679546082,en,scam-account alarm,harmful
EAPHf-MXUAc2Chy.jpg,"📲 My SMS #Spam for today courtesy of @nissanza @Romans_Pizza @VolvoCar_SA @Dischem.

👉🏻 For your #Marketing Directors: This IS NOT marketing. https://t.co/f6NreCB11d","Buy a new XC60 at CMH Volvo Cars PTA & we will contribute R10 000pm to your 1st 10 instalments . Call 0124312500 . T "" s & C's apply . Opt out Reply No",en,spam-promo,harmful
Eiyi_mPWsAAGubY.jpg,@AskPayPal I obviously didn't click the link but this phishing message got sent to me by SMS https://t.co/JLMauKvbj1,PayPal : All services on your account have been limited due to unusual activity . Visit : https://user-terms-id25.com/?p=4 to lift the limitation . Now to Personal a,en,phishing-account alarm,harmful
EqowDeaWMAMzHyx.jpg,"Hi @AIRTEL_KE

Your anti spam for SMS seems to be broken. Here's another spammer that won't stop messaging me despite instructions to stop them. Please address. https://t.co/USRUuekfI9","Buy airtime via M_pesa paybill no . 181318 and put your airtel number as account Number . To opt out , sms STOP to 22910",en,spam-other,harmful
EdRPPjGUwAEOJvZ.jpg,"@Paytm @Paytmcare @PaytmBank hi, see this fraud sms received for your information and necessary action. https://t.co/ZCAzn0qCZ8",Dear PAYTM User Your PAYTM A / C K.Y.C Has Been Expired Call immediately For Verification A / c Will Be Blocked Within 24hr PAYTM OFFICE PH 8388878791,en,scam-account alarm,harmful
EehgXGyU4AAsn2c.jpg,@GovernorTim Take your SMS spam and shove it https://t.co/FGZWpHtp2O,"VOTE Tim Eyman Governor . VETO ALL TAX HIKES ! Saved us $ 43BN > Tim 4Gov.com/ taxes < PLEDGE to CUT property taxes , BLOCK income tax , WIN 30 TABS Text STOP to opt out  F GTFO Lose my number . I support Jay Inslee , the progressive agenda , and am against the theft of office furniture .",en,spam-vote,harmful
EIhDVAqUYAEdps3.jpg,@snapdeal @TRAI Today I received these two fraud sms. Please take a look. https://t.co/4rS8s9ZZwI,"Dear customer , congratulation , you have product order from SNAPDEAL.COM ( PVT.LTD ) out in SNAPDAEL.COM ( PVT.LTD ) COMPANY , your name to open lucky draw MAHINDRA XUV500 CAR cost RS . 14,85,000.00 you have received two option 1st option - MAHINDRA XUV500 CAR 2nd option - CASH 14,85,000.00 before registration charges pay to . Rs . 14850 only The TR paper charges pay to Rs . 7400 Only For more information contact me . Mobile help line no . 07366041593",en,scam-prize,harmful
EwQYgnZVcAAfpkw.jpg,@Paytm did some one hack into your system ? Getting fraud SMS for your IDs - see the pic #paytmhacked https://t.co/MOC1GYbC3U,I have AN IMPORTANT TRANSACTION for you MAIL me for full details via ; vp66606@outlook.com,en,scam-financial,harmful
ESqhmwpX0AAHhbS.jpg,"⁦@Paytm⁩ ⁦@Paytmcare⁩ this fraud seems to be getting much more organized! Pls see if you can trace the sms service provider as the Sender name needs to be registered, I am told https://t.co/RAh3A7bQgA",Dear customer Your PATYM KCY has been expire today please call customer care no 8617657493 immediately your PATYM account blocked 24 hrs,en,phishing-account alarm,harmful
EGqPMojW4AE-6Gv.jpg,"The spam SMS messages I receive are getting out of control. Usually I’m the only recipient listed, this one has 12. https://t.co/GL6JNL3bMr",Hi ...... !! i am single girl . I'm looking for a good s ~ e ~ x partner . you free join my profile and meet now : > gg.gg/fgbuf,en,spam-other,harmful
EIs7HePW4AIGIle.jpg,"@CentraIRL hiya, I just got this SMS &amp; it looks like a scam. Where should I report it if so? Thanks! https://t.co/TJyGZpWx94",Dear customer ! You got the 2ND prize from our Weekly Draw on 21/10 . Please collect it today before we cancel it : http://5ag.us/dkreB,en,scam-prize,harmful
EkOgZ6_WAAAzDna.jpg,"interessting @cryptocom phishing SMS - it is using the Mizo ṭ with a dot below.
but the target page is not convincing at all🙈
#phishing #DontFallForit https://t.co/hvTCNpDNsB",You have received 1.3875 ETH . Confirm the payment crypto.com/login,en,scam-financial,harmful
E2Nys4qVEAIFS_8.jpg,@abslifein stop this SMS spam immediately. I’ve already reported you to the TRAI. And I’m going to report every single one now until it stops. https://t.co/wlCh9osf7g,"Hey Rahul Ajit Gaitonde , liking our free ' Your Money ' email service ? Why not share the joy with your loved ones ? Click here to refer http://acl.cc/GL3amLO and they will enjoy a FREE subscription too --all thanks to you ! T & C apply . Regards , ABSLI  The sender is not in your contact list .  Report All Messages Filtered by SMS Filter",en,spam-promo,harmful
DnYfKJeXgAI64jW.jpg,#sms #phishing campaign in the wild @CERTFI https://t.co/h6hsgsXL74,Urgent action required . Please verify your credit card details to receive your refund : https : // refund online.info Apple Inc,en,phishing-credit/debit card,harmful
EPfVUzzUwAADDEv.jpg,"SMS phishing, targeted and malicious link. #cyberaware is crucial to beat these types of attack https://t.co/IPoYsQZb8y","James , The Investor Group wants to buy your home from you . See what the offer is , no obligation ! http : // thepadin10days.site or "" Cancel "" offer",en,scam-other,harmful
Dd81tO-VwAA0Ha6.jpg,"@LODHA receiving spam SMS and calls when not even do I reside in Mumbai.
Please stop https://t.co/L5lbMs738J",LODHA LAUNCHES CODENAME UNBELIEVABLE 2 BED AC HOMES WITH SPECTACULAR RIVER VIEWS IN A WORLD CLASS DEVELOPMENT AT THANE . Rs.89.1L + RERA P51700016375 9619500113,en,spam-promo,harmful
E0HxSr8VkAELBRc.jpg,"@ApolloPharmacy 
stop sending (attached) #spam #sms messages everyday. Upload your official email on your website for complaint else I will file an online FIR against corrupt Apollo pharmacy employees https://t.co/Ssnsxgp2Sa",Apollo : Authentic Medicines Home Delivered in 4 Hrs : Use Code PHARMA15 @Apollo 2417 for 15 % Savings . Download Now klr.pw/ 4Rt Hu / 6UKUIk to book your first order,en,spam-promo,harmful
DfornccUEAAdAYm.jpg,Beware of this SMS. It says that your points on your cards are expiring and offers to get converted into cash. This page ask for all your personal and card details .This is a fraud... any bank will never ask you for your CVV and ATM pin. Please retweet .Remain safe.@HDFC_Bank https://t.co/zY15KieMkj,Dear customer your STANDARD CHARTERED Visa Card point worth Rs 6897 expired by 14/6/2018 . Kindly convert your point in cash by click here  Redeem Your Card Point stancharts.com,en,phishing-credit/debit card,harmful
EMkDwuOVUAUWtZX.jpg,@Paytm scam SMS. https://t.co/MnvLIWHYdG,PAYTM Dear paytm customer your KYC has been suspended . Paytm office pH 7029562638 call immediately . Your account will blocked within 24 hours . Thank you paytm team,en,scam-account alarm,harmful
D0Es_rEXcAAGQDi.jpg,@Fidomobile just received this phishing  SMS https://t.co/qUDJ0wYTHO,"Dear BMOMontréal client , your online access has been suspended for your safety . Please verify your log - in to resume usage : http : // www . 13bmo-sort46.com/4",en,phishing-account alarm,harmful
D78KScrU8AAp20W.png,@DidiChuxing how do I unsubscribe from this SMS spam? I never agreed to this when I signed up. I also uninstalled your iOS app because you kept spamming me via push notifications. https://t.co/OXEc6PTH37,"[ DiDi ] Hey Ronny , this June is DiDi's first birthday in Melbourne ! Use code GIFT50 to claim your 50 % off reward . T & Cs apply .",en,spam-promo,harmful
ELwAu2WUUAcHUf6.jpg,"Phishing | Attack techniques &amp; scam
Do you also get such messages ?
@chitraaum @StaySafeOnline #Phishing #sms #CyberAttack #OnlineSafety https://t.co/HnKM8wqy0G","Hi , Ref ID . 05 / 11 / Dxxx62 . You are selected for Business Loan of uto Rs.86945 . Click the link to check your LoanAmount >> http : //bit.ly/340XMJV",en,spam-loan,harmful
D2mKz05WsAAjXTw.jpg,"⚠️“psa: if your iphone ever gets stolen and you receive an sms like this DO NOT ENTER YOUR DETAILS! 

this is a phishing scam for whoever stole your phone to get your email and password and thus log out of icloud on your stolen iphone, making the phone sellable.” -@notelaineok https://t.co/aDgFF2ReM2",IPhone 8 Plus Space Grey has been found and temporarily online . View location : https://signin-icloud.com/ ? id = 04b8e,en,scam-other,harmful
ETDbK8jXkAA695u.jpg,@DubaiPoliceHQ A spam message in my sms inbox. Hope action is taken against them so that these people don't dupe any innocent people. https://t.co/c7i2mneNUY,Dear Client Your A.T.M card has been BLOCKED Because You Not Update your Emirates ID If You Want To Keep Using Your ATM card Please Call Our Number 0566122725,en,scam-credit/debit card,harmful
ErMBouiVgAIG2fp.jpg,"@Paytmcare Team I am getting a potential fraud message on daily basis from PAYTM. can someone please look into my ticket , your executive closing it without resolving anything. Its been 2months I am getting such SMS from PAYTM. https://t.co/5o9uM2zi3X","BP - iPaytm > HT Media has requested payment of Rs . 899.00 ( Purpose : HT For 1 Year - 8285966318 ) . Click https : // paytm.me/1i7-iV5 to pay . Regards , Team Paytm  Save yourself from fraud : NEVER set a password suggested by anyone . Reset password link : https://ap.p-y.tm/8h7BFP ( Do not forward this to anyone )",en,scam-financial,harmful
EpqcbQqU8AcfaDt.jpg,@KotakBankLtd - New fraud SMS in your name. I think customer numbers have been leaked. Please investigate or report. https://t.co/s0wx4RqDZk,"Text Message Wed , 9 Dec , 5:40 PM  Dear Customer your Kotak Mahindra Bank A / C will be Suspended please Update your KYC immediately ( 10 mint's ) Click Here Link https : // 36067b7984e9.ngrok.io KOTAK BANK",en,scam-account alarm,harmful
Dc-FqiIVAAAJ9F-.jpg,@PeterEngland_ thanks for going ahead and subscribing me for all the sms notifications after I opted out 5 days back. #Spam https://t.co/fh7beTrqWi,"Hi Boris Joseph , Redeem your 394 Peter England loyalty points expiring in next 14 days on 11 - May - 2018 . Your current points as on today are 394 . T & C .",en,spam-promo,harmful
EsQLDLSVEAQ_YhP.jpg,"Recently #Cambodia mobile subscribers has recieved text sms to verify their bank accont. The sites are in the sms are reported  #phishing sites. Last week, 5 ppl reported lost of thousands of $$$ and 3 arrested. https://t.co/U2vh3vaDtS","Your Acleda bank account verification is invalid , please enter the correct login ID again www.acledvo.com",en,phishing-account alarm,harmful
DxVeHkwUYAIXack.jpg,"That’s a bit rich. Clive Palmer’s mob blowing up my phone with SMS spam, vowing to ban political SMS spam. 🤦🏻‍♀️🤦🏻‍♀️🤦🏻‍♀️ #AusPol https://t.co/XluIwsCyJ6","When elected , United Australia Party will ban unsolicited political text messages which Labor & Liberal have allowed . Auth http : // www.unitedoz.net/",en,spam-vote,harmful
E1fTELxVEAALDsU.jpg,Recived fraud sms form mobile no 87689 93004 please do need full action against that @TheOfficialSBI @RBI @myogioffice https://t.co/CxkYrjV9gh,Dear customer your SBI A / C has been Suspended . please update your KYC Click here link submit your details https : // f3c87efbe00f.ngrok.io/ sbibank,en,scam-account alarm,harmful
EGb8ZZRWsAEChTG.jpg,Warning: got this official looking SMS. Guy at the other end wanted bank details. HBL confirmed it's a scam https://t.co/yQJFq5qr2D,Dear user your bank card has been block Because you have not update yet if you want to keep using your ATM card please call this number03350870421 - Sent via Lantech Soft,en,phishing-credit/debit card,harmful
Ds7LdxjXQAAm-as.jpg,"@clubmahindra  today guy calls up to say, you are among the lucky people chosen for a 3D2N stay at any of Club Mahindra’s resorts anywhere in the country absolutely free.

It Looks like scam. Pls check attached phone numbers call and sms details of them.

@anandmahindra https://t.co/1mEFt39lP2","Club Mahindra Holidays Invite You & Family Our Venue @ Regenta Resort . GMDC House , Opp - Hill Garden , Bhuj - Mirjapar Highway , Kutch , Bhuj , Gujarat 370001 .  Date - 27th November . Once You Reach Call On : 9004026278 .  Your Entry Code CM - HS .",en,scam-other,harmful
ESDAfpqXYAEa7R-.jpg,Canadian loyalty card holders beware of a new phish that is targeting @ShopprsDrugMart #optimum members with SMS #phishing. https://t.co/1FnKBtfE3f,Confirm your Pc Optimum online account to keep earning daily rewards on your account . See ; 1pcoptimumOnline.com 10647,en,phishing-account alarm,harmful
DgrzDOAWAAIteHs.jpg,. @JumiaKenya How can I completely opt out of your promotional SMS messages. No attempt to spam/ stop seem to work. Help.😭😭😭 https://t.co/Bg47IwnwwO,Only 6hrs to TV Mania ! Get 1k off on orders above 5k from Midnight tonight for only 1HR ! Use code : TVMA0e20ee Discover > https : // bit.ly/2rUOutJ . STOP20465,en,spam-promo,harmful
DqX-xPJWwAUFSQh.jpg,Before with the GSM iPhone X I was having some SMS populate as class zero spam so I’d accidentally click off while sleeping and poof msg gone forever. It’s the telco’s responsibility to help control this and spoofed calls from your very own owned Verizon MTN’s!!!!! https://t.co/VuS6kIQLf9,( Suspicious Activity ) http://bit.ly/ 2PNİBhC Fifth Third Bank Locked Access,en,phishing-account alarm,harmful
DkCCwRtU4AA8NtX.jpg,@VodafoneAU There is spam &amp; fishing SMS sending to me. Please consider to take action https://t.co/gGVOPpKr3K,The account may be suspended . Click for details . https : // security - manager -westpac.com/cgi 1 mins . via Vodafone AU,en,phishing-account alarm,harmful
Dys8DqnUYAAzW4x.jpg,⁦@NAB⁩ got this spam via sms. Thought i will pass it on. #spam #spamsms https://t.co/bxiCmHuuDs,Your bank account has been suspended . Please verify your identity and follow the instructions nab verification.org/ ? 61421822891,en,phishing-account alarm,harmful
DrvdDdqWsAEPBCl.jpg,@Flipkart i received spam sms from these numbers. https://t.co/i6h2RTbSvQ,"CONGRATULATIONS . You .are.lucky.winner.in my Flippkart.COMPANY.PV T.LTD Your prize . TATA SAFARI four wheeler.luxury car , price . 12,80,000 = 00 . My office address : -FLAT NO 204 , 1 - a , second floor , Arjun Nagar , Green.park , NEW.DE LHI ( 110029 ) HELP LINE No - 18001218918 Lucky Cupan no - 10503 CONTACT = 9709623849",en,scam-prize,harmful
EQkYjR8XkAAuCPH.jpg,"This is a scam SMS that's going round. If you receive this DO NOT CLICK THE LINK.
Instead report it as spam, either in your SMS app or by forwarding it to 7726. https://t.co/ufv66AemND","[ EE ] : We were unable to process your latest bill . In order to avoid fees , please update your payment information via : https://ee.uk.bill313.com/?ee=2",en,scam-account alarm,harmful
En5NocXXYAIUgbQ.jpg,"@MahaCyber1 @Cyberdost
Can some stringent action not be taken against such phishing attackers ! ? 

I'm tired of such SMS's https://t.co/qeWqb96hkj",[ Cash Instalment ] Your application has been approved . The amount is 178868 rupees . Please withdraw funds within 24 hours . Link : https://cutt.ly/LhoEiU1,en,phishing-financial,harmful
EibHJwPWAAADBVf.jpg,"Working on a project to automatically identify scam/spam SMS text messages. Is there any chance you can reply to this with the word ""SCAM"", ""SPAM"" or ""LEGIT"" with a screenshot of the text? Example here: https://t.co/707LE1uAI3","Dear Customer . Please note that , at this moment we have to refund you £ 280.40 , taxes for the last 2 years . Please visit http : // hmrc-online-refund.com/",en,scam-financial,harmful
Dp25SdfXgAIvZRA.jpg,"Despite several emails and reminders, @Hopscotchindia continues to spam my sms mailbox with promos. How many times does one have to email them ? @TRAI https://t.co/zyi9EnMSMk",Our B'day After - Party begins now ! 30-70 % OFF + Extra Rs 150 Off on everything . Code : BDAY150 . T & C apply . Shop now https://hopscotch.app.link/ ahNmHADW6Q,en,spam-promo,harmful
EFIhGfuX4AAgqgH.jpg,"Hi @Paytm @Paytmcare @vijayshekhar - Got this SMS. Possible fraudster details attached who might be running a scam network. I've done my KYC months back, so no way this would come 

Cc : @MumbaiPolice @WBPolice  - Number seems to be from West Bengal. Request you to look into it. https://t.co/PaUzaHlQCs",PAYTM WE WILL HOLD YOUR PAYTM AMOUNT AFTER SOMETIME COMPLETE YOUR PAYTM KYC PAYTM OFFICE PH 9641818938,en,scam-account alarm,harmful
DnclXJbV4AYPjE2.jpg,"This is why we need spam/block functionality, or at least some rate limiting for SMS.

Around 15 exactly identical messages within 1 hour! https://t.co/BZzI0o2JGt","UPTO Rs 1 LAKH OFF On Popular Used Cars , India's Biggest Car Mela @ DROOM ( 19-25 Sept ) Hurry ! Buy Now : https://goo.gl/N8uSjc | Call Free -1800 407 070707",en,spam-promo,harmful
EwTPO6sUYAIen-Q.jpg,Hi @1mgOfficial. WHY ON EARTH do you think it's okay to spam SMS someone at half past midnight?! You are a healthcare brand for eff's sake. Stop this rubbish please. https://t.co/iNzsRXPvlH,HIGHEST DISCOUNTS EVER live on 1mg FLAT 25 % off on medicines + Upto 75 % + Rs . 150 off * on health products & more Sale ends on 15th March Buy rml.lu/cYgPsp,en,spam-promo,harmful
ETsncV_UEAIaG_N.jpg,This is scam msg  once you open the link all your contacts will recieve the same SMS and you will loose your whole balance . Please refrain I became the Victim of this scam https://t.co/xHgN82YMWe,Jio has Announced today to give 25GB data with free calls daily for 6 - Months Register to activate offer  Link : http://tiny.cc/JIO,en,scam-other,harmful
ERMj3eRVAAEpVz5.jpg,"@Paytm @Paytmcare @vijayshekhar 

New fraud in name  of Paytm? Today recd  below Sms. Anyone can easily fall in trap and blame Paytm. Check and take action. https://t.co/KKjeMTbbBe",Congratulations ! Your existing wallet will be migrated to New Paytm Wallet on 27-02-2020 . Visit https://p-y.tm/PP bb84 to know more .,en,scam-account alarm,harmful
DmAM_rcUwAEsVyw.jpg,Please be careful of this kind of SMS. They are meant to steal your bank account credentials. @MyMaybank please take note. #cybersecurity #cybersafe #securityawareness #scam https://t.co/p5dwQUzziN,RMO Your Maybank account has been suspended . Click here for re - verify your data :,en,phishing-account alarm,harmful
D76KjCaW4AA_bx6.jpg,"Watch out Brits!  There's a scam being distributed via SMS text message, claiming to be a refund from DVLAgovuk.

Stay safe. https://t.co/xxcy0oW6bT",DVLA : We have identified that you have an outstanding vehicle tax refund from an overpayment . Please visit https : //dvla.refund-form-ref60.com/ to process .,en,scam-tax,harmful
E2VOi4lXMAAi39D.jpg,@RoyalMail just sharing a scam SMS I've received https://t.co/W0vAxbb4Dr,Royal Mail : Sorry we were unable to deliver your parcel today please reschedule your delivery via : https://royal-deliverys.com,en,scam-delivery,harmful
EOEzm__VUAEjky2.jpg,"@TheOfficialSBI @CyberDost @hydcitypolice Sir , Received this type of SMS looks same as authentic SMS from bank , Please take necessary action to prevent this type of Fraud SMS. Asking Customer id and Confidential details. https://t.co/nb6BgaMRaO",Dear SBI Customer Your SBI Account Will Be Block on 12/01/2020 . Due To 40 % Incomplete KYC in your Bank Account Kindly please Update your full KYC in your Bank Account Through Internet Banking immediately kindly please visit the link below https://docs.google.com/forms / d / e / 1FAIpQLSCR U KEHTmQ - gpHoTx MgKIThXlbgV5LGSVFTTKS8ESYTJYRA / viewform THANK YOU SBI,en,scam-account alarm,harmful
EqfvFTGXEAMVMMP.jpg,@ArmitageJim @premnsikka 1/2 As the £b SMS scam business has ramped up during COVID to focus on bank accounts one has to ask why the banks are not suing the mobile operators for not blocking such scams  (very very easy to do preemptively  without impacting genuine Bank SMS... https://t.co/bxmIs9Vd8t,"HSBC : Your request to add payee MRS R AMHEED on 30/12/20 has been received . If this was NOT you , please review urgently : https://hsbc.digital -payee-report.com/",en,scam-account alarm,harmful
Dp02T_jWoAIkVX-.jpg,@DVLAgovuk new sms scam going around. All U.K. drivers please retweet this far and wide to spread the word! Thanks! https://t.co/U9QsIlGTsF,We have recalculated your vehicle tax . You are owed £ 137.24 due to overpayment . Check here to claim your refund  http://dvla-re.com,en,scam-tax,harmful
D_pXWGIUcAgdvV-.jpg,@IncomeTaxIndia Please see the phishing SMS being sent on your name. https://t.co/dHVOk3PNnF,"Dear Rishi Raj Chouhan , the Incometax_Department requires you to click the link below to submit a formal request for the payment of your unclaimed and overdue tax - refund of 18,750 INR . http://103.228.117.98/Refund",en,scam-tax,harmful
EUaR1FvUUAAVUff.png,"🚨 SCAM ALERT 🚨 Watch out for a new SMS #scam exploiting vulnerable people &amp; claiming you have a tax refund. Don’t click any links, even if it looks legit! Learn more &amp; make a report @ https://t.co/Ktb0cqbaCe https://t.co/PvtRjtb6jy",You are due to receive an ATO refund of $ 1786.51 . Visit https://ato.gov.au . txreturn.info/ And complete security check to claim refund .,en,scam-tax,harmful
EOJ8kiiWkAA4VXm.jpg,"Dear @Paytmcare @Paytm @MumbaiPolice

SCAM ALERT

I've received this SMS asking me to contact a particular mobile number which seems to be a scam.

Request you to look into it so that innocent people aren't cheated. https://t.co/Do8MWc68z8",PAYTM Dear Customer Your Paytm Kyc Has Been Expire Please Contact Customer care No - 7866095965 Immediately Your Paytm Account Will Be Blocked Within 24hrs .,en,scam-account alarm,harmful
DmaLtthXoAIxxLs.jpg,@ToyotaGB @bentleystoyota Did you forget or did you think I would have forgotten that you promised to remove my details? Please tell me why I am still getting this SMS spam! #privacy #fail #GDPR https://t.co/Rl77UjF142,Call 01925 501902 quoting BWTY0803 to activate your e - voucher & get £ 750- £ 3000 towards your next new / used Toyota at Bentleys ACT NOW limited numbers !,en,spam-promo,harmful
EJ1vN14XYAAt9lJ.jpg,"Beware..!

#paytm #bewareoffraud #fraud #fraudcall #fraudsms #sms #kyc #opt #fakecall #fakeoffers https://t.co/p6Kuty6e2C","Your KYC has been updated successfully in Paytm wallet , you will get 1205 cashback in ytpour wallet , To get cashback click here Link http://77d9f8c6.ngrok.io/ paytm /",en,scam-financial,harmful
D1nG07AXgAAM8qk.jpg,@AskPayPal Morning. Just received this message. Assuming it’s a Phishing sms 🤷🏻‍♂️ https://t.co/u3aCrdmDXp,Your PayPal has been frozen because we are unable to validate your account information.Please login to verify your account : https : // paypal.co.uk.yn5e.eu/m/,en,phishing-account alarm,harmful
DaKIUgkVwAAGUiJ.jpg,"Posting scam &amp; suspicious SMS texts I receive from now on.

First up, 09428044949/ +639428044949 https://t.co/fA8qtwEdnQ",It is very necessary that you reach me immediately via edchda45358@gmail.com for details .,en,scam-other,harmful
EFS4Qz2UwAAYM6Z.jpg,"Beware of Scam!❌ I just received an SMS with the contents as shown in the picture. For a moment, surprised. It&#39;s been a long time since I haven&#39;t messed with the iPhone. Just open the website and login. Thank God I can. After browsing, this message is indeed a scam. Never click, let alone fill in the data on the link! https://t.co/LJnFOBQXWW","Your Apple ID has been locked for security reason , please visit : https://idapplecs.page.link / CS910381003 and verify your self .",en,phishing-account alarm,harmful
EkwkWneU0AECGKF.jpg,"@JimBrowning11 hello jim, 
I have been getting tons of spam sms (each with different no) everyday. How to stop them? https://t.co/dCHsuUPs4d",Your Job Application @ JOB799X has been shortlisted . Register Now  http://f2ns.com / KPKALOPMYLHWLW,en,scam-other,harmful
Ew_aN8ZU8AUyq1F.jpg,@TRAI @reliancejio How are these people getting licence to send scam SMS ? There should be proper verification before allowing someone to send advertisement SMS. They should also be asked to pay security money of at least 1. These scammers are making fun of govt and consumer https://t.co/zOXxenO2w6,"Dear user , Your Sim Card ' will be not work . Your Document might be Expire Please Call Helpline Number - 9832732202 Within 24hrs . Thank you",en,scam-other,harmful
E3Ggh4mXEAAF0Jr.jpg,"@MumbaiPolice @TheOfficialSBI a fraud sms being circulated using SBI WB credentials, under the pretext of updating KYC, they ask for personal details to withdraw money from victims bank account. Beware!!! https://t.co/AxsWZXCj0O",Dear customer your account has been blocked due to KYC Update within 24 hour . Please contact customer care 9339255497 to continue your service . Thank you,en,phishing-account alarm,harmful
EWvWgk8WoAAsDiO.jpg,@myGovau just received a scam that others should look out for via sms https://t.co/HB0tgWdpwm,"Your December 2019 activity statement was due 28 February 2020. Lodging online is quick and easy - visit ato.gov.au/ howtolodge for more info or contact your agent , INFOCUS TAX & BUSINESS ADVISORY PTY LT . Remember to cancel your ABN and business name if you've ceased trading .",en,scam-tax,harmful
D432JAyUwAAiu5a.jpg,Actual SMS spam in the Bay Area. https://t.co/XHCLCVAIjT,"Hello Neil , Are you the owner of  ? My name is Dennis and the reason I ask is because I'm a buyer looking for a home in the area . Did I get the right person ?",en,spam-other,harmful
EX0doQgXgAAJ_7_.jpg,"So in the midst of the pandemic people still send out  SMS like this to scam people?I just received this. 
Please always ignore texts kike this. No bank would send an SMS this way to a customer.The police can still track and arrest this scammer.

@PoliceNG_CRU
@PoliceNG https://t.co/psR4p7ewdy","FirstAlert : Dear customer , Your ACCOUNT A..T..M has been DEACTIVATED Due to VARIATION OF DATE IN BIRTH to ACTIVATE Dial 070199-99123 for RECTIFICATION.FirstBank",en,scam-account alarm,harmful
E3BdBHHUYAADrcQ.jpg,@HDFCBank_Cares Hi @HDFCBank_Cares @HDFC_Bank DMed you my number. Still getting harassed by spam calls and SMS. Please stop it. https://t.co/AwvGJJ5YyE,"Dear Customer , your HDFC Bank Virtual RM Krishna Sanjay tried reaching you . We are back with Summer Treats offers , please connect with your RM at 02267127105 to know more .",en,spam-other,harmful
EM9WLsZUUAUPnnn.jpg,@Paytm @PaytmCybercell @Paytmcare @vijayshekhar there is this fraud sms that is being sent by someone asking for KYC verification. Trust you will take legal action. https://t.co/kUB7xVrDjW,Dear paytm customer your Paytm KYC has expired . contact customer care No - 7679263961 Immediately . your account will Block within 24 hr thank you Paytm team,en,scam-account alarm,harmful
ERmTmklXkAAk6Vz.jpg,"Hello @BSNLCorporate are your SMS gateways are being misused to send scam messages to con @Paytm @Paytmcare users? @MumbaiPolice 

Check the sender ID on this one. https://t.co/OTOEvXGsOo",Dear PAY - T.M customer your K.Y.C has been suspended . To Verified PAY - T.M K.Y.C call 9334382341 immediately . Account will be block within 24 hours,en,scam-account alarm,harmful
D5UavucW0AAjkKs.jpg,"Hey @HMRCgovuk @HMRCbusiness  @HMRCcustomers @HMRCpressoffice @HMRCdigital 
you just have a other phishing straci acrually, This time on Mobile phines via SMS - below screens with false scam sms and result of fake web address... 
#cybersecurity #phishing #scam https://t.co/oYArHNtdD8",You have one notification from HM RC : https://bit.ly/ . 2PDbtF9,en,scam-tax,harmful
EOKiaKmUUAgttd0.jpg,Recieved this fraud sms today @MahaCyber1 @MumbaiPolice can you track down the mentioned number and take action on fraudsters. Many of my friend got same sms. https://t.co/qogbIL6ERt,PAYTM Dear Customer Your Paytm Kyc Has Been Expire Please Contact Customer care No - 7866984459 Immediately Your Paytm Account Will Be Blocked Within 24hrs .,en,scam-account alarm,harmful
EidRjcoU4AAx2Q7.jpg,"@CMDBSNL Sir please Take stringent action against mentioned contact number as well as fraud Tele marketers ,Such fraud SMS's are being sent from Quadrant Televenture (Erstwhile Videocon Punjab).Details r in screenshot.@BSNLCorporate Reputation is on stake due to such criminals. https://t.co/K0Ce39PnYf",Dear Customer Your BSNL SIM service documents has been Expire - d please contact customer care . 9832717843 . imme - diately Your BSNL SIM will be blo - cked within 24hrs .,en,scam-account alarm,harmful
EEkn0KiVAAAMjMz.jpg,@Westpac just thought you’d ought to know there seems to be an SMS phishing attempt. See piccie https://t.co/jz9kAVOwFS,Your Internet Banking access has been revoked due to incomplete profile information . To restore your access please visit your nearest branch ( along with your ID ) or login below & follow the prompt . https://westpac-secure.com/ restore,en,phishing-account alarm,harmful
DUo1xP3XcAAzG84.jpg,"Don't fall for this #scam, the DVSA or HMRC will not contact you by SMS! #DVLA https://t.co/Nv0S9DG5jZ","FINAL REQUEST : DVLA Swansea have been trying to contact you , Click below for more information . http : // tax-disc.gov.uk.dvla.dis2.pw/ claim.html",en,scam-tax,harmful
EOifrqzWoAAqT2K.jpg,"@RaigadPolice @Paytm
I received this fraud SMS today. I would request you to forward it to concerned department so that the fraudsters can be caught. The mobile number mentioned in the message could be of help. https://t.co/b7sfZISXCz",Dear PYATM customer your Pyatm KYC has been suspended.pyatm office PH 8637579426 Immediately.call your account will block within 24hrs Thank you Pyatm team,en,scam-account alarm,harmful
EuvBUHKVEAMpYNE.jpg,"@PayPalAU @AskPayPal There’s an Australian PayPal scam going around via SMS. #phishing #ScamAlert 
😡😤😡😤😡😤😡😤😡😤😡 https://t.co/apSZYwjJIK","( PayPal ) Dear Customer , some unsafe activities were reported on your account . For your safety , please regain access to your account at https : // paypal verifycenter.net/?paypal",en,scam-account alarm,harmful
D5N_F9RWkAIX3GH.jpg,"Scam in PVR privilege program. 

Bought a ticket in Mumbai and accrued enough points for a voucher. Got SMS confirmation too. 

30 minutes after, the same voucher is redeemed in Chennai!

@_PVRCinemas
#pvrscam #pvrprivilege #scam #pvrcheats #pvrjuhu  #pvrmumbai #pvrchennai https://t.co/pVqAHYa0FH","Dear PVR Privilege Member , you have earned 110 points on 28 Apr 2019 10:40 AM at PVR Dynamic Juhu Mumbai for Rs 2200.00 . Your 100 privilege points have been converted into a voucher . Voucher code SHYMMGEBR applicable on both Ticket and FnB spends . Valid till 27 Jul 2019. Your updated point balance is 47. Click link to view and save your voucher QR code . Scan QR code at the cinema for easy application . http://pvrc.in/ szipl  Cheers PVR Privilege Member ! Your voucher code SHYMMGEBR worth Rs . 100.00 has been applied at PVR VR Chennnai at 28-04-2019 11:20:44 AM . Enjoy the show",en,scam-other,harmful
ETe3cyoWkAEy9OW.jpg,@ThreeUK just received an SMS  which appears to be a phishing attempt pretending to be you https://t.co/GKEm8bI4JL,Please verify your details to avoid service restrictions : https://help-3.info,en,phishing-account alarm,harmful
Edx6UfQXoAIutp-.jpg,"#phishing SMS alert, folks.

cc/ @O2 https://t.co/Z4OIyJe6B1",PayPal : Your account is currently suspended . Please follow the link below to verify your information https : // paypal.signin-secure5.com/ ? p = 4,en,phishing-account alarm,harmful
En_yD0SXEAEzdaK.jpg,"Another smishing text message!

You’ve probably heard about phishing emails. Well, SMS phishing – or #smishing, is the text equivalent.  
The texts are made to look like they’re from a reputable company and try to get you to do something like click a link. 
Here's one I got today https://t.co/qU16HDG8QE","From 3 : Your monthly bill failed . To avoid service suspension , update your billing details at : https : // threesupport secure.com",en,phishing-account alarm,harmful
DwnwUN3VsAA_E0f.jpg,Can you believe the #spam #sms #auspol with the tag line of 'Making Australia Great'? Who is the campaign / marketing manager? https://t.co/0pbXhzKzq3,"Blackouts wreck our lives . We need affordable , reliable power . Make Australia Great . Vote | United Australia Party , Clive Palmer . Auth https://bit.ly/2QĪGAUM",en,spam-vote,harmful
Ezn7qefVgAYu-LY.jpg,"Watch out for scam calls or SMS’ claiming to be from Amazon or Amazon Prime. 

The calls claim your account was renewed, while the messages say you have paid for an item (like a laptop or camera) and provides a contact number to dispute the charge. More: https://t.co/SqWWQPeNIa https://t.co/gNlkq2UZuj","Order Confirmed payment $ 3969.99 against Canon EOS R6 Camera at AMZ . Order Number 221021519 on 2021-04-08 . Helpline 01800 491 580 if any dispute , Thank you",en,scam-financial,harmful
EcYyE_oWoAEY5Eq.jpg,"@HalifaxBank Hi, I’m not a customer of yours but I have just received this phishing attempt via SMS. I have no idea how they have my name as well as my number. The number in the pic is that of the sender. https://t.co/esakWV9tM7",HALIFAX ALERTS : Hello Adam . Unverified activity has been noticed . You must confirm your data at appservhlfx.online/ account to avoid service limitations .,en,phishing-account alarm,harmful
Er2Jx8qUcAEXbvi.jpg,@ShopClues I have been getting Fraud calls and SMS from random individuals about winning a lucky draw. They also seem to know my order details. I really wonder if you are gonna beat Amazon/Flipkart by selling customer data. Please take care of the issue. https://t.co/XasD5k7wAe,"dear customer , congratulation , you have product order from SHOPCLUES ( PVT.LTD ) COMPANY , your name to open lucky contest MAHINDRA XUV500 CAR cost RS . 14,80,000.00 you have received For more information contact me . Mobile help line no . - 09810729529 . 09910586754 http://shopclueswinner.tk",en,scam-prize,harmful
EimBgXbXcAAppgP.jpg,"Got a dodgey looking text claiming to be from vodafone, apparently phishing via SMS is called smishing! 😂 - if u get anything like this on Vodafone fwd free of charge to 7726 to report :) https://t.co/06N2qCKMAn","Vodafone :: We were unable to process your latest payment . In order to avoid fees , please update your information via :",en,phishing-account alarm,harmful
EU5LuioUcAUoBa4.jpg,"In case anyone gets this SMS that I just received. It’s a scam, don’t click the link. https://t.co/YDYn6ojPdk","Hi Jon , Due to COVID - 19 outbreak , we will give out 3 months of Netflix Premium to help you spend time at home . More information : http://3fs.us/ UAJCB",en,scam-covid,harmful
E4lCg7MWUAE2Z17.jpg,"Majority of my sms messages on @VodafoneUK now look like this with no option to use a spam filter
#phishing https://t.co/elygb6LfEI",From Vodafone : There has been a problem processing your latest bill . Please update your information via https : // vodafone - support system.com/billing,en,scam-account alarm,harmful
E0EoZgAXsAAEoKT.jpg,"@Hermesparcels I Got today scam SMS. Such parcel does not exist. I bet they will try to charge me for this ""rescheduled delivery"". Watch out People. https://t.co/dYsaSjncTf","Hermes : Oops we missed your delivery today , To reschedule a delivery please visit https : //myhermes.ref82 .com Your parcel will return to sender if unpaid .",en,scam-delivery,harmful
EhjVtXbXYAAl10q.jpg,"SCAM ALERT
TUT Students listen up!
If you have received this SMS,  please note that it is a scam.

Report any suspicious messages or calls from fraudsters posing as NSFAS staff to the Vuvuzela Hotline on 0860 247 653 and do NOT share your personal details https://t.co/VhAcDJATYG","VUILLSYV UNVERIFIED ACC - Dear students Urgently log into NSFAS portal , update your phone number after go to nsfas connect to create a case number and submit the case number at bursary office . Visit bursary office to complete verification form attached your  certified id copy . RefNo : M 000122390",en,scam-other,harmful
Dt4O63zWwAAcLau.jpg,Hope @TRAI is taking note and actioning upon all the relentless SMS SPAM being escalated by customers across India. https://t.co/mPrQWK4gtF,"OMAXE New Society Shops in front of Metro Station , Gr.Noida Get Rs.44000 per month till Possession + Assured lease Limited units Cal 9899055989",en,spam-promo,harmful
ENk4xQLUYAA4oeI.jpg,"@Paytm @Paytmcare 
Are you sending me these SMS for KYC?

Incase they are fraud, pl take necessary actions. https://t.co/So5doaGqVr",PAY2M WE WILL HOLD YOUR PAY2TM AMOUNT AFTER SOME TIME COMPLETE YOUR PAYT2M KY2C PAY2TM OFFI2CE PH 8927035245,en,scam-account alarm,harmful
EKnySiAUwAAVwZH.jpg,@TataCompanies got this SMS. Looks like spam and forgery. You may want to look into it. https://t.co/3xWCdTZZ9y,INTERVIEW : NOTICE You are Shortlisted For Interview In Tata Group Of Companies Ltd. For The Further Details Click : Here http://bit.ly/tatacomINTERVIEW,en,scam-other,harmful
Da9e5jSWkAA_rmL.jpg,"@ola_supports hi, I want to stop all the spam SMS from OLA; it's very frustrating. How could you help me here? https://t.co/dCAQ9FrdPe",Use code TUE50 & get Flat Rs 50 off on 2 cab rides except Ola Share . Valid in Bengaluru only for today . Book Now ! bit.ly/ C SMS,en,spam-promo,harmful
Etxlj3UVoAI8cG-.jpg,"@KotakBankLtd  @KotakCares Even i don't have kotak bank credit card, I received sms regarding reward points.Please check looks like fraud message. https://t.co/uVL99sj48I",Dear customer your KOTAK credit card points worth INR 9870 expired by tomorrow . Kindly redeem your points in cash by click here www.rewardreedem.com,en,scam-credit/debit card,harmful
ENHIhecX0AEZIZb.jpg,"Fake @netflix website that ask for your credential at hxtp://185.163.47.190.
Vector: Spoofed SMS. #phishing #scam #netflix https://t.co/oQn02cjmfr",[ Netflix Support ] We fail to verify your information . Please visit N ° http : // . 185.163.47.190 to enter your payment information again or to use a different payment method .,en,phishing-account alarm,harmful
Dv85jPgUwAAfffA.jpg,@SynergyEnergy SCAM SMS text messages (see screen shot) being sent in Synergy name about fake overdue energy bills? I definitely DO NOT have an account with Synergy. I would alert @acccgovau but they won’t do anything. #energybillscam https://t.co/7R4y84fVkJ,"Text Message Thu , 13 Dec , 4:00 pm  Hi , your account is due in 3 business days , visit synergy.net.au/paybill use payment number 5196139318 to make payment , or call I 1300 014 328 for assistance",en,scam-account alarm,harmful
ENg6HJBUwAAJ8j5.jpg,Beware of paytm sms fraud. This guy tried to get access of my details. Request cyber cell to take a note. His phone number is mentioned. https://t.co/fFachjUmgZ,Dear Paytm customer your Paytm KYC has expire today immediately please contact customer care 8789329514 immediately your Paytm account block 24hrs THANKS paytm,en,scam-account alarm,harmful
EsQLDLSVgAEJvMb.jpg,"Recently #Cambodia mobile subscribers has recieved text sms to verify their bank accont. The sites are in the sms are reported  #phishing sites. Last week, 5 ppl reported lost of thousands of $$$ and 3 arrested. https://t.co/U2vh3vaDtS","Your Canadia account has been logged in . To protect your rights , please verify to update the access device https://www.canadiad.com/",en,phishing-account alarm,harmful
E0IMFvRUYAAnASE.jpg,"Not even 24 hours of registering at #CoWin and I get this spam SMS. Coincidence?

PS: I have full DND active, and I do not usually get a lot of these texts.

CC: @anivar, @logic https://t.co/EtMB9CqaE3",stay prepared for emergencies with up to Rs . 200000 from Money Tap . Get your pre - approved Credit Line here : mntp.in/PAPD2,en,spam-promo,harmful
Efxr8d1U8AEdi6j.jpg,"Getting spam on SMS is normal, only this time it&#39;s on Whatsapp https://t.co/EN41JYw4NG","Messages to this chat and calls are now secured with end - to - end encryption . Tap for  I don't bring you a million dollars , but I can help you earn Rp . 1,000,000 to 2,000,000 in 24 hours , but you will pay me 20 % of your profits after you receive the first payment of your profit when you receive it . ASK ME How or message me on WhatsApp +6283103305270 For join , Just save contact and click on the link below  http://WA.ME/6283103305270",en,spam-other,harmful
DfzbPx4X4AE-gb5.jpg,@KotakBankLtd scam for sharing bank account details through sms please take immediate action https://t.co/A4TSMqy46X,Dear customer your KOTAK BANK Debit Card points worth Rs 6897 expired by 16/06/2018 . Kindly convert your points into cash by click here http://shoppepay.in/,en,scam-credit/debit card,harmful
ECovQyUU4AI2RvB.jpg,⁦@VodafoneIN⁩ new spammer. I never ever dealt with these *+#%+**$ &amp; yet they are spamming on my Zero DNC number ⁦@DoT_India⁩ ⁦@Secretary_DoT⁩ ⁦@Dev_Fadnavis⁩ https://t.co/rs1IBUFd7r,"Kalyan ? s best 1BHK : prices rise by 3.2L after Sunday Jackpot opportunity : Smart 1 & 2BHK pwrd by Jio Fiber , 29.9L + raunakurbancentre.in Call02268504222 RERARg T & C",en,spam-promo,harmful
E3at1cjVgAIMO-z.jpg,@Cyberdost @MahaCyber1  Pls check this fraud SMS. Thank you. https://t.co/oTdLOUyC7Y,"Your Paytm amount Rs . 34,939 is credited to 9757464456 Download and Register now d1m.in/qprxmn",en,scam-financial,harmful
EHLw4qPWsAAN2gl.jpg,Robospam sms political solicitations seem like they shouldn't be allowed. Spam emails are bad enough. https://t.co/s3ncpmpKaP,"Hi , this is Donald Trump Jr. The Democrats are obsessed with impeaching my father . We CAN'T let them succeed . Take a stand NOW : givered.co/?Standwith Don",en,spam-vote,harmful
EoyM7IbUUAAT0bW.jpg,"@reliancejio @JioCare 

Received the sms but the number not linked with my family member, please check  might be that is a fraud. 

They are not responding over call. https://t.co/oWh7DiweMC","Your family member's Jio plan has expired . To continue their services , recharge 6209575601 on Paytm with Rs.199 plan , New User code : JIO50 to get flat Rs50 cashback & Existing user code : JIO150 to get 3 vouchers of upto Rs50 each . T & CA . Recharge Now https://p.paytm.me/xCTH/JIO150S",en,scam-financial,harmful
EIRsKpjXsAAr0M3.jpg,"I'm lucky
$65,000 via email in 2 days !
#sms #scam #ScamAlert https://t.co/aIvEVRpyXk","We have $ 25,000 transaction on your name . Check here http://bit.ly/Transfer-Money",en,scam-financial,harmful
EwBH_OyVIAQUFwP.jpg,Hey @MyMaybank seems like you got some trouble ahead of ya! Got this sms with a phishing link! https://t.co/XOsIpzwdIH,"RM0.00 M2U : Dear M2U users , your account has been suspended . Log on to www.maybnaks.online to complete the validation process . Please make verification in the next 24 hours to avoid service interruption .",en,phishing-account alarm,harmful
EI2yxzcWkAYwHzv.jpg,⁦@TheOfficialSBI⁩ ⁦@TRAI⁩ ⁦@rssharma3⁩  -  phishing spam? Why do you allow such SMS handles? How does a user block it? What are you doing? Innocent people will potentially get ripped https://t.co/SmVBy9bdrz,SBI..CUSTOMER YOUR SBI..SAVING ACCOUNT & DEBIT CARD WILL BE TEMPORARY BLOCKED ON 09/11/2019 BECAUSE DUE TO INCOMPLETE KYC..IN YOUR BANK ACCOUNT TO REACTIVATE YOUR BANK ACCOUNT & DEBIT CARD KINDLY PLEASE UPDATE YOUR FULL KYC..IN YOUR BANK ACCOUNT IMMEDIATELY VISITING BELOW THE LINK https : // docs.google.com/forms/d/e/ 1FAIpQLSd2G1gIdERRSDsh WpJrMKgmeX5G VFOCqDVD4c37NhyoN5RW g / viewform,en,scam-account alarm,harmful
EG6Oq5pUcAAECkY.jpg,@DGPMaharashtra @MahaCyber1 I received the sms from this number.... new fraud typo.... https://t.co/cUJj4vKoAk,"DEAR WHATSAPP USER , YOUR WHATSAPP NO HAS WON RS . 2 CR 75 LAKH IN THE WHATSAPP GLOBAL AWARD 2019. FOR CLAIM , SEND NAME : ADD : MOBILE NO : AGE : JOB : TO : rbi@erbibn.org.in",en,scam-prize,harmful
D4bStqrU0AAdt6B.jpg,"@idea_cares may i know who is the sender of this SMS. Also I would appreciate if you can share the operators name and circle from which this premium sms originated, also the IP Address if the originating computer. @trai #SpamShame #fraud #telecaller #marketing https://t.co/n3O9htFliX",3 IN 1 PLAN Invest Rs . 4K PM and enjoy benefits like : 1. Maturity of Rs.53 Lac 2. Whole Life Cover of Rs . 12 Lac 3. Pension 30K PM Click bitlyk.com/50ffau81088,en,spam-promo,harmful
EiMagBSU0AA9rFc.jpg,Scam by @Lendingkart  giving wrong information on sms to lure user and their details ! Note with  P.M Mudra Yojana you can only get max Ra 10 Lakh Loan ! @RBI @TOIMumbai https://t.co/TQToYrnRnY,"Dear Customer , Rs . 2 CRORE Loan Amount Can be Credited in Your A / C under ( P.M MUDRA Yojana ) without any Documentation . Submit Details txt1.in/ HqQ / Odd1fKW",en,scam-financial,harmful
EoQhvC1WEAAsNr-.jpg,"@LloydsBank hi, my husband has just received this sms, we assumed it’s phishing scam?..so didn’t click on the link. Anything else we should do? https://t.co/IX04kOwDw8","LLOYDS BANK : An attempt to pair your account on to a new device was made . if this WASN'T you , visit : help.device - secure - new auth.com",en,phishing-account alarm,harmful
ErEiT89XcAYwfsa.jpg,@GOVUK is this a scam message that I have received #SCAM #UKGov #SMS #spam https://t.co/MDQ9oR8PIC,"UK_Gov : In order to use Government Gateway Services , we require further verification as you may not have verified your account with us . https://utr.gov.uk.ref03.ga/ UK_Gov",en,scam-account alarm,harmful
EDcRACbUEAAVQTO.jpg,"@nsitharaman @rsprasad @FinMinIndia  Ji People may lose their bank info. Please act on stopping this spam SMS asap
All fake sites originating from RUSSIA https://t.co/Jsd1jYTGs3","the Incometax_Department requires you to click the link below to submit a formal request for the payment of your unclaimed and overdue tax refund of 19,150INR . http : // 5.196.115.231/ITRefund",en,scam-tax,harmful
EnnV6IRXYAIgHo4.jpg,@LloydsBank got a phishing SMS https://t.co/oQjuPwNpfx,"LLOYDS : A new payee has been au thorised on 24/11/2020 at 20:05 . If you DO NOT recognise this , please visit : https://verify-device.help",en,phishing-account alarm,harmful
D2o0c9KVYAAuBps.jpg,@JioCare Received another SPAM SMS from a different number today. @TRAI @DoT_India https://t.co/agtvYZjfjO,Hi Election special 1 Lac sms @ 4999 1 Lac voice call @ 7999 1 Lac bulk WhatsApp @ 7999 IVR @ 6999 Data free Website free Call @ 7065680680 Clik @ bit.ly/2LkgXAL,en,spam-promo,harmful
DYZOS_KVwAITBQh.jpg,Sorry #ADT but I do not recall giving @ADT PERMISSION to spam me!! You will be registered to a porn site for every unsolicited sms I receive #notospam #notacceptable #spam https://t.co/kjdwPBgX20,"Control your security with Fidelity ADT'S SecureHome mobile App PLUS FREE rental alarm worth R6,500 . Reply A for info , C to opt out . Fidelity ADT Auth Dealer",en,spam-promo,harmful
ET0Go-QXgAIwkFy.jpg,"Dear @O2 - I know this isn’t you, but for your awareness someone’s trying to pretend they are! #Phishing #SMS https://t.co/SSDnUL3dxf","02 : We were unable to process your latest bill . In order to avoid fees , please update your payment information via : https://o2.uk.bill337.com/ ? 02 = 2",en,scam-account alarm,harmful
EySTBGMW8AITvwx.jpg,"#bahrain Dear All, Reporting another fraud. An SMS comes as CPR expired in the #BenefitPay system with a link. Once the link is clicked, it takes to the fraudsters’ portal where they ask to enter confidential information. @TRABahrain People in #bahrain please be very careful. https://t.co/6igtrYhPcc",Your CPR has been expired from the BenefitPay record So please update your CPR again immediately in your BenefitPay Account click here http://bit.ly/3fH5Xk1,en,phishing-account alarm,harmful
ElEtM5OVkAUe4fL.jpg,@amazonIN @AmazonHelp  this seems to be a scam to lure Amazon customers. have enclosed the website and sms screen shots claiming to give me 12.60 lacs or a car for sharing my banking details. Hope Amazon will take action. Did a data vreach leak of my number occur on your site? https://t.co/6PteBiYnHl,Congratulations you have become a winner in the 1 st prize by Amazon company this valid for 1 day . Contact +917003207129 t & C onlineluckyshoppingdraw.in,en,scam-prize,harmful
DfPUAxMWsAAZ2z7.jpg,.@HMRCcustomers Received this #phishing text this morning. I've reported it as a #scam text as it doeant appear to be an official @DVLAgovuk SMS. The https:// address shows as DVLA . Co . UK not Gov . UK and DVLA don't send SMS with links for refunds. https://t.co/d54fjLbe27,We would like to notify you that you have an outstanding vehicle tax refund of £ 104 from an overpayment . https : //dvla.co.uk.vehicle-tax-refunds .org / dvl,en,scam-tax,harmful
Enm7XmEW8AI0XeH.jpg,@Vodacom111 please look at this SMS I received today. Looks very much like #phishing to me. Is this legit from @Vodacom? https://t.co/3MFEPjDFaE,"Hi , I am TOBI from Vodacom . Your Acc 1146 is due on 2020/12/01 for R. 42 . To pay or manage your account , reply ACC or use WhatsApp , click https : // wa .me / 27820098624 / ? text = manageaccounts . Stay Safe . Vodacom",en,phishing-account alarm,harmful
EF83IP3UwAAWNly.jpg,@SBICard_Connect Received this SMS which asked me to redeem my reward points. Redirected to a site which asked for my CVV and complete card number. Beware of this fraud!! https://t.co/Mk96SjaZTo,Dear customer your SBI credit card reward points worth INR 9540 expired by tomorrow . Kindly redeem your points in cash by click here https://bit.ly/ 2nbPmvP,en,scam-credit/debit card,harmful
EU0IOiJUwAImSfz.jpg,"@Paytm @vijayshekhar I got Fake  Random SMS of Paytm  KYC  , can Paytm investigate this number !?? It's fraud number. https://t.co/JF77TotlOc",Dear Customer Your PTM eKYC has been expire today please call customer care no 8101656692 immediately your PT M account Blocked 24hrs THANK YOU,en,scam-account alarm,harmful
ENVrX4UVUAAq_gh.jpg,"@Paytm @Paytmcare received this SMS today.
I know it's a scam.
Please find out and complaint against them. https://t.co/ROVk1zSkZJ","Dear Customer Your _paytm_ Wallet Has been Blocked and Hold Your Amount Please Complete Your _paytm_ KYC_ Contact Customer Care , 6289951499  This message is sent from an unknown number .",en,scam-account alarm,harmful
D0RP9QaWkAArPmX.jpg,Hey @NatWesthelp some vaguely credible SMS phishing for you. https://t.co/GuE2B25wFB,"NatWest disabled your Online Banking temporarily due to unusual activities , please restore it via https://nwoolb.online to secure your account .",en,phishing-account alarm,harmful
EO85BcWU0AAXDvy.png,🚨 SCAM ALERT 🚨 Watch out for a new SMS #scam asking for your bank details on a fake @myGovau website. Don’t click any links – even if it looks legit! Learn more @ https://t.co/wnXVHiqGZ2 https://t.co/FoQ4d4CE5p,We've noticed you have a positive balance 320.7 AUD from last financial years . Please verify your information to receive the funds myatoservice.com/3/?ID=,en,scam-financial,harmful
ExLlfRSVoAMHg-V.jpg,"Ooh, I got a Royal Mail scam SMS, my FOMO is assuaged. :&gt; https://t.co/ClLmJzTwzB",Royal Mail : Your package is waiting for delivery . Please confirm the settlement of £ 1.99 on the following link : https : // royal - mail -parcel7386.com/,en,scam-delivery,harmful
E2UX3vhUUAQlJlo.jpg,"@MahaCyber1 I have received a SMS starting won amount via Gpay.  It is a fraud, asking to click a link to open Gpay/BHIM and send money.

I have captured name &amp;  account details of person, wanted to know where and how can I file a cyberfraud complaint? https://t.co/RXjv7sCsYs",You've have won 1500rs Google Pay Reward . Click now to get Reward . https://gppay.live/ewa,en,scam-prize,harmful
EITUrmYXsAAYFkr.jpg,"Scam email via SMS, nice! https://t.co/FFZydvuAQO",You have a pending Tax Refund from your council . To proceed with your application please complete your form via www.citycounciilii.com,en,scam-tax,harmful
E3-vARyUcAEvRjt.jpg,Beware of phishing / #SMS #fraud. Received this today and not falling for it. But just imagine what it would do to gullible consumers. @MumbaiPolice please take action @JioCare Such unsolicited messages should be stopped at the source itself. Don't you agree ? #TRAI https://t.co/RqKr13MnnN,Dear customer your account has been blocked due to KYC Update within 24 hour . Please contact customer care 7866867158 to continue your service.Thank you,en,phishing-account alarm,harmful
DeRKhiyUwAETGsO.jpg,It’s stupid on behalf of @ZomatoIN to allow restaurants with phone numbers - I get spam sms everyday by these restaurants that I referred via them ! https://t.co/lw3x0oEeW2,"Dear , you have 200 Points left in your Biryani By Kilo account . Redeem them @ bit.ly/ BBKorder or on APP : bit.ly/ BBKapp STOP : http://lmty.io/2J4ia3",en,spam-promo,harmful
DnX4BEsWsAEVjqM.jpg,Just received this spam sms - baffled https://t.co/wxMpSa0lJm,"You can help to clarify the truth ! Telepathic transmission of information , is it possible ? 2nd Global Experiment PYRAMID , join free : https://allatra.tv/en/znaki 12:21",en,spam-other,harmful
ETswLX6UMAApE9D.jpg,"@Bajajfinserv3 @RBI @rblbank please stop this scam sms, this was sent to my mobile number for bajaj Finserv super card, its official sms too
Sms : Incoming transaction pending https://t.co/u004W9vp23 https://t.co/tl2ZEi2PF7","Hi ESAKKI RAJA , need help in reading the monthly statement of your Bajaj Finserv RBL Bank SuperCard ( XX8147 ) ? Chat with Ria to understand the important details mentioned in your statement , click http://bit.ly/2NXN78 ) .",en,spam-promo,harmful
D9M5EDhVAAAHHP-.jpg,"State Bank of India, @TheOfficialSBI are you aware of this “credit card points” scam doing the rounds in your name? Fake SMS, fake website and fake numbers. What are you doing about it?
See attached screenshots. I got this as an SMS today.
#sbiscam 
@RBI https://t.co/zNpfCOSfxd",Dear customer your SBI card points worth INR 6372 expired by today . Kindly redeem your points in cash by clicking here http : // cardssbi.com/,en,scam-credit/debit card,harmful
EnpzcwcUcAAM-Ya.jpg,@TheOfficialSBI Be Aware Of New Type of Netbanking Fraud By Sms of Netbanking... https://t.co/pt8vxvd9FY,SBI : Your Account Is Locked . Please Go To https://s.id/vutvy To Unlock .,en,phishing-account alarm,harmful
ES-f9HQUUAALmJV.jpg,"@JioCare @reliancejio , Please take a strong steps against this fake/spam sms sender. This may dangerous for coustomers and may loss of money. @DoT_India https://t.co/i9H7Wyes6z",GOOD NEWS Jio has Announced today to give 25GB data with free calls daily for 6 - Months Download to activate offer  Link : http://tiny.cc/MY-JIO-4G,en,scam-other,harmful
E30jRXAVoAA5iqP.jpg,"@hydcitypolice @cyberabadpolice 

Sir Now a days Sim Activation Scam is being operated from New Delhi. Please create awareness.
Steps Spammer Follows : 
1. victim Receive sms
2. Provides a number to call back
3. Spammer receive call ask user to install app

#Beaware https://t.co/58e9Fx1TKv",Dear User your SIM Verification is Pending Please call our customer Service for offer 7866037800 Your Service will be Blocked within 24 Hrs .,en,phishing-account alarm,harmful
DnclXJGUcAA92p6.jpg,"This is why we need spam/block functionality, or at least some rate limiting for SMS.

Around 15 exactly identical messages within 1 hour! https://t.co/BZzI0o2JGt","UPTO RS 1 LAKH OFF On Popular Used Cars , India's Biggest Car Mela @ DROOM ( 19-25 Sept ) Hurry ! Buy Now : https://goo.gl/N8uSjc | Call Free -1800 407 0707eder doesn't support replies",en,spam-promo,harmful
ECkXa3nUEAIBKoc.jpg,"@JioCare @TRAI I have DND activated on my mobile number. Still, lots of these Spam Sms come into my inbox. See attached pic &amp; Plz help. @reliancejio https://t.co/Y7lxikPMmq",Great profit Continue SBIN Sell 275 Booked 269 TataElxi Sell 630 booked 607 Bnknfty 28000PE Buy 88 Booked 377 Same Call  CL / WP 09886247012 ( Sushmita ),en,spam-promo,harmful
EQKbFB_XkAECFE6.jpg,I just received this SMS which reports itself to be from @Argos_Online (I did complete a customer satisfaction survey recently). It looks like a phishing attempt though - beware (I have deliberately masked the URL in this image)... see https://t.co/QI4MSomwkt https://t.co/ohqxJ5jgcN,"ARGOS - Congratulations , you've won the £ 500 gift . Don't miss out ! Your gift is valid until Sun 9th February : https://bit.ly/ ARGOS - O",en,scam-prize,harmful
EW_HhzvWkAE9k8B.jpg,@PaytmCybercell @Paytm @MahaCyber1 looks some kind of fraud misleading sms. Please take necessary action. https://t.co/5UhXpne0lK,Dear customer patyam your KYC has been suspended patyam office PH 7908032997 acount will block with in 24hr,en,phishing-account alarm,harmful
EapYEGAXQAYNyQ_.jpg,@BofA_Help not a bofa customer.  got 2 of these via SMS today.  assuming a scam attempt and wanted to make bofa aware. https://t.co/n9jE1LxQrO,FRM : BnkOfAmerica Click www.bofa-qhw.com SUBJ : Account Blocked MSG :: 8946,en,scam-financial,harmful
Db-zQMkUwAAhIDb.jpg,I really love SMS political spam so much that I only reply to them in languages that don’t use the Roman  alphabet. https://t.co/E4X2s7niMf,"Hi Tia , this is Tyler with Yes on F , the ballot measure for the June 5th election that will guarantee that renters like you and me get a free lawyer if we ever face eviction ! With over 40,000 renters evicted in the past 5 years , this measure is really crucial for us . Will you join me in voting yes on Prop F ?",en,spam-vote,harmful
Ek-TbqRUcAA25ju.jpg,"We used to get these type of SPAM mails before. But now , they have started reaching people via SMS as well. Who are appointing them SenderIDs for this type of activities? ⁦@DoT_India⁩ ⁦@Airtel_Presence⁩ ⁦@airtelindia⁩ This is a clear SPAM picture! #spamalert https://t.co/xYlI9kYYJB",Special offer !!! COULD YOU PARTNER WITH ME IN AN URGENT TRANSACTION ? CONTACT ME RIGHT NOW FOR DETAILS : sydneyjames80@outlook.com,en,spam-promo,harmful
EkJS96IWAAIlLrS.jpg,"@RBI @MumbaiPolice Another phishing fraud, sms there should be a strict procedure to apprehend these fraudsters. 

Can the cops trace them throughout and bring them to justice. https://t.co/bxs9Yeaq5Y","Dear Sir , We are Multi Pharmaceutical Co. UK , We have Urgent & Longtime Profitable Business to discuss with you . Kindly Reply to : tomb2788 @ gmail .com",en,scam-other,harmful
ENBFpAxUwAYuaae.jpg,"This looks like a #Fraud or #Spam #SMS @Paytm @Paytmcare please verify authenticity of this message.

If not genuine take action as per your set protocol. 

Thanks. https://t.co/mojmCvBngL",PAYTM Dear paytm customer your KYC has been suspended.Paytm office pH 9641172418 call immediately . Your account will blocked within 24 hours . Thank you paytm team,en,phishing-account alarm,harmful
EAxLXQiU0AArd_L.jpg,"@IncomeTaxIndia I received a SMS regarding an refund from a ‘ITDEFL’ contact. The msg has a malicious link to a Russian site!  

Since xx-ITDEFL sends legit messages regarding TDS etc., this is worrisome. Please check. #cybercrime @nsitharamanoffc https://t.co/JzF8YV9HZ0","IncomeTax ( e - filing ) requires you to click https://bit.ly/ 2Z1pQSs to submit a formal refund request for the remittance of your approved refund of Rs25,290.09 .",en,scam-tax,harmful
EnJQUbXW8AAl6cc.jpg,@TMobileHelp What are you doing to stop sms spam? Two lines on two different accounts have gotten the same spam text today https://t.co/OkJA3wH9Sx,"The PlayStation 5 Just Dropped- You're Chosen As Today's Winner !! Snag It By Tonight , 11 / 18- http : // wedspswin2.com/r4z/btghhlk",en,scam-prize,harmful
ENV8yfwUYAAxumv.jpg,@Paytm @Paytmcare see how the Fraud is getting done on the name of KYC by Paytm Team. I have received this SMS just now. Pls take the note of it and alert your surveillance dept to take action on it. @MumbaiPolice pls take action on it https://t.co/gONs1FtSHv,Dear PAYTM customer your Paytm KYC has expired . Contact customer care No 6294108269 immediately . your account will Block within 24 hr . Thank you PAYTM TEAM .,en,scam-account alarm,harmful
Eu-NyxiVEAAoV8c.jpg,"1. Receive bodgy sms
2. Run link on @urlscanio 
3. https://t.co/f8TjMXNRMU verdict: malicious targeting Optus
4. Google verdict: 🤷‍♂️ https://t.co/MF9n5j4sCf",Optus : We still didn't hear from you . To avoid service restrictions please visit https : // account.optus billing.services/ to confirm your details .,en,scam-account alarm,harmful
Ex6EbrWVIAMPJx5.jpg,@KolkataPolice new scam sms kindly take action. https://t.co/onUKoju9h2,Dear customer your Bsnl Number has been Closed for 24 hrs please submit Addhar please call customer care : 8927500166 immediately,en,scam-account alarm,harmful
EC9c3dcUcAAxtkC.png,"@narendramodi_in @BSNLWBTC @FearRTs @TRAI @LogicalIndians @SpeakUp_IN @UfterYou @Ei_Samay @IJaising @narendramodi @PMOIndia_RC @PMOIndia DND Farce, Again spam SMS at @BSNL_WB no 94344..67 frm BZ-ERNFRM: ""Earn 30K to 40000 pr month Set up Paper Plate,Paper bag..
Business at home.
Free Raw Material,Buy back Agreement &amp; training's
cl :08588819688"". @rsprasad @OfficeOfRSP @FearRTs https://t.co/tVd86WkuSy","Earn 30K to 40000 pri month Set up Paper Plate , Paper bag , Tissue paper Machine Business at home . Free Raw Material , Buy back Agreement & training's cl : 08588819688",en,spam-promo,harmful
Dls_aajW4AEVTZk.jpg,"booked refill on 23 Aug, Order 148002, Refill ID 2341145253 and made online payment. Today, received a SMS that refill is delivered on 28 Aug, but in reality no cylinder has been delivered. Serious case of fraud by the distributor. Take action @BPCLimited @PetroleumMin https://t.co/EutFaY2hgz","Dear consumer , this is a confirmation receipt for online payment of Rs . 759.500 ( txn chgs extra ) , against Refill booking ref no 2341145253 .",en,scam-financial,harmful
E3lN1ZhVIAECBik.jpg,"Dear @TheOfficialSBI, yesterday was #AntiCounterfeitingDay. Ironically I received this fraudulent SMS that your security team might want to address. Don’t know how many customers have fallen prey to this phishing scam. Links lead to a fake website and form with fake captcha image https://t.co/cp7Hlrb6bN","Dear customer , Your State bank of india account has been suspended . Please Aadhaar card update in your account click here link - https://is.gd/ mYPJkw / SBI",en,phishing-account alarm,harmful
DwsTvgAUUAAQEt5.jpg,Gee thanks for the personal SMS Clive Palmer. I’m kinda wondering how you have my number though? @acccgovau @acmadotgov #privacy #spam https://t.co/mNYzP1esxP,"Only 80 % of WA's GST goes to WA thanks to Libs & Lab . Keep 100 % of WA's GST in WA . Vote 1 United Australia Party , Clive Palmer . Auth https://bit.ly/ 2QİGAUM",en,spam-vote,harmful
ED3uU6UWsAAAkIj.jpg,This fraud SMS #PakistsnBanks #Banks #fraud #sms #Pakistan https://t.co/x39w8EE4iU,Dear user your bank card has been block Because you have not update yet if you want to keep using your ATM card please call this number,en,scam-credit/debit card,harmful
DWGrSQnVQAAHL2l.jpg,Pro tip: you can opt out of your mobile carrier's spam SMS campaigns by replying and asking https://t.co/LwgGSjlO0u,Rogers msg : Just for you ! Get iPhones from $ 0 when you add a new line on a 2 - yr term to your family's Share Everything plan . Plus save an additional $ 10 / mo & get a bonus 1GB shareable data ! Call 1 866 607-4280 or hurry in to your local Rogers store this weekend . Offer ends Feb 21. Reply STOP to opt - out of Rogers text msgs . Reach us at http://rogers.com/contactus .,en,spam-promo,harmful
DqKuqPuVsAAgUOM.jpg,"@NetMeds 5 days and still u r unable tonfigure out a way to stop these spam sms?
just got this sms now https://t.co/jV6h0Af7VY",Your wallet has been credited with Rs . 100 NMS cash ! Come back to Netmeds and use it to shop for meds and more . Expires in 48hrs . T & C . https://nms.care/50k_w6m,en,spam-promo,harmful
DjnhicSXcAEAufw.jpg,"@chichiclothing How you get my number, and why you sending me your spam SMS? I thought @EU_EDPS took an action on that crap? https://t.co/AKZA5ynK57",25 % OFF all full priced items with code GETAPPY25 Order via the NEW Chi Chi London app ! Download here : http : // chichi.dyn.co/5wOpaqs To opt out text CHI to 60006,en,spam-promo,harmful
D0PNLFGXgAAMy3u.jpg,"Tricky @superbalist phishing scam
Came through via SMS. So they know I’m a customer, maybe.
https://t.co/C4yBcSGXIa

Notice the url.
Attached the sms message. https://t.co/Reo5gnEClA","Hi dear customer . Your refund for Superbalist.com will be processed , please update your payment information - http://bit.ly/2T3Zfds",en,phishing-financial,harmful
EktoPMBXUAEGTEW.jpg,BIG Warning !!!! Scam !!! #btc #ledger #SCAM Do not give your passphrase to lėdgėr !!! (with ė) Be careful if you receive this SMS with your first and last name 😱 @ CryptoMatrix2 @PowerHasheur https://t.co/OOesonQ81f,"LEDGER ALERT ! Dear , New info about July 2020 database hack . Your assets can be at risk . Take action immediately . https://ledger.report",en,scam-account alarm,harmful
E1rjpgTXoAI9Q9J.jpg,"I got this sms yesterday, and of course, I wouldn't bother to reply. Mr. or Mrs. Scammer, go (try to) scam someone else. 🖕🖕
P.s. It was sent from a Chilean number. 
#bewareofscammers #scamdetected https://t.co/7WzPitvXnL","+56442408540 TR / 9820 , about the two hundred and forty thousand dollars due to you",en,scam-financial,harmful
EhI1uxrU4AAO1b0.jpg,@KotakBankLtd spam and scam sms phishing.... Please take action https://t.co/2DrEW76DzO,Dear customer your Mahindra Kotok account has been Expire Please updated Your Account 24 hr immediately to contact customer ph 9123034872  This message is sent from an unknown number .,en,phishing-account alarm,harmful
E2RP8FWVoAEk2eg.jpg,"I got sms from a number I didn&#39;t know, and it said Royal Mail, so I wonder if I still paid for corona? I thought it was a scam when I googled the number! I&#39;m glad I didn&#39;t click! Everyone on the net is doing a good job in every country 👍🏻👍🏻 scam = fraud! One more vocabulary for English words 😇😇 #yms #UK https://t.co/SW4M0kNlN1","RoyalMail : Your package has a £ 2.99 unpaid shippng fee , to pay this now visit : rm redeliverycost.info or your parcel will be returned to sender .",en,scam-delivery,harmful
Egmt4OtWoAgzb4O.jpg,"Had an interesting spam SMS today. Usually, I just get random links from email addresses and such, but this one actually had some content. https://t.co/OOMQYeugED",we found a parcel from June owed to you . Kindly claim ownership and confirm for delivery here : 16svs.info/9SfB1SpxOq,en,scam-delivery,harmful
Ev3dVaJUYAQwbOe.jpg,"#SCAMALERT : #FASTag SMS Scam. 

If you call them , they will ask to download #Anydesk / #Teamviewer app. After that they will Loot your Bank ac . Same method used to dupe 77 lakhs from a #Cuttack Doctor . 

@spl_sqdctc @odiapolice @Cyberdost @CyberCrimePSCyb @DCP_CCC_Delhi https://t.co/2wz74lfn37",FASTag Your FASTag is going to expire today due to unverified E - KYC . call our customer care number +918250875984 immediatly to continue your service . Thank You,en,phishing-account alarm,harmful
Ejy2EsqXcAEVwZ0.jpg,@HalifaxBank fyi see scam SMS message. https://t.co/iGz7hjqI97,"New payee , MR P BOYD has been succesfully added to your account via online banking . You can now send and receive payments to and from from MRP BOYD instantly . If this sounds unfamiliar to you please visit the link below otherwise ignore this message .  https://halifaxcustomer.co.uk/ Wed 19:53",en,phishing-account alarm,harmful
EJKmkGZUEAAyiQB.jpg,"@RubikaLiyaquat @akhileshsharma1 @Paytmcare @OfficeOfRSP I too received the similar SMS but I had ignored this phishing SMS. If I need KYC , I will do it myself, why to rely on these messages. https://t.co/yprFm8iYXe",PAYTM WE WILL HOLD YOUR PAYTM AMOUNT AFTER SOMETIME COMPLETE YOUR PAYTM KYC PAYTM OFFICE PH 6200992462,en,scam-account alarm,harmful
D_vdoy6WkAEtWxL.jpg,@moiuae I received this SMS. It is a clear attempt at fraud. Please look into it. https://t.co/kT0FXeXJWY,"Dear Customer , Your ATM Card Has Been . LOCKED , Because You didn't Update yet . ACCORDING NEW RULES if you want to activate again Please- call at 0564514324",en,scam-credit/debit card,harmful
E3A9x8PVUAINWZ4.jpg,@CPHydCity  Hi sir just received this message sms which seems to be some fraud. Kindly fwd to any appropriate officer who can look into it. Thank you https://t.co/KLJqJceB9i,"YOUR MOBILE NO HAVE WON 4,65,00,000.00 / -INR FROM LAND ROVER COMPANY UK ' SEND NAME MOBILE NO AGE ADDRESS OCCUPATION REPLY TO : giftukprice@gmail.com",en,scam-prize,harmful
D9VNP9gXsAAbxCt.jpg,I received this sms. Is this a new type of scam... 🤔🤔🤔? @OUTASA https://t.co/g4wHxWseiR,You have outstanding Traffic offence ( s ) . Pay here : www.paymyfines.co.za/tcr.aspx ? inf = BF / 80 / 1045152 / 110 . From PAY MY FINES . If paid pls ignore .,en,scam-financial,harmful
Ey3MwVbXEAEu5xc.jpg,Fresh @HSBC_UK #phishing via SMS. https://t.co/Vj0k8voAkn,"HSBC FRAUD ALERT : You have authorised a payment of £ 240.00 to Mr C Jones . If this was not you , please cancel via : https : // onlinebanking-activity-log-on.com",en,phishing-financial,harmful
ECE3B_2VUAAR4jH.jpg,Phishing SMS received yesterday. Have you seen these before @NetflixUK? https://t.co/XY0pQ1J6ba,URGENT message from Netflix regarding your membership . Click below for further information . https : // verify netflix-gb.tna3.tw/nfx/ verify.php,en,phishing-account alarm,harmful
EcuAgi-U8AAtTE9.jpg,"@TRAI getting spam sms daily on bsnl, no change after multiple calls &amp; reports,attached a sample screenshot. possible to stop this ? https://t.co/lr8lFJXHC9","App - No Income Medical proof required Get Rs 1 Cr Pre Approved Term plan instantly get upto 10 discount if u buy online now ht , QP - HXINSR , 12 / 07 / 20  12 min . SMS via BSNL MOBILE",en,spam-promo,harmful
D9UdHxPUEAEqtsC.jpg,"@Airtel_Presence Another spam sms on 18 June 2019 at 10:39 am.

Still issue going on

@airtelindia @Airtel_Presence @airtelnews @TRAI @PMOIndia @rsprasad @narendramodi https://t.co/bczB5h3Y32",Limited Unit Reserved in Central Secretariat Housing Society New Delhi eligible for All Gov. Emp . Regi . For call 9899514982,en,spam-other,harmful
Ef6KVkXUwAA6Sb_.jpg,@aduanBRTI I&#39;m already so annoyed with it until the crown every day you can get 2 to 3 spam sms like this https://t.co/zhe7MLgueC,"Congratulations.youve got a high - paying job . Join us make 300k- 800k per day from home phone , you can also add my whats @ pp : w @ .me / 6285882434707",en,scam-other,harmful
ECwJAYQXYAEukZF.jpg,So long sms spam. Say hello to un reportable MMS spam https://t.co/TrlW5LJAOo,( 475 ) 200-0947 created this group MMS with you and 4 others  87311 Installment Money Get up to $ 5000 - @ .www.theaffordablemoney .com,en,spam-other,harmful
DtwcqiIU0AAaqqM.jpg,These SMS spam message are easy to fall for them. See the URL! ⁦@Spamfish⁩ ⁦@nomoreSMSspam⁩ https://t.co/754iMkZAgs,Scotiabank Alert ! Your client card starting with ' 45360 ' has been disabled . Please secure your account below . http : // scotiabank.ca.securemlss.com/ s /,en,scam-account alarm,harmful
EfS0xDHUYAEGzX-.jpg,"@KotakBankLtd I'm getting lots of spam sms to update my KYC.I know its fake but some others, especially elderly ppl shouldn't get caught in this trap. 

My question is how do they know that we have an account in your bank? How is that data getting leaked? https://t.co/LSOJiralWv",Dear customer your Mohindra Kotok account has been expire please update your account 24 hr immediately contact pH 7890966935,en,phishing-account alarm,harmful
Es6f6o-UYAUEuRk.jpg,"Beware with such spammers, they sms randomly and pull us into unwanted troubles.
Needed DND rules on such spammers to.
#TRAI #SMS #spam #spammers #instaloan #troublecreators #Spoilers #beware https://t.co/sDP0XMQUKo",Congratulations !! Your Application Number XX456 For Personal Loan Is In Pending Status . Download App & Confirm Now : https://s4h.in/s/alGogdaWri,en,spam-loan,harmful
EpOS4GpXEAkvEbP.jpg,SMS scam targeting @LloydsBank here https://t.co/CsobNhvj1p https://t.co/TtUQBl0QyP,LLOYDS : You have successfully scheduled a payment of 54.99GBP to a new payee for 18:45 PM on 14/12 . If this was NOT you visit : https : // removepayees.net/lloyds,en,scam-financial,harmful
EZbFBkdUwAAf71k.jpg,@PaytmCybercell check this phishing SMS I received today. https://t.co/HcEOeNX6au,Dear PAYTM customer your KYC has been suspended . To Verified PAYTM call 6295904344 immediately . Your account will be blocked within 24 hours,en,scam-account alarm,harmful
EzaL3pWXIAEPiCd.jpg,Yet another phishing channel -  @O2 is there nothing that can be done about SMS sender id verification? https://t.co/ETo1PfykMZ,"Hi . It looks like you recently sent your first premium text ( SMS ) .  Just in case you didn't know , this sort of text isn't included in your tariff .  To check your charges and stay on top of your bill , head to My 02 : https://o2.onelink.me/ rFS7 / 1e68abf1",en,phishing-financial,harmful
D6zojWKU0AAWdK_.jpg,Oh fuck off with your SMS Spam! #auspol https://t.co/z9XUjurhG8,"As a Victorian , Bill Shorten will make sure we get a fair go . Better health care , fair wages & climate change action - Vote Labor Dan alp.org.au",en,spam-vote,harmful
EKMoqo5UEAEIilt.jpg,"@DelhiPolice @MIB_India There is fraud happening in the name of KYCPTM.

When I received SMS for KYC recertification with a mob number (image attached), I opened @Paytm to verify it and luckily they have posted an alert. 

But any one can be easily looted. Please do the needful. https://t.co/S7GGgdmkSI",Dear Paytm customer your Paytm KYC has been suspended . Paytm office PH 09330100081 immediately . Your account will block within 24 hr . Thank you Paytm team,en,phishing-account alarm,harmful
D9xZDf3WwAMjhGr.jpg,"F'ing moronic Dug Fraud Ontario Conservative government.  Wasting more taxpayer dollars SMS texting residents about our Carbon Tax.

And the average Joe buys into this shit... https://t.co/2SkAH5FI4w","Hi , this is Sue from Ontario Strong . Do you agree that we must scrap the Carbon Tax ? Respond : Yes No",en,spam-other,harmful
EOs_YXiUEAAdk2T.jpg,@Paytmcare @vijayshekhar received on e of those scam kyc sms. Please take action against these scoundrels. https://t.co/P40DLmTVWH,Dear paytm customer your paytm kyc has expired contact customer care No 6291555763 immediately . Your account will block within 24 hr.thank you paytm team,en,scam-account alarm,harmful
ElpTVHcU4AIJX89.jpg,If anybody received this type of SMS  please don't click the link. This is scam. Be aware #ScamAlert @Scamwatch_gov https://t.co/WSleeRk1Pq,"7028XXXX43 , received payment of Rs 3500.00 by PAYTM . Txn ID 9908XX25X . Download now and Register to Receive your amount . TnC http://m3fr.com/e0B04hiro",en,scam-financial,harmful
Eh8LF1lWsAEFgT1.jpg,"@PhonePeSupport
 
@PhonePe_
 It's a humble request to your team to remove Request money by Upi option asap as many fraudsters using request money option to do fraud I also got such call
Also see fraud happening by sending such fraud sms #RemoveRequestMoney #Phonepe 
@NPCI_BHIM https://t.co/lPDPLOA9ZU",Dear Customer Your Phone pe KYC Has been expired Today Please call Customer care no 7865879649 immediately Your Phone pe Account blocked within 24hrs . Thank YOU,en,scam-account alarm,harmful
ES8C-bTWsAA2e-s.jpg,"First @fightfortheftr started sending me SMS spam. I guess because no one could ever object to hearing about a FIGHT FOR THE FUTURE even if they didn't ask to be added to the list.

Thankfully, the messages were infrequent. https://t.co/Suo8rM69Gd",Our digital privacy is under attack . Can you sign the petition to stop the EARN IT Act to protect encryption and free speech online ? You can do it right from your phone ! What's your full name ? Thu 11:35 -,en,spam-other,harmful
EWL4fdBU4AMCGZz.jpg,@Paytm @Paytmcare got this SMS. Hope it’s not from you! Seems phishing/ fraud etc @idea_cares how to block such fraud messages!!!! #dnc #DNC #Phishing https://t.co/ipEDj6nMAE,Dear Customer Your PYTM KCY has been expire today please call customer care no 8389933297 your PYTM has been block 24hrs THANK YOU PYTM TEAM,en,phishing-account alarm,harmful
E1dAQuRXIAQSbZE.jpg,"Just got another scam SMS on my phone 📱, see below. The frequency and severity of scam messages in the UK seem to be much higher that other countries that I have lived in, such as Canada 🇨🇦 and Turkey 🇹🇷. Are there any reasons for this? @actionfrauduk https://t.co/IVUF6W1ZRB",CENSUS : This is your LAST chance to amend your Census application . Please visit https : // census.trackonline admissions.com to amend and avoid £ 1000 fine .,en,scam-other,harmful
Ey7MWqLW8AAemiM.jpg,"⁦Erm, ⁦@ExecuspecsSA⁩, what do I SMS to opt out of this spam? https://t.co/CGTMgZ4Qcs",Hi Mark . You're overdue for an eye test at Execuspecs . SMS YES to book & get TWO looks for the price of 1 ! Buy your first pair & get a second FASHION pair FREE . T & Cs,en,spam-promo,harmful
EsVlq6IXUAIy0mQ.jpg,"We are aware of SMS campaigns seeking to exploit the Coronavirus vaccination efforts. They claim to be from the UK Government, NHS, Test &amp; Trace, GP surgeries, pharmacies, or other health organisations. If you receive these messages, forward them : Action Fraud to the FREE  7726 https://t.co/KfvTZtOu4p",GOV.UK CORONAVIRUS ALERT New rules in force now : you must stay at home . More info & exemptions at gov.uk/ coronavirus Stay at home . Protect the NHS . Save lives .  We would like to inform you that you have been recorded as leaving your home on 3 occasions yesterday . A fine of £ 35 has been added to your gov.uk account . For further information please visit gov.uk/ coronavirus - penalty - payment tracking . Protect the NHS . Save lives .,en,scam-covid,harmful
D14Nm0fXgAEMhKI.jpg,"If you got this SMS, ignore it. It’s fraud.
#Dubai #DXB #DubaiPolice #Fraud https://t.co/w9ZGXNKH6L","Dear customers , your ATM card has been blocked . because you did not have an update yet.if you want your ATM card to work properly , then contact this number i7to , 0567435642 0568024108",en,scam-credit/debit card,harmful
DubvuG5XgAA2Qlb.jpg,@TheOfficialSBI I think this a fake link circulated these days to customers as a phishing SMS. WEB ADDRESS looks genuine...if this is a phishing...corrective action is requested to safeguard the customers. https://t.co/vykdofpa3y,"Our records indicate that you have not registered your SBI Card on our website . To stay updated with your transactions , register now - http://bit.ly/1V8wNAQ",en,scam-credit/debit card,harmful
Ed_u1FJWoAAj9c7.jpg,Nasty SMS scam targeting @AskAIB doing the rounds #security https://t.co/4nsg0bUrOL,Your AIB Card is deactivated on 28/07/2020 for security reasons .  Go to https : // aib - card skimmed.com as soon as possible to order a replacement card .,en,scam-credit/debit card,harmful
Dr6hkr_UcAAIvY6.jpg,.@WellsFargo phishing activity happening thru SMS https://t.co/lgMsdLx8XI,( Suspicious Activity ) http : // bit.ly/2DipbJa Wells Fargo Bank Account Access Locked87,en,phishing-account alarm,harmful
EbF2eVuUMAAizwi.jpg,@Paytm @Paytmcare Please act on this fraud SMS asap https://t.co/02npfjgZTm,Dear PAYTM User Your PAYTM A / C KY.C Has Been Expired Call immediately For Verification A / C will be Blocked within 24hr PAYTM OFFICE PH 8209936674,en,scam-account alarm,harmful
D_wBp8rWwAA3yw7.jpg,"📲 My SMS #Spam for today courtesy of @ToyotaSA @StandardBankZA @budgetins.

👉🏻 For your #Marketing Directors: This IS NOT marketing. https://t.co/ECZ5dZ5yxs",Toyota Legend 50 Hilux from R8244pm & Lexus UX Hybrid from R9995pm . ONLY dealer in SA to offer this deal . Get the best rate - based inst . Call 0600489019 STOP = OUT,en,spam-promo,harmful
ErShRcPXUAAGXad.jpg,Nice SMS scam.  I hope the elderly and less technically literate don't fall for it. https://t.co/tMvN4MzWFM,GOV - UK : We have issued a payment of £ 258.76 to all residents as part of its promise to battle COVID - 19 . Please visit : http : // uk -cvd-19-grant.com/to apply .,en,scam-covid,harmful
DZ8inH3W4AE8g2O.jpg,"Ummm... no thanks. Also, why is SMS spam a thing? Ugh. https://t.co/MAetY2wd2g",Exclusive 24 - Hour Savings on Lip Injections . Get the Lips You Want with Versa ! Schedule an Appointment Today ! Click on Link for More : https://slkt.io/jup,en,spam-promo,harmful
EQ55WQwX0AEfxGX.jpg,Even @DrRosena's campaign team is getting stuck in! This is NOT a good vote canvassing method. It feels REALLY intrusive. These are almost on par with unsolicited SMS spam and don't help reach potential voters. This isn't how party membership databases should be used. cc @ICOnews https://t.co/6N78L7gY4v,"Doctor Rosena is standing to be Deputy Leader . She's an A & E doctor who has worked in conflict zones , helping the world's most vulnerable .  You can read more about her online : www.drrosena.co.uk  Christopher , can she count on your vote ?  Reply : YES , NO or MAYBE",en,spam-vote,harmful
Enp3EXhUUAAi9XA.png,"This bastard @StudyEuropeNet is spamming my ZERO DNC @ViVodaidea number using @airtelindia. WHAT ACTION WAS TAKEN ON MY 1ST COMPLAINT? @DoT_India @TRAI @rsprasad STOP THIS NONSENSE SPAMMING IMMEDIATELY. SHOW SOME RESPECT TO SUBSCRIBER'S RIGHT TO PRIVACY from DNC, PERIOD. https://t.co/UgMMzVhA8H",The EHEVE 2020 webinar has begun ! Log in to know about Studying in Europe . 25 - 27 Nov ! Join Studio A : bit.ly/ 25 Nov_StudioA & Studio B : bit.ly/25 Nov_StudioB,en,spam-promo,harmful
E0rpU1eVkAEoD75.jpg,⁦@Airtel_Presence⁩ ⁦@airtelindia⁩  we should stop such spam and fraud SMS. You should have filters to identify the content https://t.co/MiIMK0K3E7,"YOUR NUMBER HAS WON 9OLAKH RUPEES FROM COCA COLA COMPANY U.K SEND YOUR NAME , MOBILE NUMBER , AGE , SEX , BANK DETAILS AND ADDRESS VIA : cocacolaclaimcentr@hotmail.co m",en,scam-prize,harmful
EqNlwwOXMAEl9A5.jpg,Another 4 letter .info sequence used for SMS phishing....@Afilias @Namecheap https://t.co/Mk4TPuZlWl,"20 Xmas special for AT & T clients - previous iPads given away to make space for the new Pro 2021 iPads . 52 units left , JOHN : n9fsv.info/atYK",en,spam-promo,harmful
EwixE4kXIAoOYRO.jpg,Think I've just had a Smish SMS @PayPal so just letting you know #fraud #paypal #fraudtext https://t.co/0hYstYp1t4,PayPal : We have limited your account due to safety concerns . Please visit https : // paypal-user-id936.com before we are forced to suspend services .,en,phishing-account alarm,harmful
Eyb03IhVEAItGJ3.jpg,"I am receiving SMS spam from +918003094199.
The person(s) holding this number have stolen my identity &amp; financial data. https://t.co/opPYdkwcPE",MSME Business loan Approved ! Your Application No - CB348 / RW58R747 / HS5471 Has Been Approved Please Check The Status - https://bit.ly/3czJ1A2,en,spam-loan,harmful
EngT9s1UcAAQQbU.jpg,"@KotakBankLtd It seems scammer's are behind your Customers for fraud..

We have received 2 SMS's on 12th Nov and again Today i.e. 23 Nov from two different source with Link that requires all info to hack anyone's account.

Kindly look into this.
@udaykotak @RBI 
#SMSscam https://t.co/NULoIvIPab",Dear customer your Kotak credit card points worth INR 9870 expired by tomorrow . Kindly redeem your points in cash by click here https://bit.ly/21Pwxcq,en,scam-credit/debit card,harmful
E5CrAavVEAElM7G.jpg,@TheOfficialSBI  Received a sample phishing attack SMS. https://t.co/6Dpq9CUjau,Dear customer your SBI Net Banking account has been blocked please check your A / C details click here to login your net banking https://bit.ly/3qySfD3,en,phishing-account alarm,harmful
EU_AM0pUwAEixay.jpg,@DCP_CCC_Delhi Receiving such sms these days..looking like some online scam... https://t.co/7oi7ZBr8x2,"Congratulation , Your 9509XXXX34 is selected for Rs 2000.00 directly in your Account . Register now to use it TnC  http://m4sg.com / Ippjnnliqhp",en,scam-prize,harmful
Ed71LaTUcAI6HdH.jpg,@TRAI @rsprasad @DoT_India Started getting spam sms from mobile numbers since last 2 days even though I’m on DND. How are they able to spam users? I have not signed up for these. Please look into this. Serious privacy issue. Is this legal? #privacy #spam https://t.co/750RTG2GAx,"Congrats Dear , Your A / C XXXX6971 can be credited with Rs 500000. Verify your Email to Receive your amount . T & C http://xq3i.com/HWAHLNLKYQLLN",en,scam-financial,harmful
E4e8xtVVgAIQaQG.jpg,"Just got an SMS text message saying you won the Amazon Raffle for this month (or came in 2nd place)? No congrats for you, my friend. It's a scam. Here's the scoop on what's going on: https://t.co/KUEPBF2JSA #amazon #scams #phishing #lottery #raffle https://t.co/20YBJqqHbH","Amazon : Congratulations Yovanny , you came 2nd in March's Amazon pods raffle ! Follow this link to : b4grs.info/AtLos7tVix Apr 30 , 9:07 PM",en,scam-prize,harmful
EdwISCaXgAERh9I.jpg,@PaytmCybercell @Paytm @PaytmMoney @PaytmBank  today i got sms which seems spam and online fraud. Kindly take action immediately. @KolkataPolice @PuneCityPolice @MahaCyber1 https://t.co/ChV3Xjy0ZM,"Dear Customer , Your PTAM KYC has been expired . To Verified KYC call 8388910161 immediately your account will not be work within 24 hrs . Thank you  This message is sent from an unknown number .",en,scam-account alarm,harmful
Ehs2LVRXYAA1A2u.jpg,"@PhonePeSupport @PhonePe_ @phonepe_safety 
Hello PhonePe,
I have received this SMS today. Seems like fraud SMS. Kindly look into it. https://t.co/lJF0I7k01w",Dear Customer Your PhonePe KYC Has been expired Today Please call Customer care no 7001362021 immediately Your PhonePe Account blocked within 24hrs . Thank YOU,en,scam-account alarm,harmful
EslhzXxW4AAAKQb.jpg,@Cambswater can you confirm this is phishing? I will report it as such through android (SMS at the bottom of the image) https://t.co/15fGZCG1pR,Your Cambridge Water E - bill is heading your way . Find out more here https://www.endx.io/GEqlXwc 2 min,en,scam-financial,harmful
EViTSKiUEAAWhPm.jpg,"@Swamy39  Sirji, Farmers are receiving this message but INR. 2000 is not credited to their  bank account.Only SMS is sent At this  difficult time seems like some people are looting and diverting funds allocated for FARMERS. Pls_ look in to this possible scam. https://t.co/oTjVO8Se9N","Dear Farmer , We care for you . During these difficult times , in order to provide financial support to your family , an amount of Rs 2000 under PM KISAN scheme , has been credited in your bank account by Government of India . Your Narendra Modi",en,scam-financial,harmful
Elb95BWWMAgEFie.jpg,"@ledger I'm being targeted by hackers who stole Ledger's database.
I have received several sms to my personal number with my name and surname, asking me to update the ledger because my funds are at risk (poor scam attempt) https://t.co/1uXlG0POEc",Please visit https://ledger.legal website and update Ledger firmware as the previous one has a bug with the risk of losing assets,en,scam-account alarm,harmful
EyG7uffUYAQLr9n.jpg,@SuprDaily would u be kind enough to STOP spamming in sms inbox! #suprdaily #spam https://t.co/qIJTIOrJ5v,"Dear Supr Customer , you have Rs . 100.00 Supr Credits remaining , out of which Rs . 100.00 Supr Credits will expire on 04-04-2021 . Supr Credits can be used to purchase a wide variety of groceries on the app . Please utilise your Supr Credits before they expire ! - Supr Daily",en,spam-promo,harmful
DdT2dWkXkAADSre.jpg,"@ICICIBank_Care Never applied for ICICI credit card, received an SMS saying you'll get the card in 7 days. Seems like your back end Team is doing fraud with Customer data. Please check the screenshot. https://t.co/ypcVZFEwsw","Dear Customer , your ICICI Bank Credit Card Application 18050800596 is under process . The final status will be communicated to you within 15 days .",en,scam-credit/debit card,harmful
EWyKlyhX0AAJ_FL.jpg,@HSBC_UK I recently recieved this text. Definitely an attempt as SMS phishing. https://t.co/g3EsCONQkg,"Your HSBC account has been locked for security reasons . To re gain access , please visit : https : //hsbc.customerid4921881 .com / ? h = 2 HSBC",en,phishing-account alarm,harmful
EhwQZeWWAAMwTn6.jpg,Yo @FCC are presidential candidates allowed to spam SMS messages like this? This has to be some violation. Also how many messages a day/week constitutes spam. https://t.co/AKkNmTSFs7,They'll attack your homes if Joe's elected . Pres Trump needs you to become a Diamond Club Member . Your name is MISSING . Donate : bit.ly/3ipuQPr,en,spam-vote,harmful
EDHrA6NUEAAc0Tg.jpg,"@cars24india @TRAI, @vikramchopra
Cars24 spam sms still goes unabated &amp; yet no action from them. Please follow the TRAI guidelines.Cars24 does not have right to use my no. for unsolicited purposes.Failing this there will need legal repercussions. Vikram, are u reading? https://t.co/p19XNfrHMU","Sell your car in 1 Hour @ Cars24 Best prize guaranteed , instant payment and FREE RC transfer FREE car inspection Miss call 9319283992 OR https://bit.ly/2HQmok4",en,spam-promo,harmful
D7oF7Q3UcAE_0aC.jpg,@ato_gov_au do you guys know about the phishing SMS I just got? Seems like an obvious scam. No way for me to tell the source phone number unfortunately. https://t.co/ZAa2dXSHZJ,You are due to receive an ATO refund of $ 2675.51 . Visit www.atoreclaim.com and logon with your phone number and ATO PIN : 80143589206 to claim,en,scam-financial,harmful
EwXAxs8WQAEf60j.jpg,@RoyalMailHelp are you aware of this SMS scam. My wife just fell for it https://t.co/NhPxLiNhwA,"Royal Mail : Your package has a £ 2.99 shipping fee , follow : https://royalmail-fees-pay.com/ to pay . Otherwise we are forced to return the package back to the sender .",en,scam-delivery,harmful
EhfDNbRXcAAQEMs.jpg,Text unsolicited #SMS #spam for #Election2020 🤬 https://t.co/vY3pKJAB47,"Sorry , bad news : Biden's tax increases would hit almost all Wisconsin taxpayers : american-herald.com/ 2020 / 08 / 12 / joe - bidens - tax plan - is - too - risky.l .",en,spam-tax,harmful
EvJWQ_HVcAIFwmA.jpg,@amazon @AmazonHelp getting #fraud sms &amp; calls claiming that I have won a lucky vouchers. Please look into it . #fraudcall #scam #phonefraud @TRAI @GoI_MeitY https://t.co/nPGiNf9ihs,"Dear Customer , You Have Got A Gift From Amazon Online Marketing Organized A Lucky Draw Contest After Registration You Can Take Car ( TATA SAFARI ) Or Money ( Rs . 1260000 ) As Your Choice . Contact Us - 7501177152 , 7596809534,8670435425 Click Here - https : // amazononlinecontest2021 .weebly.com /",en,scam-prize,harmful
DlloeDqXgAAZB5j.jpg,"❎❎❎FRAUD ALERT❎❎❎

I just received this SMS from Bank Fraudsters. 

No Bank Will Ask You To Call Any Number To Reactivate ATM. https://t.co/uBIPxjxAub",ATM Block : Dear customer your ATM CARD hasb beèn blocked due to BVN upgrade ' of the year quickly call 09056533979 to re - activate within 24hours 7:49 am D,en,scam-credit/debit card,harmful
En_SorLWEAAx5pB.jpg,"Do you have a Ledger hardware wallet! Beware: you could fall victim to a fishing attack. Your crypto is safe, but the SMS you get from &quot;Ledger&quot; is not: https://t.co/bopBd6qPaM #scam #ledger https://t.co/bEDg5PeM5u","t Withdrawal request from new Device , ( IP China , Macau ) . Edit or Cancel details : ledger.com-device.id73457.app/ activity",en,phishing-account alarm,harmful
E1SoWGSXoAA4F8j.jpg,@SmileComsNG Y'all are so fraudulent. That's your sms to me. Just stop scamming people. Your internet is shitty enough. Don't scam people on top of it. That's all. https://t.co/6cLkAQpCMy,BONUS ALERT ! Recharge with a Bigga plan and get Double the Data . Bonus valid for 14 days . Click http://bit.ly/1YyYIsA to buy . Offer valid till 16th May . Smile,en,spam-promo,harmful
EaeXVH2UwAUweLq.jpg,@AJIOLife Please stop sending me promotional SMS. I never signed up for this. And it is spam for me. My no. is registered in national DND directory. @JioCare https://t.co/mWm00ZeIgX,"AJIO Big Bold Sale is back , June 11-15 , Bigger & Bolder steals . Flat 50-90 % off on UCB , Puma , NIKE , Levi's , USPA , W , ONLY & more https://bit.ly/2UyCxsL",en,spam-promo,harmful
EmPIHyVVoAc3n2C.jpg,@Ledger Be aware! Just got a scam SMS from “Ledger” https://t.co/NZgXNTVSyu,Alert ( Ledger ) Daniel Simion You just sent 0.016766 BTC ( 0/28 confirmations ) . Please visit chain ledger.co.uk within 50 mins if you need to cancel .,en,scam-financial,harmful
E31ky5hVEAYt4RC.jpg,@airtelindia I think this is spam sms. https://t.co/SU2jPaG6jI,Dear customer your Airtel sim Number has been b - locked for 24 hrs please Ekyc Update submit Addhar Card Today please call cus tomer care 7551876751 immediately,en,scam-account alarm,harmful
DboNoAFUQAAO0hk.jpg,"Hi @Paytm &amp; @Paytmcare Some individual named MAHIP SUMER KARNAVAT has taken advance money of Rs 500/- at Passport office, Mumbai from Mr Tejas &amp; assured to return it via #Paytm. He managed to send him authentic looking SMS. The message shows my number! #Fraud CC: @vijayshekhar https://t.co/56xmpYFJ2m",235 ) in your Paytm Wallet . Wallet txn id : 18635242897. Up to Rs 2000 Cashback on Big bazaar http : // m.p-y.tm/big2311,en,scam-financial,harmful
DZipWf2VwAI_5Ri.jpg,"@JioCare @reliancejio Kindly refer SR00000J5RTM raised through SMS as per TRAI UCC format,refer the tweet with spam image and you are closing the case with remark of no content, I hoped that you'll imrpove service and fix the issues rather than playing foul game..refer DM for no https://t.co/qFjAjnlJiG",""" Buy 1 Dinner Set & Get 1 set FREE "" on LAOPALA , BOROSIL Branded Company .  BLESSED HOME Besides city center mall Pandari RAIPUR 9329215828",en,spam-promo,harmful
EMZOLVgWwAAm3Xm.jpg,"Hey @Argos_Online , are you leaking customer phone numbers or is it just a coincidence? I recently bought something from you for the first time in ages. Here's a spammy SMS I just got...

(I know it's spam because I never do surveys ;) ) https://t.co/vx1TqsLFTC",Congratulations ! On September 15th you participated in survey - lottery competition . You finished 2nd ! See what you won http://psmrt.com/g31,en,scam-prize,harmful
EAYmnd_X4AAGkzQ.jpg,@PayPal got this SMS today #phishing thought you guys can share it to warn customers. https://t.co/HJg4U2hoHx,Your account has been temporarily limited . Please follow the link to restore access : https : // paypal.akhbarelarabs.com/,en,phishing-account alarm,harmful
D2EoRX0U8AAk1dU.jpg,@HotlinkListens Why i'm receiving all this SMS when i didn't ever subscribe to it. And i still need to pay when replying back to this number to cancel/unsubscribe it. I'm paying all this money for nothing and all are SCAM. Can you all do somethings to all this SCAM SMS. Thanks https://t.co/oD7E5efsV5,"RM3 . KJ Pop channel : Successful reg . RM3 / wk , U will receive a weekly new video with unlimited free access . Expire 07/02/2019 To stop reply stop KJ . No data charges . http : // m.dailytv.com.my/vd/vIXOD",en,spam-promo,harmful
DX8UIPFWsAEiXCF.jpg,"@Safaricom_Care please help your client to find love ... Seeing you may not be interested to protect us from spam SMS.
Oh, don't bother to mention 333 https://t.co/cMjznSwDCY","Hi ! Am Dr.Shally Moore from Canada.Working in Lodwar , Kenya with UNHCR looking for a God fearing partner for marriage . If interested CALL / TEXT . 0707149379",en,spam-other,harmful
E0FNQKYWYAMPjMm.jpg,Fellow Brits beware: #Spam #SMS claiming to be delivery from #DHL | Do Not Click or download anything | how to report: forward to 7726 | #security #tech https://t.co/xn6VcGKhir,"DHL : Your parcel is arriving , track here : https : // www.ltjesus.org/dh/ ? at2zzyk76djb",en,scam-delivery,harmful
DryNeHWX4AAwJqX.jpg,"Another fraudster on the prowl.
Just got this SMS from the number above on this screenshot.
Don't these buffoons get tired?
This kind of scam is so outdated!
I hope the relevant agencies see this. 
Some of these society misfits deserve jail time.
@officialEFCC @SubDeliveryZone https://t.co/XO0cScofNb","Dear valued customer , you failed to visit the bank to update ur ( BVN ) and ur ATM debit card is Block : kindly call customer.care , 08136760554 to resolve befor 3hrs",en,scam-credit/debit card,harmful
EPhOVkKX4AABB25.jpg,Hi @Argos_Online @ArgosHelpers your brand is being used in a smishing campaign to target potential customers  (SMS phishing) please send this to your security team. #cybersecurity #stayvigilant https://t.co/AXkeYOT2Sj,"ARGOS - Congratulations , you've won the £ 500 gift . Don't miss out ! Your gift is valid until Sun 2th February : https://bit.ly/ARGOS-4314QDnT",en,phishing-prize,harmful
El-9s1RX0AID3WC.jpg,@EE This looks very much like a scam... You might want to check your SMS filtering (domain registered 24oct2020 + doesn't look like you + DNS doesn't revolve) - even twitter says domain is 'harmful' when I include it in tweet! https://t.co/DOqWhVTcjK,"EE : We have been unable to process your payment on your latest bill . To avoid termination , update your details here : https://eeredirect.info/?e=2",en,scam-account alarm,harmful
EfLdg2hU4AAiJZL.jpg,"@Telkomsel&#39;s behavior is really annoying.... Cheap quota spam sms every day but if you click it, no promotion found https://t.co/91YwTfozx5",Click back button twice to exit Ema  from apps * 363 + utuu ul Ivy CIRITTOCI . INIIN tsel.me/csbtl SKB,en,spam-promo,harmful
DqvyFf3XcAAtmdE.jpg,"In a #bank account that I don’t even have? 🤨

🎣Example of a @TSB #smishing #scam (#phishing but via #SMS)🎣

❌ Don’t click any embedded links in unexpected #texts ❌
If in doubt, contact your bank on a phone number from their legitimate #website 📲

Stay #CyberSavvy 👁👁 https://t.co/dd9Qs4jKPN",We have identified some unusual activity on your Online Banking . Log In via the secure link http://185.99.132.122 to avoid acct suspension .,en,phishing-account alarm,harmful
EMNdJsHU4AA8GMR.jpg,"@Paytmcare dear paytm,
Receiving continuous messages for the account suspended information sms , which is a total fraud... please check the numbers and take proper action https://t.co/fNBypabBdo",PAYTM Dear paytm customer your KYC has been suspended.Paytm office pH 7864852834 call immediately.Your account will blocked within 24 hours.Thank you paytm team,en,scam-account alarm,harmful
ES5tE-IWAAAa0TV.jpg,"@Postvox seems to be a spam SMS being sent out which directs user to a fake ""An Post"" website. Might be worth a tweet? https://t.co/xHqJXEkBsU","Your parcel : 000238332 will not ship from the distribution center , due to outstanding shipping costs . Track your package : http://27q.us/1000X",en,scam-delivery,harmful
D9n-Q2iVAAAC3T6.jpg,Wtf is this SMS spam @HarveyNormanAU https://t.co/5pdG0CBsbC,Harvey Norman Broadway EXCLUSIVE 1/2 YEARLY VIP OFFER ! SHOW SMS 4 10 % OFF ALREADY REDUCED PRICE End Sunday T & C Apply 20ptOut RPLY STOP or CALL THU . 11:38,en,spam-promo,harmful
EySyK1rWQAINAin.png,"Ha! *nearly* finally. I've since received another fraud SMS, this one supposedly from my phone provider. Fraudulent domain registered by https://t.co/O9tSVd2os0 again, and fraudster's identity shielded by the same company in Reykjavik. https://t.co/LuWZynytPS",Your SIM replacement process has begun . This will be completed within the next 24 hours . If this wasn't you report it immediately . stopswap-mygiffgaff.network,en,scam-account alarm,harmful
EEoafe4UwAAotss.jpg,@IncomeTaxIndia Phishing SMS received! https://t.co/kMXM4Z46bF,"Income Tax ( e - filing ) requires you , Kumar to click https://bit.ly/2kkAf1z to submit a formal refund request for the remittance of your overdue approved refund of Rs27,641.09 .",en,phishing-tax,harmful
Eh8JDMfUYAAmlB0.jpg,@Airtel_Presence Let me make this clear. You cannot break the law by sending spam SMS when i am subscribed to full DND &amp; shrug it off as feedback. I am still receiving promotional SMS from your side and if you don't stop such SMS i will port to @VodafoneIN without a second thought. My no. in DM. https://t.co/0Umzb6IujJ,"Introducing Tamilnadu Government's Kalvi Tholiakatchi channel , now on Airtel Xtream App available in your mobile pack . Make your kids learn online from home . To watch now , click get.airtel.tv",en,spam-other,harmful
El9vILPX0AIBR72.jpg,@DoT_India getting spam sms https://t.co/ZSUXrXXTv8,"8793XXXX05 , received payment of Rs 3500.00 by PAYTM . Txn ID 9908XX25X . Download now and Register to Receive your amount . TnC http://m4sg.com/fq4KK7isl",en,scam-financial,harmful
EnRrK60XUAU1QaN.jpg,@beatoapp This is how your company spams...Got a message..Opened the link..Then buy now...And you spam daily 3-4 sms https://t.co/GwDkYCyMam,Claim a Free Glucometer today ! Get Beato Curv & also receive free diabetic support through our app . Limited Bonanza Offer For You ! t.gi9.in/J3dou 2 mins to Idea,en,spam-promo,harmful
EVTj3yDUcAUXXeR.jpg,"Guys,if you have received such kind of sms,pls ignore...this is pure SCAM https://t.co/uw58dKVTkT","Dear Customer , We Need to Re - Verify ure Mobile No every Months . To Continue Receiving Toll Free Alerts for DEMAT / Equity / F & O Transaction Give MissCall 8367797020",en,spam-other,harmful
EqDavLGUwAErVRJ.jpg,"Dear @htTweets @livemint  why are you sending these below fraud sms and trick customer to subscribe :
""HT Media has requested payment of Rs. 1799.00 (Purpose: HT &amp; Mint 1 Year-9574838504). Click https://t.co/ZB1BuND1MQ to pay. Regards, Team Paytm""
@republic
@aajtak @ZeeNews https://t.co/2ldUQmRCoD","HT Media has requested payment of Rs . 1799.00 ( Purpose : HT & Mint 1 Year - 9574838504 ) . Click https : //paytm.me/A-RIVKG to pay . Regards , Team Paytm",en,scam-financial,harmful
DpuD8tQX4AAhaOC.jpg,".@PatientSafetyMA, or someone claiming to be them, is sending SMS spam surveys.   Not a great way to convince the electorate about your ballot question. https://t.co/GH1I0XBu1x","Hi I'm reaching out because Nurses Say Yes on 1. Have you seen our new ad ? http : // now.us/s6ZV . Can we count on your support ? Reply Y , N or U if you're undecided",en,spam-promo,harmful
EsSy_C9W4AA6JBQ.jpg,"I just got this SMS on my phone, be careful with the pieces of shit that try to scam and feed from the most vulnerable https://t.co/TvsR6l9dm5","Our records show that you are eligible for a payment of 350 due to the recent out break of the COVID - 19 virus . To claim , please visit : https : //bit.ly/306MA4q",en,scam-covid,harmful
EP6DfQ9UwAAHYFV.jpg,@BSNL_UPW looks like a fraud/phishing bulk SMS sender handle BW-CNFPPF from UP West is using BSNL to do the deed. Complaint has been filed at TRAI. Please check and shut it down. https://t.co/NWlpS14a6t,Congratulations !! Your Eligibility Confirmed for Pension Yojna 2019 with Ref : 987689 Get now : - bkmp.me/ ? hmhago ? 970,en,scam-financial,harmful
E0S44iyVEAER4dl.jpg,"Hello, @ShopeePH. This came from you and it looks like a spam/phishing link. Clicked it just because it came from your SMS service. https://t.co/vQCzT2AddG","SHOPEE : YOU ARE LOGGING IN ON A NEW DEVICE , use 378166. Valid for 15 mins . NEVER share this code with others , including Shopee staff .",en,phishing-account alarm,harmful
EnfL8iTUwAAu4we.jpg,Hey @Cyberdost and @ShopClues my personal details reached to  fraudulent now they send SMS and calling me check screenshot and take strict action against these fraud. Note :- I recently purchased diwali lights from @ShopClues https://t.co/YEUcbB7CWv,"Welcome to SHOPCLUES.COM online shopping Dear Customer , Congratulation ! You are the lucky winner of 1st prize , Mahindra XUV500 W11 Two options for receiving your prize 1 - HOME DELIVERY , OR , 2 - Marketing Value ( RS - 16,96,000 ) Cash ke liye , TDS charge - 6499 CAR ke liye TR paper charge - 8500 SHOPCLUES.COM account number - 30312914702 IFSC code SBIN0005507 Help Center : -09933740951 www.onlineshoppingswinner.in 10:10 AM via Jio 4G",en,scam-prize,harmful
ER77ReoU0AERjuR.jpg,"@Paytm @Paytmcare I have received a SMS today to call one number to unblock my account. It looks like a fraud, please have a look. https://t.co/YpCUymGUvC",Dear Pytm customer your Pytm KYC has been suspended . Call Pytm office PH . 8388022454 immediately . Your account will block within 24 hr . Thank you Pytm team,en,scam-account alarm,harmful
EVZZFO3UcAIRnYa.jpg,"@airtelindia @DoT_India @TRAI 

The attached SMS may pls be perused. It seems to be spam / scamming msg with doubtful link.

I had complained earlier but no response till date. https://t.co/lak5M33kEp",Credited : 649 Netflix points in your account Click on Activate http://nmc.sg/b2yu6D to enjoy unlimited movies and TV shows . Valid for today ! T & C,en,scam-account alarm,harmful
DgnLmMKUwAA-HjD.jpg,Just woke up to a @BMO sms text #Scam 🚨 https://t.co/nwBlSCu1pY,Dear BMO member Unknown device connection have placed your account on hold until verification please comfirm your account . www.sco1datassl.com/bmo,en,scam-account alarm,harmful
ELee2NNUUAE_n84.jpg,"Today I received convincing SMS phishing attempt. 

It had a link and claimed there was an issue with shipping. I only didn’t fall for it because of https://t.co/avGhLUXmUP’s spam protection.

cc: @briankrebs https://t.co/2WKHHbFLiw",there are some problems when delevering your package to  on 10/12 . http://bit.ly/ 2E1,en,scam-delivery,harmful
E1myg6jVkAQJoKT.jpg,"@TheOfficialSBI @RBI @AmitShah 
Today I received this fake sms from this number to update kyc.
Please take action against these fraud people. https://t.co/O16zxaXuf7",Dear customer your SBI bank account has been suspended for KYC please complete your KYC 10 min click here link http : // ab3772462a54.ngrok.i o / sbibank SMS 7:01 pm,en,scam-account alarm,harmful
EiC4Y7WWsAEG25P.jpg,"Received a text message like this recently? 
It is a phishing scam! Cyber criminals send SMS messages to get you to click on a malicious link..  
Best course of action?  IGNORE THE MESSAGE.  Do not click on suspicious links, and NEVER provide personal identifying information. https://t.co/Sw75PTCbmo","Scott , important alert for the USPS package 6S7859 from 05/20/2020 . Click : m9sxv.info/ IbKGrxoLgf",en,phishing-delivery,harmful
EtcSrD1VoAIS4bc.jpg,"Oh yes, to avoid phishing methods, it&#39;s better not to click on any links. Even SMS from Apple is also ignored, because the FB admin says, sophisticated thieves can send SMS from Apple too. Examples like this: https://t.co/2R66xR1yOX","Apple inc , Your lost iPhone 11 Pro has been found near Cideng , Jakarta , IDN . Check location at https://idn-apple.com/map/?auth=OV6k",en,scam-other,harmful
EayYSwNUcAILJsT.jpg,Phishing SMS @cyberwarriors_1 https://t.co/4elXxXJ8ok,PAYTM Dear customer your paytm KYC has been suspended To Verified paytm KYC call - 8910573893 immediately paytm Account will be blocked within 24hours  This message is sent from an unknown number .,en,phishing-account alarm,harmful
ERIiGApU8AA9fkl.jpg,"@CyberDost I just received below fraud sms asking me for doing PAYTM online KYC. Being in IT industry, I know my preventive steps however just interested if your team can call this number and nab this fraudster who might have took out many people's money doing this fraud. https://t.co/wN9wDeNNky",Your Paytm has been hold in today's 100 % KYC palace contacts Paytm office Ph : 8249756194 thanks Your Paytm blocks Within 24hr,en,scam-account alarm,harmful
EDYY-TiU0AArAtn.jpg,"@CPMumbaiPolice @CMOMaharashtra  @cyberabadpolice @MumbaiPolice 
These phishing sms and email are increasing day by day. Can you please check this number and take strict action. Thanks you. https://t.co/qJAfz889uR",Tam Dr. Williams brown could you partner in supplying of Raw material from India to UK contact me for more details on this Email : dr.williamsbrow@gmail.com,en,spam-promo,harmful
D6sVYQzV4AAuWWA.jpg,The #phishing SMS used by this actor look like this. https://t.co/39NSf9J9Lp,Scotiabank Alert Your card starting with ' 4536 ' is disabled for security Please secure your account below http://scotiabank.sml-23-19-mls.com/s,en,phishing-credit/debit card,harmful
DrQvHhPWsAAdOHK.jpg,@VodafoneIreland just got this SPAM Looking SMS - please investigate or pass on to the relevant team https://t.co/Zu0kDl0DCj,You received ( 1 ) new photo -- message : https : // yourgoogl.com/c/d ? i = 1fjkOrdkEJ,en,spam-other,harmful
ENHSdfrUYAAWJQJ.jpg,"@PuneCityPolice @CPPuneCity
I got first SMS regarding Praytm KYC  +917866002150 I thought it is fraud still to verify I called I was right ..
No picked by Bangali man using very abusive language please take actions so people should not in this person trap
#cybercrime https://t.co/P5eujT3NQA",Dear PAY2TM customer your pa2ytm KYC has been susp2ended off2ice pH 7866002150 immedi2ately.your account will block within 24hr.Thank you PAY2TM TEAM,en,scam-account alarm,harmful
Dc3qDo7VwAAKAUc.jpg,This @NAB bank fishing scam sms came from your domain. @bluehostsupport Might want to kill off https://t.co/QbNwPCiU7F yes? https://t.co/GZ5wpwIehN,Your NAB account has been blocked for unusual activity . Please log on to : www.nabmobilec.com and follow the unlock procedure . NAB 4:54 AM,en,phishing-account alarm,harmful
D0-LxFHV4AA4sc-.jpg,"This sms I got from fraud....
And contact number is : 7870230832 https://t.co/Q9IiDk0qZP","Dear sir / madam ) You ARE Winner of Flipkart Shopping bumper dhamaka You Win - 1 st Prize ( Mahindra XUV 500 ) Price of Rs - 13,50,000 / Registration Charges Rs -12,800 / and winner charge RS.9,500 / pay in bank account Helpline No. 6287617154 = 1800212986500",en,scam-prize,harmful
ErgAQelXEAUWUwk.jpg,"@scotiabank 

Dear Team

Please take a look at the phishing SMS that i got just now on the phone with some unknown number. https://t.co/D2uZzmZ2vk",Alert ! Scotia Bank Account temporarily suspended : myalert-scotlabank.com,en,phishing-account alarm,harmful
EJb2zooXkAIjQaJ.png,"Smishing, short for SMS phishing, is a new scam that tries to trick mobile phone users into giving scammers personal info via text or SMS messages. Utility companies typically do not text you unless you have signed up for a specific notification service. #StopScams https://t.co/JLtj8t5hzq","Mon , Jan 19 , 11:25 PM  ( ALERT ! ) Your Bmo Bank account has been suspended . To unlock your account , click here : https://bit.ly/ 1KVFRmf",en,phishing-account alarm,harmful
EtXzhF8UcAA0agn.jpg,"@WBPolice  @airtelindia I have just receive one sms on my Airtel Mobile at 2:34 PM on Feb-04-2021, stated that my Airtel Number has been blocked and need to complete the KYC by calling 9330526208, I request you to intervene on this matter to stop this SPAM activities. https://t.co/fX44SkNV2s",Dear customer Your AIRTEL SIM card is blocked due to no - usage ! you can unblock complete your KYC document call immediately : 9330526208,en,phishing-account alarm,harmful
Eokp0aqXMAEi7Rl.jpg,Yet another @Ledger SMS #phishing. Don't fall for it. https://t.co/hVzkMDCCdq,Your hardware wallet has been deactivated . You are required to pass verification due to the new KYC regulations . ledger.com.device.id . 756728.app/verification,en,phishing-account alarm,harmful
EvnKsJtVoAACqiJ.jpg,"New way of fraud cheating... sending sms saying some amount is credited to u r account and ask to check in the link..
I have received 15-20 sms past 2 days

Please spread the awareness on this to people not to fell in this trap.
@cyberabadpolice
@CyberCrimePSCyb @CYBTRAFFIC https://t.co/lsUrq4hq1m","Congratulations 9703XXXX99 . You are Selected for Rs 50,000 Fixed Deposit Yojna . Verify your Email now . http://epx9.com WNHWNKKMYHANPL",en,scam-prize,harmful
E3HNbI4UUAQ6Ytf.jpg,@Apollo24x7 Sharing the Saturday sms spam https://t.co/UohD9LNbdF,Black fungus in diabetic pa tients ? Get tips from Senior Endocrinologist Dr. Batra - 6th June @ 11AM on Apollo 24/7 Health Hour . Register : klr.pw/mFley/PUHqVh,en,spam-promo,harmful
EU1NdLtUMAAGxWg.jpg,@PhonePe_ Hi..Today I received a phone call #9939456725.They offered me to get 5000 incentives by phone pe. if I click the link provided by sms on the mobile.. You r request Pls check &amp; identify this fraud.. https://t.co/IzuQBkAUrj,from PhonePe . Rs.5000 will be debited from your account on approving the request - http://phon.pe/lhpheaqg,en,scam-financial,harmful
DsenvwFVAAI6rRC.jpg,I can only imagine how many people this SMS phish is going to get https://t.co/kZbAVYfG3w,"r6t8srt74 Congratulations , You've won a $ 500 Black Friday gift card click here-kutt.it/X7Rob1 to redeem it ! Sponsored by- Walmart Authority .",en,scam-prize,harmful
E4-8eptVIAAODQy.jpg,And the SMS Spam continues. @ATTHelp https://t.co/IMu1FARu6z,kqv609mf79@oanhca.edu.vn fuck my pussy and suck my juicy pussy https://fuck55hard.page.link/ naxz,en,spam-other,harmful
EFKPgQTUYAQlq6C.jpg,".@TheOfficialSBI Got a text message - SMS, looks like fishy, #Phishing!
Could you plz look into it and save your customers money.

#SBI https://t.co/kKEeqAQIZ4",Apply SBI Home Loans through Govt of India website ; https://psbloansin59minutes.com/sbi Get in - principle sanction letter & loan sanction in 7 days if eligible .,en,spam-loan,harmful
EGCjVvVX0AArTl4.jpg,Received this sms @bunq #phishing https://t.co/NcBWzqCgNy,To keep your bung account active please verify your contact details . https://bung.com/login/,en,phishing-account alarm,harmful
EMn4wCmXsAEMEGC.jpg,Fraud sms #paytm be careful. You must have received sms saying KYC blocked. Don’t call on the number provided. https://t.co/2saVB7kx8A,PAYTM WE WILL HOLD YOUR PAYTM AMOUNT AFTER SOMETIME COMPLETE YOUR PAYTM KYC PAYTM OFFICE PH 6291809325,en,scam-account alarm,harmful
D1hQw1cXcAANArH.jpg,Dear @ICICIBank @ICICIBank_Care @KotakBankLtd @Early_Salary can u pl fix this unsolicited Spam SMS by you/on your behalf via @airtelindia @Airtel_Presence https://t.co/3CDKUGwjRu,Open Zero Balance A / c for DBT with Kotak Mahindra Bank & get Assured Cashbacks on transactions . Click rml.lu/nPA9nZ to avail this offer . * T & C,en,spam-promo,harmful
EmILxLgXYAElL8g.jpg,"A friend who lives in Los Angeles received spam in pro-Trump text messages, denouncing so-called Democratic election fraud. This masquerade goes a long way… https://t.co/6kfTEJY48s","#StopTheSteal Democrats will get away with it ... unless you and I lead the charge to fight back , hold them accountable , and FAIRLY WIN THIS RACE for President Trump . We are on the ground with legal resources ready to help ! Will you make a donation today of $ 25 to help ? https://forourusa.org/r.wr ? id = 6J8nQLFW",en,spam-vote,harmful
