image_name,tweet_translation,sms_translation,sms_language,topic_label
Ektn83mXYAcS3j2.png,"Il falso sms che invita all'isolamento  https://t.co/nQvCCYfOY4 #20ottobre #COVID19 #COVID19italia #infosec #itsecurity #CyberSecurity #sms #phishing #cybercrime
#smishing #scam #cyberattacks #dataprotection #ContactTracing https://t.co/HCmUk2Huym",SWISSPT Someone you contacted has tested positive for coronavirus or has shown symptoms. Self-isolation is invited. Important instructions: http://tinyurl.com Zy8ufsnp,it,phishing-covid
EPQIFfRXkAEFy3z.jpg,"@IncomeTaxIndia  Received an SMS from 29487767 "" the Incometax Department requires you to click http://188.214.30.217/ITRefund to submit a formal request for the payment of your overdue tax-refund of 19,700 INR."" 
I believe this is a fake and phishing message. Please confirm. https://t.co/EHogJlsIEf","Dear ADITYA TIDKE , the Incometax Department requires you to click http://188.214.30.217/ITRefund to submit a formal request for the payment of your overdue tax - refund of 19,700 INR .",en,scam-tax
EuCTlqKU0AQ-_pm.jpg,@aduanBRTI Here is the number by sending spam sms https://t.co/UIk8FmhPOY,"ssyqx , yth , app ! thanks pjmn ¡ n tlh d ! s2approve on 9 / 02 , k1 ! k : sk2.un8.co 4fa.ux9.co 8dr.x8i.co 164.cy9.co r9n.do9.co pp3.r8i.co y00.f0.is ztm.cjo.co th5.pjo.co",id,spam-other
EThjip_UEAAN9jG.jpg,@kemkominfo @Telkomsel @simPATI do you still need spam sms almost every day? Really annoying https://t.co/vutgSCNoAf,"PHONE PACKAGE Super SAVE! Activate the TALK MANIA package, Talk Quota 40 Min. prices start from Rp. 2250. Call * 999 # or the MyTelkomsel application immediately. S &amp; K",id,spam-promo
E2Y6r71XEAEAAbS.jpg,Attention @mossos and @policia I receive an SMS phishing attempt. PF alert population. MESSAGE FROM 21675. Put; Sabadell. And that account number is a link. https://t.co/J3mh6EU4CU,Sabadell. Pending charge of 70.79 EUR from Serveis i Mantenimiento in the account. * 03066 due to insufficient balance. You have until 1:00 p.m. on 05/27 to check-in.,es,scam-financial
Efz6pajWsAIL3l4.jpg,@actionfrauduk @EE @Apple is there no way to stop these SMS phishing scams? https://t.co/4nOuUTvKLJ,"Apple : Account temporarily restricted . To fully restore your Apple ID services , please visit https : //apple.com.submit userdata.services , to confirm your details",en,phishing-account alarm
Eh-aHn9WsAElm35.jpg,"Beware! Phishing SMS from someone pretending to be @Rabobank . Well recreated, so beware don&#39;t log in. https://t.co/ikpFFHGrnQ",[ Rabobank ] : Your debit card is outdated and will expire in 2 days. Request the renewed debit card for free via: https: // application - rabo -nl.info/Rabobank/inloggen,nl,phishing-credit/debit card
E2Yl8k4VkAAniWf.jpg,@aduanBRTI please process. SPAM SMS https://t.co/Oew1UxELJp,"-LEAS 1.NG OFFICIAL -PAID LETTER MO.BIL / truck Rate 0,8 % / month Tk.Over OK Dbntu Up to LIQUID PnLiquid fast n easy GERRY 081210015656 bit.ly/2DyzOVU",id,spam-loan
ERoeZhCU0AAad_X.jpg,This is again.. every day you will definitely get spam sms.. #smspenipuan #smssampah #spam https://t.co/YnITxiRBHS,"kszp bn ! who gave 10.5 million, please download the received leaf better : https://tagx.pw/1509/4STV66F",id,scam-financial
EMW5DXJU4AIne6y.png,"Just got this SMS on my personal phone (my name is Dana), so I replied appropriately. @MikeBloomberg who are you buying phone lists from to spam? The dark net? #Bloomberg2020 #SpamSpamSpam https://t.co/QIkmxWcDbK","Hi Tarrita -- this is Jade with Mike Bloomberg for President . Are you considering voting for Mike in the March 3 , 2020 CA primary election ?",en,spam-vote
EeAVReQWAAQCLLd.jpg,"&quot;A login to your home banking from a new device has been detected&quot;: Beware of SMS like this, these are phishing attempts to steal sensitive data. The Postal Police advises not to click the link. Are there any other reports? #chilhavisto https://t.co/eZICC7qr58",An access to your home banking from a new device has been detected if it was not you follow the restore link https: // gruppo-sp.com,it,phishing-account alarm
EWSMRpnXYAAos8B.jpg,Fraud sms take action @PaytmCybercell @AhmedabadPolice @GujaratPolice @dgpgujarat https://t.co/ZtnTHLetK3,Dear Customer Your PYTMK CY has been expire today please call customer care no 8513964435 your PYTM has been block 24hrs THANK YOU PYTM TEAM,en,fraud-account alarm
EX85RGyX0AAc_xM.jpg,"@Paytmcare Hi, Please see the spam msg just received.
Similar msg i receive almost every 2- 3 months which i report to you .
Why don't you get their special SMS code cancelled? https://t.co/i5V9JKSEF1","Hello Customer , Your PAYTM Account is expired & Blocked Today . Please Complete Full Verification Call Customer Care : 6205638654 Regard , PAYTM Team",en,fraud-account alarm
EG7aWJZXUAAYI07.jpg,I am once again the target of a #Phishing via SMS attack. Does anyone know how to block these messages? https://t.co/iXgX23U17T,"Post Office Dear customer, your package could not be delivered on 10/11 because customs fees (€ 1) have not been paid. Follow the instructions: http://4hy.me/uOND8",es,phishing-delivery
E3w4x4rVcAERZAr.jpg,@DCP_CCC_Delhi Sir would like to report phishing sms. Attaching the screen shot https://t.co/mCCQ5rhtjQ,Dear customer your SBI A / C has been Suspended . please update your KYC Click here link submit your details http : // 9783de79117b.ngrok.io/ sbibank,en,phishing-account alarm
EvvF1pfWgAArASg.jpg,"@RoyalMail I have received a SMS 
Can I assume it is not from you and is a scam?  I have nothing due to me.  Obviously I have not opened it and have blocked the number. https://t.co/Y9NoBgEsnK",Your Royal Mail parcel is awaiting delivery . Please confirm the settlement of 1.99 ( GBP ) on the following link : https : // idparcel - updates .support / Royal Mail,en,scam-delivery
D2gXwm3WkAAhbNj.jpg,"Now who are we going to report this #spam SMS to? 😪 I have nothing to do with the AKP or the minister from afar. And how do you find my number - legally(!) - ?.. Nice, even the commercial SMS we complain don&#39;t work at all, they don&#39;t even bother to answer #bimer #btk #tiss https://t.co/JqP3PK2fAD",Hope to meet you at the Press Card Program which will be broadcast live on TRT HABER today at 21:30.,tr,spam-vote
E4AIe28VkAUximQ.jpg,HELLO TELKOMSEL @Telkomsel HOW DOES IT ALWAYS GET SPAM SMS HOW CAN YOUR TELEPHONE NUMBER CAN ACCESS THIS UNKNOWN PEOPLE WHAT&#39;S THE STORY YAAAAAAAAAA EVERY DAY LOOOOH!!!!!!! https://t.co/HIQEpTKXcy,Slmat! Selected for Rp.35 million from GiveAway Baim Faula Code: 001498788 at bit.ly/ 3wEJINV Ch4t WA: bit.ly.l. 6285336924723,tl,scam-prize
EjuvfJDVgAE6tX6.jpg,"@aduanBRTI please block the number that sends the SMS Spam requesting this money transfer along with the account number listed in the SMS. Thank you. Regards, Valentino Halim https://t.co/zd2qvV1IEQ",This is his account number 0213717399 BANK BCA A / n DEWI SUSANTI,id,scam-financial
ESrKKAPX0AEJUGJ.jpg,"Fraudsters targeting people who are affected by the collapse of Flybe. The scam message (below), sent by email or SMS, appears to be from NatWest providing a link to a fake website to claim money back. Contact your local police station, Action Fraud or the Office of Fair Trading. https://t.co/aBHEMfvQkl","Hello As you will be aware Flybe have gone in to administration . If you are affected by this and paid using one of our Credit or Debit cards , please visit our website natwestinternational.com and click on ' find out more in the Flybe banner for more information and guidance on how we can help you make a claim .",en,scam-credit/debit card
ESbnHcLUUAAYzVO.jpg,Never in a million years bruh. Also remove my number from your spam sms directory. https://t.co/Og5h70B3OP,"Assalam Alaikum, Alhugandu Male&#39;City Mayor kamah kurimathilaifin. Male &#39;ah kurierumaa tharaggee genaumah alhugandah vote dhevvun edhen. Shukuriyya Muizzu, C.No.1",sn,spam-vote
EOi_f_dU8AAWQ10.jpg,"Message received regarding expired KYC today.Clearly a fraud as i do not have any dealing with Kotak Mahindra in any form. Snapshot of sms so that bank can takeup appropriately,to prevent any customer falling in trap @KotakBankLtd @udaykotak https://t.co/kPuz9t4vff",Dear Kotak Mahindra Bank KYC has been expired Contact customer care no 8478084571 immediately call now your account will be blocked within 24 hour,en,phishing-account alarm
E3qZT84WEAIiv3c.jpg,@Cyberdost @MahaCyber1 Pls check this fraud SMS. Thank you 🙏✌️ https://t.co/Eu7VJ8zlyi,"Your Paytm amount Rs . 34,939 is credited to 9757464456 Download and Register now d1m.in/qrsd61",en,scam-financial
Ezqq-IvWEAsyXF2.jpg,"@Hermesparcels @actionfrauduk  @TakeFive 
Fraudsters using fake Hermes delivery SMS messages to scam peeps again🙄
Be on your guard everyone! https://t.co/v6432fLTwR",Hermes : Oops we missed your delivery today . To book a redelivery please visit https : // myhermes.ref791.com Your parcel will return to sender if unpaid .,en,scam-delivery
Esjd0AUW8AAHvxQ.jpg,"@telenorpakistan 
Another fraud sms on telenor network

My number is 03455566415 https://t.co/TV9fqIS7uA","Rs 2,000.00 on CNIC : 3430252131356 sent from Easypaisa Biometric Agent.fatma bibi TID : 007835273921",en,scam-financial
EUYEWzPX0AAdESb.jpg,"#Scam alert by #sms ... More unscrupulous people trying to take advantage of #coronavirus ... SMS received in the afternoon. Between the French language and the placeholder not even filled, it smells like the site has been torn apart ... Do not fall into the traps of scammers on the lookout ... https://t.co/x1XLdKDBQs",Breathing masks are available at https: // pharmacy -auvergne.com/ Free delivery throughout France (3-4 working days) STOP at 36976,fr,scam-covid
EPwL0M0X0AAzYLf.jpg,@ingnl ongoing phishing campaign via sms https://t.co/AaXHWPA83q,ING : You logged into your internet banking from an unusual location on 02-02-2020 ( 01:07 ) . Your account has been temporarily deactivated as a result. Confirm your Home Banking via: https: //verificatie.environment-procedure.online and prevent blockage.,nl,phishing-account alarm
Du6_a_sX4AEjxqi.jpg,"Targeted user for fraud, till user order details leaks from Ecommerce websites @snapdeal , have to punishment who are leaks user data from the database. Fake sms and calling from number detail attached, lots of people without verification trust them. @CIDWestBengal @WBPolice https://t.co/ztX0X1rBTT","Welcome to you Snapdeal online shopping pvt Ltd.co. Dear sir , Congratulation your product ordered . home shopping result are out your name has selected in the luckky draw.you have two options 1 st is Tata safari 2nd is Payment of Rs 12,60000 / - The charge of ( REGISTRATION ) Service is RS - 8500 / - The charge of TR paper charges only RS - 12600 / valid upto 21/12/2018 for more details contact us at 07484946511 details 24X7 Toll free no , 180030109389 2 SMS 9:14 am",en,scam-financial
Dwb8OFfVYAERQUj.jpg,@aduanBRTI please block. Spam sms. Thank you. https://t.co/cd11fQPtVO,Fast Cash Fund.. Pawn BPKB Car / Truck - Cashback 2 million - Official Leasing - Can T.Over NISSA 082211474746 Wa : bit.ly/infoAgunanBPKB,id,spam-loan
EQrdJlZWkAIwIZ9.jpg,"@ingnl There is another phishing SMS in circulation, it seems https://t.co/RmH1tNjwjl","ING BANK : Dear customer , the new year means a new card . Request your new debit card completely free of charge before February 15th via: https://cutit.org/XzOnm",nl,phishing-credit/debit card
DxqyKaOW0AAkgUF.jpg,"Hello @BBVA_esp, piece of phishing attempt that is arriving by sms, be careful .... https://t.co/kkzPZki542","MBBVA ALERTS! We inform you that you have received a transfer in your favor, we invite you to confirm to access your BBVA online on the web: www.BBVAc.es",es,phishing-financial
ECo24lgUwAAxpma.jpg,@cars24india @TRAI @vikramchopra Cars24 least care how they treat people once they get your number. Mental trauma and agony starts after that. They do not even care for the rules and guidelines laid by TRAI.DND is just an eye wash. Another spam sms from them. https://t.co/neQYI2fB6G,Get your CAR INSPECTED for FREE today and know the best price for your car @ CARS24 https://bit.ly/2HQmOk4,en,spam-promo
EFJ92oUVAAE2yKm.jpg,"It&#39;s crazy, there are people who really intend to scam Apple/iPhone users. This afternoon I got an sms like this https://t.co/rAPodVx2Hl","Your Apple ID has been locked for security reason , please visit : https : // idapplecs.page.link )  . CS910381003 and verify your self .",en,phishing-account alarm
D1cVdg4X0AE4CaJ.jpg,"The company named @ETicaretNet sent spam sms using the spam advertising message &quot;Pacific Telecom&quot; subtype. B231 This spammer is kneading his company with spam, not with love, while producing their software. I wonder what the name of the software produced by the spammer company is #Proticaret @BTKgovtr? https://t.co/fpoN3zfaLV","Unlimited E-Commerce, hosting, SSL, Fixed IP, TEMA, Virtual Pos, Live Support all in one. 1000TL Instead of 2500TL https://bit.ly/ 2u9Vip7 For cancellation RDX PRT 4609. B231",tr,spam-promo
ERzML_AWAAICB_t.png,I got my first SMS/text spam. I guess @NAPAKnowHow is into SMS spamming now? https://t.co/93Bf3JitkK,"Today , 11:33 AM 1 of 2 FRM : NAPA AUTO MSG : Don't you wish to earn more than 400 $ extra income weekly Why delay ? Get  started by applying our sticker on your ( Con't ) 2 of 2 vehicle to start getting paid . Send  YES for details now ( End )",en,spam-promo
EaYkfjkU8AAPBE5.jpg,"@myXL hello mab mas XL, this is just a top up, I just swallowed my saliva once, I&#39;ve used up 5 thousand pulses! Haven&#39;t used it yet to call/Sms a lover, wooooooy, there&#39;s a lot of spam like this! https://t.co/WdnPcLXTgl","HONDA ADV to bring you back NEW NORMAL! type POIN BOLA to 96989 Now , Poin km 110 http://bit.ly/2Pyh2Yw CS : 087878890174",id,spam-promo
D2gV2nlUgAAKPLw.jpg,"@zarazettirazr @Telkomsel It seems that all providers in Indonesia can&#39;t control spam and fraud, I use XL and Telkomsel numbers, this is my XL number, I&#39;ve registered for premium sms even though I never registered/reply sms or clicked any ads https:// t.co/Y406KCZAwM","Sorry , you are already registered with Mesra 3sms / week 3300 / sms service . 168 million REWARD at * 123 * 565 * 1 # FREE Kepo 3hrs, continue 2200/3hrs",id,spam-promo
El9ZnGJUYAEr6kx.jpg,"police r u taking any action on this of Scam by fraudster? last time i reported here on Oct 09th and now again for second time i.e.,Nov 04th i  Received this Via Normal SMS. Please look into this...
@CyberCrimeRck
@CyberCrimeshyd
@cyberabadpolice
@cpcybd
@hydcitypolice
@CPHydCity https://t.co/z7D6NzOb18",we are finding one fraud ( chorr ) person name- V Bhanu Chander have taken moneed company loan and overdue by 300 days .Father name is veeramalla srinivas . please tell him to pay moneed loan and police is finding him call 9866969789 Receive from SIM1 Cellone 10:30 AM,en,scam-financial
EpXXThGUYAI1vx7.jpg,-rek ono smsed people spam and didn&#39;t reply to the last word e &quot;please immediately surrender to the police*&quot; https://t.co/wcPnLYskDV,"Good evening , you become a suspect of embezzlement of company money . Your number is currently being tracked by the police. Please soon",id,spam-promo
Ecel8vuXsAEg6Yp.jpg,Eye friends of @EuronicsItalia who are back to shoot these sms #spam #Euronics https://t.co/RhCmqjXvvG,We have tried to contact you. You are the 2nd winner of our lottery: 1) Luana 2) Giordano: your prize: www.bhb.life/i4/? n = 170405445,it,scam-prize
Dp7LtvTXgAAiOzs.jpg,First time a spam SMS asked me how I am. Feeling overwhelmed. https://t.co/PrN6L7Fg4Z,"Hi , How RU . FY / SY / HSC Failed . Don't Worry . Complete TY in 3-6 Months.BA , BCOM , BBA , BCAM BA , MCA , M.TECH , B.ED . 100 % Success . Authorised University.Cal Uday - 9653699116",en,spam-promo
Ew06IPTUYAYbAS0.png,"From last year, look for Pn Juliati, xsure scam to what 🤣 ... sbb xpernah know spe Juliati ni 🙄🙄🙄 sms is not normal ... there is no way to report scammer cmni https://t.co/Qjs5lLWZ21","Tn / Pn JULIATI BINTI JUSOH , we still havent received the pymnt for your TM final acc U600323215510 RM868.25 and TM will initiate legal action . Call 0162164679 for info . Pls dsrgrd msg if pymnt has been made .",en,scam-financial
D-BkLN1U4AAQAPJ.jpg,"Oh thanks @UnitedAusParty, now spammers have caught onto your sms marketing idea. I don't care if it is irrational to blame you. For me, you did it first. #spam https://t.co/tRU1VMqdak","Selected as winner of £ 6,500,000 on BET365 Promo . Go to www.na65.net to claim .",en,scam-prize
EoGR7IxXUAU7xZQ.jpg,"On International #ComputerSecurityDay we learn that, unfortunately, false messages are circulating again. An unexpected text message gives you a corona premium of € 325? Unfortunately, this is #phishing or #smishing. We give 7 tips to arm you: https://t.co/ITzKl1RXsq #digitaletoekomst https://t.co/eqEuQTI5Mm","[ CSAM ] After several reminders , your СOVID - 19 crisis compensation of € 325.86 has not yet been used . You are entitled to this, so verify your data once before receipt via: https://s.id/vo4qd",nl,scam-covid
EtYSMq6VgAIcbjn.jpg,Spam sms has dared to call names. Wow. My data is leaking. Can the number be traced? Hmmm https://t.co/8BLHsTacpw,"Dawn, take a look at this photo, do you still remember who is standing on your right? chat-v.com/s/d4d8g6",id,spam-other
El-Vaf7VoAA_oLw.jpg,"@Telkomsel @kemkominfo Afternoon..... I used to often get sms messages which were very annoying for me, lately I have been getting a lot of strange sms spam messages on my smartphone, here I attach it..... https:/ /t.co/YGLM6Ds4Dw",SERVING PESUGIHAN TAMPAHTUMBAL Magic funds Pellets &amp; witchcraft Fetal transfer Asmarah ETC You can contact: wa: 085244848757 or click: bit.ly/pesugihanuuang,id,spam-promo
ECh3bx1WkAMLZBe.jpg,SMSaduanBRTI SMS spam https://t.co/0WAQ1IBxEX,Announcement .. ! Congratulations No. You enter the category get Cash Amount of RP 200 million from (Pt L @ Z4D4) ID PIN: LZD4389 INFO ID Click www.jutawan-lazada.ga,id,scam-prize
ESq6tUkXkAcMoP9.jpg,wtf! Phishers getting more cunning! Delete your sms or whatsapp message! #trapernietin #thieves #scammers #phishing #hackers https://t.co/PckoKyatwO,We have placed your account in the &quot; quarantine zone &quot; . You must confirm your device before 11-03-2020 to avoid blocking : https : // mijn.Ing.nl.id113.website/,nl,phishing-account alarm
DzRisvNUwAAr7aX.jpg,@aduanBRTI please block this spam sms https://t.co/DqyRByCiHe,"Pawn BPKB Motor / Car / Pick Up / Truck Fast, Safe &amp; Can Take Over Interest Starting from 0.86 % &amp; Non BI Checking YUSUF INFO : 085691651516",id,spam-loan
E3Gn6-MVUAEY-Re.jpg,"⚠ CYBER FRAUD SMS message alert ~ @airtelindia @Airtel_Presence @Cyberdost @DCP_CCC_Delhi
@CellDelhi @DCPSouthDelhi

Request you to pls investigate and take action against cell # 9931820116 and tel # 8001104837. See attached image. Thanks. https://t.co/2loNiQ0bbS","Dear customer your Airtel sim Number has been b - locked for 24 hrs please Ekyc Update submit Addhar Card Today please call customer care : 8001104837 im , mediately 12:37 PM",en,scam-account alarm
EuinqndXEAEIueK.jpg,"I got this message yesterday, clearly a phishing attempt. In addition, people close to me have also received the exact same SMS. Have you received it? https://t.co/V2uLCCMs0Z","FedEx: Your shipment is about to arrive, track it here: http: // lamanofestival.com/fedex/? kdrytkito 6",es,phishing-delivery
DSmXGyiU8AAII5y.jpg,"to @Pegadaian please stop spam promo sms to my number, I am NOT a CUSTOMER and this has been the number of times INTERFERING MY PRIVACY, PLEASE STOP IT OR I REPORT IT TO @YLKI_ID OR OTHER MEDIA THANK YOU https://t.co/JZXsGayENW","Dear Pegadaian Customers, Need Business Development Funds &amp; Farmers Rent Capital Only 0.95% Per Month Easy, Fast &amp; Safe Info: Nearest Pawnshop 082244443333 (Arum) 14 min. via TELKOMSEL",id,spam-loan
EriqFWBXAAYSOTM.jpg,@ABNAMRO here&#39;s another phishing text message. I didn&#39;t click the link! https://t.co/coy5rX6pBy,[ ABN AMRO ] : Your current debit card will expire before use . Request the renewed debit card for free now and prevent blockage via: https://bit.do/ ABNAMRO - NL42,nl,phishing-credit/debit card
EUWUv08XYAAQINn.jpg,good from SMS scams or phishing now. attention to you doctors ... https://t.co/ZY2ez4u2I7,"Hello +336 За received an urgent request for an appointment on March 30, click here bi to listen and respond quickly",fr,scam-other
D-ZxQmSXkAEFxjx.jpg,"@CJIBnl Received this phishing text message today, stating the phone number. Perhaps you can do something with this phone number. I&#39;m throwing this text away. https://t.co/qS2DXwVxKH",You still have an outstanding claim with reference : 47092 of EUR 393.81 . Pay today via IDEAL : linksplit.io/cjib47092,nl,scam-financial
D1dCPQEXcAE_y77.jpg,@Rabobank phishing sms in circulation? I&#39;m not even a customer... https://t.co/QQdxxmxrVW,"Dear customer , Your debit card will expire within 2 days . Prevent blockage and request a replacement pass free of charge. Avoid blocking! click here rabobankpas.nl",nl,phishing-credit/debit card
D0IY7d8VYAAgTxH.jpg,@aduanBRTI please follow up on spam sms according to this capture. https://t.co/7fx6aVNqj1,"Borrow a little, get big money! Ksami is at your service, download and register.click bit.ly/ 2WsuNYB",id,spam-loan
ECdfULdUYAAZNHX.jpg,"3. Phishing method via SMS/email - don&#39;t send an email to tell you you are involved in a crime, this is only effective for phone calls. You open your email once every 5 years, it doesn&#39;t matter 😅 So don&#39;t &#39;represent&#39; as a big organization, I want to give you attractive rewards. https://t.co/wi7PSqUs6s","RMO. Congratulations! Thank you for being our loyal customer. As a reward, you are eligible to redeem the gift of a Perodua Axia car for selected users! Please visit bit.ly/ for more information.",ms,scam-prize
EgCZ_8lXgAEQW0k.jpg,"@ee another spam sms came through - reported it to ofcom, but 7726 doesn't work for me. https://t.co/JWyrtfvEgY","MyEE : We were unable to process your latest bill . In order to avoid fees , update your billing information via : https://ee.billing-infoverify.com/ account",en,scam-account alarm
DuXe7lmX4AAMl4D.jpg,"Received SMS from @ingnl, where I am not a customer. So #Phishing. https://t.co/2cJdtPXSRK",Your ING app has been blocked for security reasons. Click on the link to access ingbankieren.org/ ? 316184,nl,phishing-account alarm
EOyWCmyX4AA07cI.jpg,#Paytm #Fraud SMS https://t.co/0wZ2TlxCEx,PAYTM Dear paytm customer your KYC has been suspended.Paytm office pH 6295957449 call immediately.Your account will blocked within 24 hours.Thank you paytm team,en,scam-account alarm
Eq08GvDXUAMhnpD.jpg,FRAUD FAKE CORONOVIRUS SCAM SMS TXT TO STEAL YOUR BANK DETAILS FOLKS . ITS NOT GOVERNMENT ITS FRAUD . https://t.co/4HhDsBGzI8,GOV - UK : We have issued a payment of £ 258.76 to all residents as part of its promise to battle COVID - 19 . Please visit https : // grant - cov -19.com to apply,en,scam-covid
D0oUFj-VsAA9s3z.jpg,"Report lg @aduanBRTI SMS Spam, Fraud, Online Gambling &amp; Fraud. https://t.co/yVFxiWdaPO","Your account has received a quota of IDR 8 million today! Maximum can be borrowed for 109 days , interest free . 1. http://bit.ly/ yomicc2 2. http://suo.im/4qn6q9",id,spam-loan
Di65F_dUYAAQxSB.jpg,I&#39;m really diligent about spam SMS from @HelloDanamon even though I&#39;m not a @danamon customer. @myXLCare @ojkindonesia https://t.co/EVTpC39sfO,"Dear Customer, open a Danamon account and enjoy the convenience of sending money with this service",id,spam-promo
Ehdwz8_UYAEjlLO.jpg,The spam sms is getting more and more magical every day https://t.co/q8UhudYa1G,K4M1 MEN4W4RK4N 1K4N ARWANA SUPER RED Starting from tillers up to size 60cm info WA ; 085220827266,id,spam-promo
Ei2fUKhX0AErpbX.jpg,I appreciate the personalization that went into this SMS scam. My mechanic did once tell me that I look Jewish. https://t.co/VMfrZeXpiW,"Shalom , urgent notice for the USPS delivery 3R58D3 from 05/15/2020 . Go to : sm4x.info",en,scam-delivery
D4c64fxWsAEbsW6.jpg,"Hi @NETofficial. Since you have a bad habit of sending spam by sms, do you hire someone who is not illiterate to write? Kisses https://t.co/5MpyKaZB6s","The new season of Fernanda Souza&#39;s talk show has arrived! Watch this and the previous ones, with celebrities in fun chats. bit.ly/2Gs5ccp",pt,spam-promo
Ers5xcKUYAMAe8E.jpg,"CERTFA reports that Iran's Charming Kitten (APT35, Phosphorus) group was behind an SMS spear-phishing campaign over Christmas https://t.co/lP0qn3Ml5q https://t.co/yk9pfh4Csu",Google Service : Dear Congratulations ! Your Google account has been recovered successfully less than an hour ago . Please confirm your identity using the following link : https://www.google.com/url ? q = https % 3A % 2F % 2Fscript.goo gle.com % 2Fmacros % 2Fs % 2FA Kfycbw3 || DYJI6rF6EzKCxLhgD GnSLOlxYK5KVVdUJVeZVUOQO W WB % 2Fexec % 3Fesubject % 3D % 26eto % 3D,en,scam-account alarm
EAyL0F5U4AACEy2.jpg,@Telkomsel Hello I got a spam sms today. I have dm my no. Maybe tomorrow I will still get spam sms back. https://t.co/b9eAp04F8l,KOPRASI SEJAHTERA OFFERS ONLINE LOANS. LIGHT INTEREST WITHOUT COMPLAINTS QUICK LOAN PROCESS FROM 10 million to 500 million Interests Chat WA : 0812-5172-4593,id,spam-loan
Edi6sszU8AEn_ge.jpg,"Regular I get a sms on my phone for Paytm kyc update by fraud team be careful
@consumrconxion
@consumervoicein
@newproblem
@consaff
@ufteryou
@jagograhakjago
@jagograhakjago_
@consumercourt_
@thebharatseva
@consumer2court
@babagolmaal
@bhonpu_news
@just_outspoken https://t.co/EVNskHUcEy",Dear Customer Your PayTM documents Has been expired Today.Please call us 7866037046immediately . Your Account diactivated within 24hrs . Thankyou,en,scam-account alarm
Du1jhtoUYAEwqFM.jpg,"@aduanBRTI the following sms are suspected of spam, offers, fraud: gambling, credit, content, etc. (2) https://t.co/JvZXwh7Qhj","This Rek&#39;s Cream, BRI; 3550-0103-0729-537 a/n DESTI HERLINA .",id,spam-promo
Djfwu1cWsAEN_lJ.jpg,@ingnl Just received a phishing SMS.... https://t.co/oKBwMV80j9,"Dear customer, You have not yet completed the IBAN verification and My ING is blocked. Follow the steps on verification-ing.com to reactivate your account.",nl,phishing-account alarm
EneihY4VEAIlkvY.jpg,@aduanBRTI every day I always receive spam sms from illegal pinjol. Here are the sms and the number that did the spam. https://t.co/rD7jWpDVIH,"Your quota has been increased, get it as soon as possible, link https://bit.ly/3ibqZFX Or https://bit.ly/2QSooEz Or https://bit.ly/2EHmYdQ",id,spam-promo
EePcKKkVoAEpf7w.jpg,@Telkomsel please reduce spam sms like this to be unimportant and don&#39;t improve the signal either. ! https://t.co/7EWbrlY6e3,YOUR CARD THE CHEAPEST SAKTI CARD! COMBO SAKTI QUOTA up to 15GB FULL 24 HOURS 30 DAYS! FREE 150 min call and 400 SMS prices start from 75RB Buy at Aldi cell Outlet,id,spam-promo
EDcIld5U8AE2NsY.jpg,"@BSSN_RI @TMCPoldaMetro I&#39;ve been like this. Around 1 o&#39;clock a few weeks ago in the spam sms like this. Not only from oyohotels, from other applications as well. But I don&#39;t respond because this is a fraud fix. https://t.co/Z5oG2EmYuR","- .. s your OTP ( One Time Password ) for logging into the OYO app . For security reasons , do not share the OTP .",en,scam-other
EVkiX8OWoAYm_he.jpg,Hello @Economie_Gouv I received this spam by SMS that I reported to 33700 but I think that it will not be taken into account because there is no sender number to return. https://t.co/Niba2igMt6,"Hello, Your tax refund is being processed, Please confirm your identity: https: // tinyurl.com/impots gouvr Thank you STOP 36034",fr,scam-tax
DUKrPinXUAAN8V6.jpg,@amazon looks like someone is sending out some sms spam on the back of your brand. #bookwriters #spam https://t.co/enojHi9bep,Last 2 Hrs Left to Activate your 85 % Amazon Coupon for your Book Writing & Publishing . Click Here book-writers.com to Activate Now .,en,spam-promo
DcuuCk4XcAAWm-1.jpg,"I think the government is lying about the regulation of cellular sim cards. In fact, in the field, sms like this is still roaming around, Pls block who likes sms, it&#39;s really spam, sir. Influential consumers @herrysw @SobatHAPE @tanganbelang_id https://t.co/dudDjp1a8u","SOLUTION TO CLOSING CC &amp; KTA, Dizzy with CC &amp; KTA Bills, Dizzy paying for minimum Payments, MAX 60 % CLOSURE disc / In CICIL MAX 60x Interest 0%, Regina TLP 08128256889",id,spam-loan
Ea8wDNMXkAA_gBo.jpg,"We don&#39;t know each other personally, @louis_aliot, your ideas disgust me, and I am not registered on the electoral roll, but your stupid com service STILL allows itself to send me an unsolicited SMS on my phone yet registered on red list ... # spam @CNIL https://t.co/5bDTNhZnpG","Hello, Louis Aliot is counting on your vote on June 28, if you cannot come, we can help you. Call us on 0766768552 or write to perpignan 2020 @ louisaliot.net SMS addressed due to health constraints STOP 36200",fr,spam-vote
EESLPNbWsAE1smA.jpg,"@Paytmcare this evening i got a call from this number, stating that calling from paytm customer care. He told me to please click on link shared in sms to get 1205. When I asked some details then he disconnected the phone. Seems like some fraud going on. 
Please investigate. https://t.co/UUxbBfmRLq",Welcome to PayTM your KYC done successful your wallet get 1205 rupees kyc cashback in wallet click in link and login your http://6c0bc0d8.ngrok.io/ paytm,en,scam-financial
ENsHIXqU4AMHwSG.jpg,"@Paytmcare Ihv got SMS from  similar wards like paytm. someone using yr popolar name for money related fraud.
Aware paytm customer from such SMS. https://t.co/MjIYV8w5O3",Dear Pyatm Customer your Pyatm KYC has been Suspended.pyatm Office PH 9971559199 Immediately.call your account will block within 24hrs .,en,scam-account alarm
EnxJZRAVcAAGx2-.jpg,Dear @att do you think you can do something about this kind of phishing by SMS? Or nah? https://t.co/g9OPRObYZj,Your Netflix account will be locked because your payment was declined qvo5j.com/VYOCGL2SUT,en,phishing-account alarm
ElewPYcVcAATv1g.jpg,"@aduanBRTI mean, every day I get sms, how can I be safe from Spam like this? https://t.co/GAKfrZTOZB","4YO G4BUN6 !!! PRO6R4M 1NV35T4S1 600rb GET 7jt 1jt GET 15jt 1,5jt GET 32jt 2jt GET 40jt 4jt GET 80jt 5jt GET 95jt Info klik : www.recoverydana 98.com",en,spam-promo
D3V7SxwV4AAsnEj.jpg,Please help @aduanBRTI SMS Spam Annoying scam https://t.co/grOwj1L7F6,"Dear Customer, Your Number is Chosen Get the 2nd prize of IDR 200 million from PT. LAZADA WINNING PIN: 77M2477 Complete info Click / visit official Bit.ly/lazada499",id,scam-prize
Eh4CxFRU0AAwST7.jpg,"Even though this is a new SIM number, you know. Have never registered to a social media service or the like that requires inputting a cellphone number. Deliberately to test whether you still get SMS spam like this. The first 3 months were quiet. But lately there&#39;s been a lot of spam like this. Seriously... https://t.co/RX0t8dhtH5","Your CIM CARD is Official M - get Rp. 100,000,000 , Pin Code ( c27d4k1 ) info click : s.id/undian-99",id,scam-prize
En9yivLUUAAdTJZ.jpg,"I strongly suppose this SCAM SMS message is due to the leakage of my personal information from @Ledger .

Scammers know not only my name and phone number, they know I'm using Ledger hardware wallet. https://t.co/6VxVxb96C8","My name Withdrawal request from new Device , ( IP Russia , Moscow ) . View , Edit or Cancel : ledger.com-device.id ■ .app / / activity",en,scam-account alarm
EZV3u8vVAAACUse.jpg,@Paytmcare received fraud sms regarding paytm kyc as stated in below pic request you to report about it https://t.co/7kB9K35aSj,Dear PAYTM customer your KYC has been suspended . To Verified PAYTM KYC call 8389901867 immediately . Your account will be blocked within 24 hours,en,scam-account alarm
EhYHu-BU8AAioKc.png,"Siyaaal! Even though I already used a spam filter, he tricked me using SMS alay a combination of letters and numbers. Send 2 bucks, do you think it&#39;s yakult or do I drink two. If only I could send a plague via SMS, I&#39;ll reply too. https://t.co/hCyk6MvR1D",Assalamualaikum Mr. / Ms. PLEASE Sorry if it bothers you if you need MOD4L US4H4 ETC BUNG4 2 % per year Starting from 5 million to 500 million Please Chat &quot; WA : 083-180-657-444 Text message 1:49 PM,id,spam-loan
DvD2urXXgAAdUPV.jpg,Now it&#39;s trying to #phishing by sms 🤔🤔🤔🤔🤔🖕🖕🖕🖕🖕🖕 # stoparnaque https://t.co/HFbPQYf4nx,Free Mobile reminds you of the regularization of your bill. Please complete the following procedure. click :: http://cutt.us/ EwWMp Customer ID: # JWNOYA5V,fr,phishing-financial
EHUI3pDWwAEY3t7.jpg,@LEVIS I'm happy that your store has opened but spamming me everyday with multiple SMS won't make me run to your store. Please stop the #spam. https://t.co/5CofyRLbCz,"Your favorite Levi's store in Select City Walk Mall , Saket is NOW OPEN in an all new avatar ! Get exclusive customized Levi's trucker jackets and jeans at Tailorshop . T & C To opt out call +919986452499 .  Celebrate Diwali with Levi's . Get an ANTI THEFT BACKPACK on purchase of Levi's apparel worth Rs.7999 or a DUFFLE BAG ON purchase of Levi's apparel worth Rs . 13999 , absolutely FREE . Also , get an assured GV worth Rs.500 on all purchases . T & C To opt out call +919986452499 .",en,spam-promo
EnZ-gsPVoAE2Rlp.jpg,"@KotakBankLtd  Looks like phishing  sms using kotak identity, please verify and take action. These fraudulent attempt to obtain sensitive information. https://t.co/SCwvvcDkME",Dear customer your KOT.K MHINDRA BANK A / c will be close . Please complete your verification . Please click on this link https://bit.ly/2UQEDE4,en,phishing-account alarm
EsybC10VcAss3Ti.jpg,"Wow, why today is the NSP promo sms spam tilkumsil https://t.co/mvXmg9Hxcl",NSP PROMO Rp 0 / 7hrs ! bls SMS type YES to subscribe to NSP Kala Cinta Teasing NOAH. Info : tsel.me/nsp . CS : 188,id,spam-promo
EyHYGgLVcAYgkCC.jpg,"The modus operandi varies; claiming to be from a lottery program, offering money loans, pesugihan services, claiming to be foreign (Malaysian) people who moved to Indonesia and many more. @aduankonten &amp; @kemkominfo should be able to record all the numbers used to blast SMS spam like this. https://t.co/C8lf5CZ9EU",PRIZES AT THE END OF THE YEAR Congratulations to you for winning a prize with a PIN: ( LZD4389 ) Please verify your PIN at bit.ly/hadiatahunan47 hub = 085244848847,id,scam-prize
EXtecfcU0AM0all.jpg,@aduanBRTI @ojkindonesia @kemkominfo Please processed according to the provisions for sending sms #spam #pemfundan (attached) sent to No. @simPATI I was on the date. 11 May 2020 from No. 6285283198961. Thank you #RegistrasiKartuPraharga #KeamananDataPerbadi https://t.co/n4kveUaWEt,We Offer Online-Based Business Capital With Low Interest. Free WhatsApp Chat INFO :: 082216493198,id,spam-loan
DZtDydfVQAAWik9.jpg,Interesting Malaysian election related SMS spam. How’d I end up on this list @SKMM_MCMC ? https://t.co/gmovbXCsLB,RM0.00: Vanakkam. Are you looking for the truth? Tired of election time lies? Get permission here: www.thenijam.com,ms,spam-vote
EpWIRy_XUAICDWK.png,Phishing SMS received. Poke around a bit. Problem solved. https://t.co/0EQC9yzoyw,BNPPARIBAS : Your easybanking login expires today . Log in to extend your access and prevent blocking: https://bnp.leren-registratie-be.com,nl,phishing-account alarm
EDtBFADUEAEq48q.jpg,"@BlrCityPolice @PIBHomeAffairs @CPBlr @Airtel_Presence @Cybercellindia 
Possible ongoing IT fraud.. received few sms which are clearly attempt to fraud. Request you to please look in to it. https://t.co/mqQzIbc6ep","Your pension Rs . 70,000 can be approved under Yojna . Click Here https://wow.link/eP6",en,scam-financial
EOukh24U4AAP3Sn.jpg,Please follow up this spam sms @aduanBRTI https://t.co/8AhPREGQvb,"tia, yesterday saw you crossing the road, look at this photo chat-v.com/s/9htv|4",id,spam-other
ETIxfF_WkAABSfF.jpg,"@Raymond_lopen @bunq I just happened to receive a phissing SMS from &#39;tax authorities&#39;! Fortunately, ideal payment is no longer possible via that website. Was about the same amount. #phishing #tax authorities #bunq Hope that @bunq can quickly block the account and file a declaration. https://t.co/lNz0yTFAch","( Tax Authorities ) : Your outstanding debt with reference BD199768 has not yet been paid after several reminders . On March 16, 2020, the bailiff will proceed with an enforceable attachment. You can prevent this by immediately paying your outstanding debt via http://bit.do/BD199768",nl,scam-tax
Eo0pHlmW4AcpccN.jpg,"unbelievable! In the past it was only by mail, but now also more and more by text! #phishing #fraud @argenta @Police_Rupel https://t.co/LkpOBpg99w","[ ARGENTA ] Your app was logged in on ( 09/12/2020 21:11 ) from an unusual location . If you are not, verify via: https://arghome-environment.info",nl,phishing-account alarm
EImtmbyU0AIDj1G.png,@riteshagar @oyorooms the number times you've said that you've removed me from your SMS list is insane. I still keep getting it. Time to spam back. #OyoSpam https://t.co/n4lUzRHHw2,"OYO LIFE Diwali Dhamaka ! RENT FREE OCTOBER !! Book using code OCTFREE , move - in between 15-27 Oct to stay free for rest of month . Visit : bit.ly/2mviRZ7 T & C apply",en,spam-promo
EPRCz4LUcAEoGqF.jpg,"Another another When will SMS spam automatically come from @Telkomsel No need to register for SMS block packages etc. It feels right to sing Bang, who&#39;s SMS is this, Bro, why is the message offering money??? https://t.co/xBM7NuOE5j",We offer sharia-based ONLINE loans from 3 million to 250 million interest 0 % info WA 081563916347,id,spam-loan
D5JE_kTUwAAGthf.jpg,@tatatrusts @RNTata2000 @TataCompanies @TataPower below is the SMS I received and link which gives me a opening in Tata Company.... I know this is fraud but how can come one registered on TATAHR send people message... Pls have the needful done... https://t.co/BHT5ex0lnF,URGENT CALL - 7300640719 You are short - listed by Company . You will come to Company . Please Download LETTER by Link - WWW . 6565464545.blogspot.com,en,scam-other
EW6nzPdUMAI4Csa.jpg,"@IndianCERT Received SMS and it looks like fraud, possibly many people would have received this and your team can stop them by taking some action. Could you please look into this? #Fraud #SMSFraud #FraudAwareness https://t.co/W7li6SmBMq","Dear Customer , Your P - team K - Y - C has been Suspended . call us 7866893582 immediately . Your account will blocked within 24 hrs . Thank you .",en,scam-account alarm
EAOjA2QXoAAC5K2.jpg,PF'S SPAM SMS CAMPAIGN TO THE ZAMBIAN PUBLIC https://t.co/F3qTr7deDp https://t.co/UKjRsy0kEg,We have the responsibility of developing our nation ; Let us all contribute to the betterment of our country . Airtel 17:14,en,spam-vote
D__vGmpXsAIPpJR.jpg,"@etisalat @dutweets +971 56 949 0280

These person was trying phishing attack, he even sent me sms messge spoofing emirates ID. Please put these unscrupulous people where they should belong https://t.co/Rd6z6RfDet","Dear customer , your application number 800 the name of  o - been verified . The issuance of the identity card is under process , for more information please visit www.ica.ae",en,scam-other
EvBtunUVcAYd5Hv.jpg,@RappiMexico have been constantly arriving SMS messages with supposed promotions where they give away $ 220.00. This surely is FRAUD AND PHISHING. 🚨🚨 They must notify their users in their application. Https://t.co/elOTOft91O,"Rappi: Today and just for today, you have $ 220 to order everything you see in the app. Go ahead and order now. T &amp; C apply https: // r appi.app.link/ rc",es,spam-promo
EZodmxmXgAEa6Y9.jpg,"@BSNLCorporate 
@TRAI 

Dear Sir/Ma'am, 
     I am receiving two spam SMS daily from BSNL which is very annoying. 

I don't even use BSNL.

Below is the picture of the spam SMS.

Kindly stop it, this is non-sense❗❗❗❗ https://t.co/Pwxjn1EzkR",BSNL has installed Quality Telecom Network in the country & now focusing on improving it .,en,spam-other
DcYF4aZX0AEGNc3.jpg,Dear @MovistarChile @AyudaMovistarCL even when they fill me with spam by sms .... I have more .... https://t.co/3BGFSIC0Nf,WHATSAPP Miguel Valderrama a companion who lives there Hey your GAMER! April thousand games! now My Play and Participate for PS4 + FIFA 18! but Bases in http://goo.gl/hCNafa,es,spam-promo
EoRXRgGXEAY1FyF.jpg,"@PDI_CHILE @santanderchile @Carabdechile @biobio @Cooperativa @ T13 SMS message with Phishing to carry out scams, what is the conduit to report? https://t.co/0b4qRwoRVt","SANTANDER: Your Super Password is blocked for security reasons. To activate it, you must enter here: https: //banksantaandermovil.app?sms= santander",es,phishing-account alarm
EO0ezUnU8AUg8AT.jpg,Attempted fraud @Paytm from BP-PTMKYC! @DelhiPolice @TRAI These fraudsters are using this bulk SMS service. I need to see action against them asap. https://t.co/OWGlSQau1T,Dear paytm customer your paytm kyc has expired contact customer care No - 6291555763 immediately . Your account will block within 24 hr.thank you paytm team,en,scam-account alarm
ATa6QOHiWC_tseuL.jpg,"Another sms #ScamAlert  #scam. Looks like a genuine #royalmail text but isn’t, and you can see this if you press and hold the link to view it. https://t.co/WM6idhWfCK","Your parcel is being held at our depot due to an unpaid £ 2.70 shipping fee .  Please pay the fees before Saturday , 06 February 2021 otherwise the parcel will be returned to sender .  https://royalmail.co/ schedule - delivery / ? GV666230065GB",en,scam-delivery
EsbU-ltXAAAiWTI.jpg,"Beware of Sms Phishing in this case simulating the tracking of a DHL package, to try to steal your data! @baquerator @Hardcorcon @ anaesteban75 @ crispy7612 @PoliciaAlcorcon https://t.co/a9EBMw8z8L","DHL: Your package is arriving, track it here https://cutt.ly / cjGJOtF",es,scam-delivery
EGzNSEoUUAAPsWT.jpg,@aduanBRTI request that the following number is blocked because it often sends spam sms https://t.co/bIwA8yXSsx,"NEEDED FUNDS !!! Fast processing, Secure, Sharia-based online, without usury, by the ksp Nasari group, offers loans of -9 million to - 500 million WHATSSap 085231159727",id,spam-loan
EaipvT0XQAIOUEw.jpg,"@Elysee, I just received this spam by SMS with the contact name E.Macron. The number behind this contact which looks like impersonation is 3622766 https://t.co/5o8JaT4e0f",I decided to reopen almost all non-Parisian bistros as of today. Book from this noon on www.pasparisiens.fr (free valet parking) Stop 36184,fr,spam-promo
EhF6BhpWsAE2p8a.jpg,I got 2 rather strange messages. I suspect it&#39;s spam. Do expect a package but have never experienced that it was sent by SMS or that I had to pay shipping costs first. Anyone have an idea? @PostNL #dtv #spam https://t.co/i4uxhHCchT,Your parcel has just arrived at the sorting center . click on the link to track your package : http : // bit .ly / shipment - completion In order to receive your package it is important to pay the shipping costs .,nl,scam-delivery
EwF4jDYWEAA8TKV.jpg,How sad are the #phishing of the package delivery! It is already the third one that reaches me. EYE! Do not sting! https://t.co/rpDGKkFVoC,"Hello BORJA ADSUARA, your shipment was delivered on 10 / 03-2021 at the delivery point. See where you can pick up your package here: http: // ask comma.com/url/? gha2mwejg53",es,phishing-delivery
EmDDoI9XIAIo3s7.jpg,"A SL resident sent us the screenshot below of a phishing scam purporting to be a #Coronavirus update. The Scottish Government have a SMS update service for people shielding but you have to sign up. If you get this text, delete it #ScamShare #ScamAware https://t.co/zGLcvSJhvR",Important Coronavirus update in your area http://bitlynow.com/ MTM1MTAyNg,en,scam-covid
DTvVI_7U0AEVN3c.jpg,@Uber_Mumbai why I’m getting all drivers referral SMS? Kindly stop sending me spam messages. https://t.co/e798y0HCdp,"Is hafte , yaani ki 15th se 21st January ke beech , Uber de raha hai SPECIAL REFERRAL INCENTIVES un drivers ko jinki khudki gaadi nahi hai . Is hafte, agar aap 1 se zyada logon ko refer karke unse pehli trip karwate hain, toh aapko milega 1 gm gold coin, woh bhi sadharan incentive ke upar. Sadharan Incentive jaane ke liye :",hi,spam-other
EbQrS-eWAAIlGzZ.jpg,Scammers also lurking in #HLMRMeer! Be alert and don&#39;t be tempted to act via WhatsApp or SMS! #fraud #phishing #report via: https://t.co/r9QmsnenrS https://t.co/mrda3Ia3b5,"Ma&#39;am , a lawsuit has been filed against you . The police are already on their way because you have already been located .",nl,scam-other
EzldQC2WYAMl18g.jpg,@mossos @caixabank_cat I received an SMS this morning that a) is of unknown origin and b) has a masked link with https://t.co/tbnQnPpQSJ (which points to a Romanian domain) #sms #phishing #suplantacioidentitat What more should i do? https://t.co/TVf6dNYBJk,"CaixaBank: We regret to inform you that your account has been deactivated, for your security we ask you to complete the following verification: https://bit.ly/3n7udom",es,phishing-account alarm
El14BipVMAAJKcZ.jpg,"Hi admin, in the last 2 days I got a spam SMS, how come it usually doesn&#39;t get it, please follow up. @triindonesia @3CareIndonesia https://t.co/Bsd4SmvRhQ",Get funny comics here. Please download your content. Click http://bit.ly/2fe2dt1 (Data rates apply) CS: 021-25657574,id,spam-promo
EXLl9_7UcAgMWcT.jpg,"WARNING
Ehi @RevolutApp there is someone who is sending phishing sms with your name asking for phone number and pin code! 

#Revolut https://t.co/ZZOI4EdaZX","Please update your Revolut account with the new card request, failure to update will block your account thanks to https://revolut-italia.com",it,phishing-account alarm
EVvsCRCWoAA3j6Y.png,Watch out for such &quot;creative&quot; phishing messages. Now also via SMS. @KBC_BE https://t.co/1x1PnO0eSc,[ KBC ] : We have placed your account in the &quot; quarantine zone &quot; . You must confirm your device before 18-04 to avoid blocking : https://www-kbc.icu,nl,phishing-account alarm
EAUf-jAXkAAo72t.png,"Another Tax Refund Related Scam!
Why are SMSs and websites like these allowed?

Scam site hosted and registered via @Namecheap 
SSL by @SectigoHQ 
SMS sent to me via @ThreeUK

#Fraud @actionfrauduk @Nominet #ScamAlert @googlechrome https://t.co/iz1FfRR9PH",DVLA : You are eligible to receive a tax refund of 805.07gbp Please submit your request via uk - refundfina.lgive - back .co.uk / gov,en,scam-tax
Dv4xPswW0AAlrsR.jpg,"STOP SPAM @MTNzaService

Nearly 30 spam sms between 1 Dec and now. GO AWAY! I'm an @Afrihost client. Please help me unsubscribe from this bull https://t.co/q5RuicZU8z",#wegotu this SUMMER with 500MB data + 100MTN - MTN minutes for only R65 valid for 30 days . Dial * 142 # & select SummerSurprise for daily & weekly deals now !,en,spam-promo
EX4zCMNWAAEn9DE.jpg,@DVLAgovuk - I received this scam SMS this morning. This appears to be from Russia. https://t.co/JtpSKnYyiQ,"DVLA : Due to recent calculations , you overpaid us by 203.07 . Please follow the link below to process your repayment https : //dvla.refund-form347 .com / ? c = 2",en,scam-financial
DddX35JXkAAI0Mc.jpg,@Paytm @Paytmcare Received a fraud sms today in ur name...u people need to keep a check on such things. Here’s the screenshot of that sms https://t.co/EPHmvDimyO,Dear sir Congratulation You are product order Paytm mall company At Paytm mall shopping tv show the results are out in Paytm mall Your name to open the luky drw Tata safari cost RS = 1260000 at The charge of your REGISTRATION Service payment RS = 7500 Details contact = 9534569495,en,scam-prize
EokuFxGWEAgjDAe.jpg,Big wave of scam not SMS for a few hours targeting Ledger Wallet holders. @Ledger https://t.co/GuLV4Mf1rz,Your hardware wallet has been deactivated . You are required to pass verification due to the new KYC regulations . ledger.com.device.id.756728.app/ verification,en,scam-account alarm
EdV3U_jUYAAhs0C.png,"In spam sms sm Burger King.. How come it&#39;s only &quot;50k&quot;. I really want it for free, tis tis thhh wkwkwk https://t.co/8d6djwW5BZ",Buy 1 Get 1 Free Mozzarella Cheese Burger + Coke Only 50.000 ! Exchange SMS only today at Burger King Nearby. click https://bit.ly/tselbk4 SKB.Promo *606#,id,spam-promo
D-2mXHoU0AID-lC.jpg,"@TRAI When this unwanted SMS marketing menace is going to stop? No opt-out option! Pathetic @vmartretail
#marketting #spam #sms #vmart https://t.co/fKO7ROM7aV","PEHLI BAAR !! 500 pe 500 Offer ! Sirf 3 din ke liye ! Rs.500 ki FREE shopping Rs.500 ki khareed per , only @ V - MART Aligarh store . HURRY! T &amp; C",hi,spam-promo
D_nu-wGWkAIkrfH.jpg,Anyone in #Bahrain who received an SMS from #Netflix about a problem with payment DO NOT OPEN THE LINK. It's a phishing scam designed to steal your CC info. https://t.co/t17bGOxwWZ,Oups .. Trouble with your payment ! Update your billing informations on the following link : http://bit.ly/2NXMRda,en,phishing-account alarm
EJYoAKyUEAALEFl.jpg,Junk sms (spam) has evolved to be rich like this. Extreme danger https://t.co/bY3N4BCvKm,"afternoon.. don&#39;t keep busy, it&#39;s been a long time since we haven&#39;t talked, please call me at 08091401039.",id,spam-other
EJVVnj6VUAEOhAn.jpg,@airtelindia Fraud sms by someone https://t.co/cUysV1g4cH,"On behalf of airtel, you can call to get 5 lakh 20000 thousand rupees",hi,scam-prize
E0oRNvBX0AggoGs.jpg,"In the last days I received several SMS of supposed shipments that I did not make. Be careful with opening those links. They are not HTTPS, some senders have foreign phones and did not wait for any packets. Activate the phone&#39;s SPAM filters. @policia @CorreosExpress @UPS @MediaMarkt_es https://t.co/zF7DJK6acw",Correos Express: FAILED DELIVERY Rejected Package. For a new delivery click here: http://jinja9ja.com/v/? x7p11qj56rtz,es,scam-delivery
Ef9rRDRXoAIVWRW.jpg,Learned a new term today. Smishing is a form of phishing via SMS. Happy with my healthy dose of suspicion... and now don&#39;t all call that number at the same time 😂. https://t.co/3pY9dOqNSt,"[ Vodafone ] : Dear customer , you will receive a refund of € 25.00 . Complete the verification with your account to receive the money at : vodafone-service.nl/ vodafone.html",nl,scam-financial
EmmpJ3gWMAAf5vB.png,"Spam SMS are free to appear, making you uncomfortable. Have the personal numbers of ministers, officials, presidents, vice presidents etc. ever received such SMS? @jokowi @Telkomsel @ruhutsitompul @kemkominfo @Dennysiregar7 @YRadianto @akira_sby99 @KiBajolIjo @DavidWijaya82 @blantik_pedhet https://t.co/hfuws2sRd7",BPJS INFO You receive assistance funds from the BPJS Central office For info click: Bit.ly/bantubpjs health,id,scam-financial
E35jCNNVIAI_Zzd.jpg,@aduanBRTI report spam sms https://t.co/mrQsRDLiNx,"INFO Tr @ khir @ nd @ md @ ptkn Rp.175.000.000,00 dri GIVE4.W.4.Y ID ( CK805KU ) klik tinyurl.com/giveawayinfo2021 Whtspp : 082344136778",ar,spam-other
EhYpwugWsAAE6xR.jpg,Heads up people there is a fake sms message going around claiming to be from @PayPalUK DO NOT click any links in the message this is a scam @northumbriapol https://t.co/BeX24d0IM8,ALERT : A suspicious login to your PayPal was made in Manchester on 7th of AUG at 5:49 PM if this was not you immediately visit : https://user-id214.com,en,scam-account alarm
Eyy7GmMW8AANr_F.jpg,"The #databreach might as well be “old”, as #Facebook says, but effects feel very real today. My📱number among the millions leaked. Might be a coincidence, but 2 days I get phishing via sms. If you are a @proximus customer you can alert them here: https://t.co/Bl7VfOyvXo https://t.co/xaSzE8kFHj","3 : Dear customer , You are in arrears of €8.33 . Avoid extra costs; pay directly via : http rvices ) secure / 0436471 ? id = dae36618cb85",nl,scam-financial
EIMgXqhXkAAe025.jpg,@shekharz1967 recieving  daily calls n  sms  for depositing money in sbi ac 38321852473.Reported the same to ur @TheOfficialSBI . The guy keeps calling stil.Local Sbi confirms that live transactions in the a/c.Are these kyc enabled accounts . Hw to report fraud #vigilanceweek2019 https://t.co/9lgn32eGXM,"Diwali Dhamaka Offer ( Congratulation ) You Are Winner Of Shopclues Company TV Show Online Shopping Centre You Won The 1st Price Tata Nexon Car Our Amount RS - 6,90,000 Please You Have Pay Company Registration Charge -RS -6,500 ( In State Bank Of India ) Date 24/10/2019 Deposit Details For Contact Me Helpline Number Toll Free 1800-313-3226 WhatsApp Number 6289311957 LOGIN WWW.SHOPCLUESONLINEWINNER.IN",en,scam-prize
Dlt59wfW0AIDYZy.jpg,"spam sms received on @Vip_mobile postpaid number, it is not possible to respond to the number from which it was sent https://t.co/l2PvZxtAnm","THIS MOBILE NUMBER HAS WON $ 450,000.00USD FROM SMLPRO REF # 48020 , FOR INFO CONTACT MR . ANDREW WITH YOUR NAME , ADDRESS AND NUMBER TO EMAIL : FCENDEPT@GMAIL.CO M.",en,scam-prize
ETzAKwmXkAYS_vq.jpg,"Alert! Fraudulent messages offering free passes on the @netflix platform are being sent by SMS and whatsapp, “it is recommended to delete the message and not forward it” #SCAM @mindefensa @Ministerio_TIC @CaiVirtual https://t.co/i0gOXjIH5e","Due to the Coronavirus pandemic around the world, Netflix is giving some free passes to its platform during the isolation period. Run it on site because it will finish fast! https://netflix-usa.net/?periodo-de isolation - free",es,scam-covid
DZMYV73XcAA-gKm.jpg,Just came to know I will be a millionaire if I follow the instructions of this Scam SMS.. Many Innocent get trapped in such misguiding messages. @PuneCityPolice https://t.co/DrvuuezXwV,"YOUR MOBILE - NO HAVE WON 4.6 CRORE RUPEES FROM SAMSUNG GALAXY PROMO , TO CLAIM SEND YOUR NAME AGE ADDRESS MOBILE - NO OCCUPATION REPLY TO : samsg0238įgmail.com  YOUR MOBILE - NO HAVE WON 4.6 CRORE RUPEES FROM SAMSUNG GALAXY PROMO , TO CLAIM SEND YOUR NAME AGE ADDRESS MOBILE - NO OCCUPATION REPLY TO : samsg0238@gmail.com",en,scam-prize
EAd5mqUW4AEVYQM.jpg,"It is that time again! We get a lot of reports about a #phishing text message, supposedly from @TriodosNL. They lure you via a #fake link to a page where they steal your data. Don&#39;t fall for it and RT! If you want to know what you can do against phishing, read → https://t.co/FT1an95N0d https://t.co/DZWgQUqEVs","Triodos Bank : Your authorization for EUR 1601.48 to VOF Spilda has been approved . If you are not familiar with this direct debit, cancel it now via: rplg.co/TRIODOS",nl,scam-financial
DkkRY5nWwAAYjZ5.jpg,"@Dominos_UK Every time you send me an SMS the number is question changes. This makes blocking impossible, it's outright spamming. I've sent a written letter to the ICO. #spam #Dominos https://t.co/qRhwxxACuD","Domino's Wolverhampton Two for Tuesday Buy 1 Pizza Get 1 Free , Every Tuesday Tel 01902331133 or @ dominos.co.uk T & Cs OptOut STOP TO 07860020301",en,spam-gamble
D6nhIIrWsAA-wzJ.jpg,Spam SMS marketing fail https://t.co/vZ0I8W8chS,"#Mark White NIC launch #Going all out #Witkoppen Rd , Fourways #Free Service Plan Upgrade T & C #Fantastic deals #Food , coffee , entertainment # 011-4656263",en,spam-promo
EXt-shpXkAEtOmo.jpg,"Dear @INGBelgium. Just received this sms. Seems like phishing to me, where can this be reported? @safeonweb @safeonweb_be https://t.co/tMZPxT5H2V",ING : We have placed your account in the &#39; quarantine zone &#39; . You must confirm your Mobile Home Banking on your device before 12-05-20 to avoid blocking : split.to/dcVizww Thank you in advance for your cooperation . ING Customer Service,nl,scam-account alarm
D7L6HW4WsAEskKZ.jpg,"@AmazonESP I&#39;m getting sms impersonating you, obviously it&#39;s phishing and Spam. Do you know something about it? https://t.co/1B7h6UJCsw","Congratulations ! The results have come out, and your post code has been chosen! You are 1 of the 5 winners &gt;&gt; http://ulk.us/3Vj15z",es,scam-prize
EkOziiuUYAAvqv5.jpg,Phishing SMS @amex_express_mx sends to that fake page https://t.co/KGyU722Le7,"The collection of your Cov19 Insurance X 299 pesos, monthly cost, will be charged to your AMEX card, This message is only the confirmation, to cancel visit: byt.lat/ ax.php",es,scam-covid
Eh8h59BXcAA6jQ7.jpg,Oula SMS spam becomes formidable etc ... https://t.co/N1bLOZDUpx,"Hello thibaut, your order was delivered on 01/09 at the collection point. See where you can pick up your packages: 08lr.com/PSxAz",fr,scam-delivery
EI1U2tsUUAAT0II.jpg,sms spam min aduanBRTI https://t.co/zEugVI17yB,"TV broadcasts are not clear? replace the satellite dish today, free dozens of channels forever without monthly, clear picture, ONLY 850 THOUSAND!! Tel / wa : 081386960358",id,spam-promo
EMhXgpiVUAAF5zz.jpg,This is an interesting new take on spam / phishing SMS - using a human name for the sender. https://t.co/hL3ZYXRHCj,Jennifer sent you the wrong link last week . Sorry . This is the correct one http://ptrnh.com/3115,en,scam-other
EB4WBL2XYAArEY1.jpg,New #phishing attack against @ING via SMS using @cutt_ly https://t.co/14YE6iFrxG,"INGDirect. Your ING account: 47189423, has been temporarily blocked. To activate your account you can access safely from: https://cutt.ly/uwpo03A",es,phishing-account alarm
EDCpQZ1XUAIPzCJ.jpg,"@Paytm @PaytmBank 
A fraud call came to me for cash back offer.A fraud link is in the SMS.

Please take action . Its urgent otherwise people will share their username and password . 

I have shared the fraud call number in screenshot! @PaytmCybercell https://t.co/kTURnxrS5Z",Welcome to paytm payment bank your kyc done successful in your wallet get 1000 kyc cashback click in link and login your paytm https://2a3d41ec.ngrok.io,en,scam-financial
EODh6VpU4AU7aCn.jpg,"@JioCare @reliancejio @TRAI @DoT_India  @KotakBankLtd @Buddyloan_in  why after so many complain complain with Jio and DND Registered getting regulat Spam message , And From @KotakBankLtd  Sms got to much frustrated weakly getting 2 3 massage from @KotakBankLtd https://t.co/zEI00o7tLF",PAN + Aadhaar + 5 mins - Instant Personal Loan Approval Get up to 5 Lakhs Instantly ! Apply Today http://gfdk.in/s/GA400 JUrco,en,spam-loan
DyKoTcTWwAAxrhf.jpg,"@AntelDeTodos The Prex card spam by SMS, probably using the 10 thousand free SMS and violating the terms of service. Attachment screenshot. I hope they take action. Thanks. https://t.co/Q2GQxT9DH1","you have your PreXtamo approved and waiting for you, in just one minute it can be yours! Get it sea. 1:47 p. m.",es,spam-promo
EksatF7XUAAsVqP.jpg,"@SobatHAPE Almost every day I get spam sms, here 2 hours ago I got it even though it&#39;s been more than a year I haven&#39;t filled up credit at the roadside counter, confused about where to get our number it&#39;s useless to register a number, you must use an ID card + original KK number https http://t.co/O4JPxTScF1",DECISION LETTER FROM PT.SHOPEE INDONESIA Congratulations you M - get a cash check of Rp.175 million WINNING PIN; ( 25F4777 ) U / INFO CLICK ; bit.ly/undiansho-pee73,id,scam-prize
EXBEzkSX0AA1xpx.jpg,Attention from the @Belastingdienst! Just a reminder by old school text message. #phishing #trapernietin https://t.co/U8up7vkXzp,"[ Tax Authorities ] Your outstanding debt of EUR € 743.00 has not been paid after several reminders . On May 3, 2020, the bailiff will proceed with a prejudgment attachment. You can prevent the attachment procedure by immediately paying the entire amount via iDeal: https://frama.link/. CPZHUBQR",nl,scam-tax
EzwfIM6VcAEBfAf.jpg,@CelsiusNetwork I just got a scam SMS https://t.co/rxIAGR2sQY,"To celebrate the release of the new Celsius Web App , HODL your crypto with the Web App and receive up to $ 2,000 in bonus : https : // celsius.loan/",en,scam-financial
EZMRouQVcAo12CI.jpg,@proximus I received this #Phishing SMS from a #Proximus mobile number. @INGBelgium does not send SMS to their customers. Can you block this number? https://t.co/t2gsvZuwpV,ING : Your ING debit card is outdated and will expire on 29-05-2020 . Request your new debit card completely free of charge via: https: // e-retail login.info/ING 04881/log in and prevent blockage of your current debit card.,nl,scam-credit/debit card
D7ymMHzUcAAIsnX.jpg,This is the SPAM SMS that came in a few days ago. Please take action Min @IndosatCare https://t.co/phUfG3qzoy,"PT. LAZADA 2019 for &quot;good luck, your number officially won a prize of 175 million with a pin code; 02498123 to make sure you check your pin at www.lazadatbk647.blogspot.com",id,scam-prize
Em8ZtrSXUAA4K_H.jpg,@lisalaposte I had no doubts about the phishing attempt that I just received but I sent you an email if it can help to corner the people behind it I received this SMS which asks me for my bank details to pay the shipping costs of a non-existent package https://t.co/U5PuyEhGdE,"We have tried to deliver your LP995215701FR package, but there is no postage. Follow the instructions here: https://bit.do/fK64D",fr,scam-delivery
Ev3VtO2VcAIaYrQ.jpg,And many more spam sms https://t.co/pPy082sTOy,"2200 SqFt - 4 BHK In DLF Garden City , Gurgaon At Rs 1.25 CR onwards With Terrace , Basement Call 9311015437",en,spam-promo
Domib3LXsAA64KX.jpg,"New spam dims down in the form of SMS. Casinot Duelz has launched the offensive and sent two new SMS, three if you count it from last Friday. #game abuse #play advertising https://t.co/0vT4Xv2UlW",Duelz casino is finally up and running as we have been waiting for! Duel against others and play without an account here today! http://bit.ly/2QrU6GG Optput: http://bit.ly/stop9,sv,spam-gamble
DZw6r86XkAAmUZC.jpg,"Oh, this is tax season and scam sms from “HMRC”. @ThreeUKSupport could you please sort it out? https://t.co/yCb8fwLkSa",You have a pending payment of 265.84GBP from HM Revenue & Customs . To proceed please fill your form below . govuk.ref7911.com,en,scam-tax
E2evA_9WQAUjoK1.jpg,🚨 CPAM phishing by SMS in progress @ameli_actu https://t.co/dBC3EHqAiS,"[CPAM SANTE] After the last check of your health insurance file, we have determined that you will receive a reimbursement of 520.67 euros. Please complete your reimbursement form and confirm it via the link below: https://assure-sante.org/compte",fr,scam-financial
D_SxKWnW4AA29Cs.jpg,Just received a Phishing SMS (smisching) on behalf of @TriodosNL Of course I will not respond to that. @police https://t.co/VZOPUoyfvn https://t.co/A5zlX2lTG7,"Triodos Bank : Your authorization for EUR 1601.48 to VOF Spilda has been approved . If you are not familiar with this direct debit, cancel it now via: rplg.co/TRIODOS",nl,scam-financial
EuGtfkjXIAElqq0.jpg,Received pretty credible phishing SMS this morning purporting to be from @RoyalMail . Was expecting parcel so clicked through not thinking... https://t.co/WlJB0PW1hf,"Your parcel is being held at our depot due to an unpaid £ 2.70 shipping fee .  Please pay the fees before Monday , 15 February 2021 otherwise the parcel will be returned to sender .  https://royalmail.co/schedule delivery / ? GV670517065GB",en,scam-delivery
EcEFpHxWoAAPrZC.jpg,@PostNL here&#39;s a phishing text message I received. Are you taking action on this? https://t.co/3oLIPuxAAy,[ PostNL ] Your package has arrived at our sorting center . Follow your package via: https://postontvangen.nl/postnl/postNL .php ? trxid = 5eff973d403a6 Sat 02:29,nl,scam-delivery
DWN-6C3VwAA0hiD.jpg,Yo @getwalnutapp ... I uninstalled your app 'cos I found no worthy use of it to manage my expenses. But that doesn't mean you can send me an SMS with fraud payment reminders. Who the hell signed off on this dumb idea? https://t.co/I59oi47Cn9,Bills due next week 24 - FEB - 18 AIRTEL 80 21 - FEB - 18 LIC 29 Track your Expenses & Bills with Walnut - One App for All Banks http://wnut.in/GetBillAlert,en,spam-promo
Es9JTnkUYAUi9gA.jpg,@Telkomsel what&#39;s the point of registering for activation if you can&#39;t block fake sms and spam like this @aduanBRTI @kemkominfo https://t.co/qSVyyiSzHG,"Congratulations, your number is registered with BPJS Indonesia, Order 7 M - get assistance of Rp. 55 million U / info: bit.ly/BantuanBPJSthn 2021 then Enter your PIN Locked: 457457",id,scam-prize
EmajHh4XUAESBfI.jpg,@HalifaxBank - sms scam alert impersonating you. https://t.co/D4QBMISocK,HALIFAX ALERT : A payment was attempted from a new device on 09/11 at 18:19 . If this was not you please visit https : // . halifax-online-verify.com,en,scam-account alarm
EUHDnTNWAAADgTO.jpg,"Phishing received this morning by SMS, educate your old people (Cc @cybervictimes @ameli_actu) https://t.co/fLkOrL6G1m","Ameli Account: After the last verification of your health insurance file, we have determined that You will receive a refund of 679.80 euros. Please complete your refund form and confirm it via the link below: https://bit.ly/. 2QNSN7W",fr,scam-financial
ESP3WeVXkAEFlJd.jpg,"RT GDTGuardiaCivil: Another #SMS from your bank because your card has been blocked? Are you sure? #NiCaso al #phishing. No real entity would ask you to carry out this procedure in this way. If you have any doubts, contact them directly ☎ https://t.co/m8eM67yl2F - GDT Guardia Civil (GDT…","Your Santander account has been blocked.To activate your account, you can access safely from: https: // client -santander-acceso.fs-consulting.co/",es,phishing-account alarm
Ej2nYbPVcAA5t4z.jpg,"Hello @kemkominfo. If you have time to make and send sms like in pic one, of course you have time to eradicate spam sms in pic no.2-3 https://t.co/XJN4Jhfdjk",Congratulations No. You Win 2nd Prize CASH CASH Rp.175 million With PIN (25F4777) U / Info click; tiny.cc/shopeeid878,id,scam-prize
DXTETF9WAAA5irI.jpg,"Hi @ingnl, I don&#39;t use your bank. Also don&#39;t have an “ING” contact in my phone. So this is a #phishing SMS? https://t.co/HggE9iyPE4","Dear relation, Download the new ING app with renewed certificates now and make the most of it. Log in to My ING and follow the steps:",nl,scam-other
D0PU0KWWwAAJGhI.jpg,@airtelindia @Airtel_Presence why can’t your intelligent network filter these obvious Spam SMS? One from someone on behalf of @YESBANK https://t.co/8dtGV45N8Y,YES BANK Personal Loan New Rates 10.75 % IF YOU HAVE Other Bank PL Transfer 11.99 % We Do NON - YES A / C HOLDER ALSO TO APPLY CALL Tamanna 8050136546 T & C,en,spam-loan
EY5MMKnWoAQdPql.jpg,"@TIMBrasil , @TIM_AJUDA , @TIM_Official continue to send SPAM through the number 7272 via SMS. You don&#39;t respect anyone your bags without handles (!) Denounced to 7726 and Anatel. Once again, shit on the phone this Monday afternoon at 6:26 pm https://t.co/mhYwoZ1iVa","best cell plan for those you love 9.5GB of unlimited internet, apps and voice from TIM Controle in your",pt,spam-promo
EnepWJsVkAYoFsL.jpg,Dannn ... again and again there are still spam sms. Where&#39;s the follow-up @Telkomsel still getting bad sms like this.... up to my spam sms which I usually don&#39;t reply to but I reply... https://t.co/1bTL9yTjCQ,"Interested in Shopping Auction Goods Due Original, Letters, Invoice Complete and Guaranteed click the link below; https://bit.ly/infoproduct-lelang",id,spam-promo
EmhbwmUXcAA29ip.jpg,IrTirtoID SMS Spam kaya gini? https://t.co/WVZkoXTq2n,PELET AND PESUGIHAN shamans Like -Pesugihan -Asmara -Long distance witchcraft -DII Powerful guarantees success without being victimized by WhatsApp; 082399579683 OR CLICK ; bit.ly/ahlimistik,id,spam-promo
ExYzWNIWEAI-6t-.jpg,@policia today I received a new type of #phishing by #sms this time with #Facebook https://t.co/Ae4GjKJ8Lg,"Facebook: Suspicious activity on your Facebook account, click here: https: // corporatefokus.com/t/? 6fijy21041099",es,phishing-account alarm
EOTyvsrWoAALDkB.jpg,"Aren’t we super lucky, my wife and I both received this SMS today, I wonder if I should click the link and possibly give my bank account details to receive the money from @Argos_Online #phishing https://t.co/10rfGHMSeZ","ARGOS - Congratulations , you've won the £ 500 gift . Your gift is valid until Sat 18th  January : https://bit.ly/ ARGOS - 36VWfCW",en,scam-prize
EXrAzRyXkAA34aV.jpg,"Nice #SMS #scam from someone pretending to be @O2 this evening. Don't click, #StaySafe. https://t.co/7jWp65MYSJ",02 : Payment for your latest bill could not be processed by your bank . Please update your payment information via : https://myo2.bill210.com?02=2,en,scam-account alarm
Ev3Vt5DVoAIz3Lx.jpg,And many more spam sms https://t.co/pPy082sTOy,"Tenant : Yo CHINA Price : Rs 2.75 CR , In Gurgaon Lease : 9 Years Rent : Rs 1.27 Lac Monthly Call 9711895280",en,spam-other
Es9TJ-aU0AMHgtu.jpg,"@pnbindia please look into this as I don't have any PNB bank account but received this type of spam sms. 
@Cyberdost @dtptraffic  please look into this as this looks like fishing sms. https://t.co/ffeq9T4RSq",Dear customer your PNB BANK A / c will be close within 24 hr's . Please complete your verification . Please open this link rb.gy/crua29,en,scam-account alarm
DzIK6WeUcAYdipB.jpg,"@aduanBRTI , SMS spam again https://t.co/jL2oGxdM25",ENOUGH WITH - bpkb - MBL / MTR YOU CAN ENJOY LOAN FACILITIES [ WITHDRAWAL UP TO 90 % ] [ INTEREST - 0.9 % ] * BISA_TO * TDK_CEK Bi HUB_DIAN 081218190099,id,spam-loan
EIR4Er5XsAAOX_J.jpg,"@idea_cares Why am I receiving all these spam SMS inspite of having full DND on my number? Please stop these kind of SMS from ""GREENA"". https://t.co/4dRn6rJfOt","We have $ 25,000 transaction on your name . Check here http://bit.ly/Transfer-Money",en,scam-financial
Enrc987XUAAcZ6D.jpg,"Everyone want to have some fun F*ckling with a scammer?

Spam the shit out of this number!

Use a burner SMS!

1 (803) 459-7482 https://t.co/xifK3jhUcf",Your Netflix account will be locked because your payment was declined qv02g.com/,en,scam-account alarm
DtTcLbtU0AEQBqG.jpg,@KolkataPolice  Fraud call /sms in the name of paytm. Look into this matter @Paytm @Paytmcare https://t.co/HTsnzH36fh,"Dear coustmer , you are the winner of PAYTM.COM online shopping company wine the prize ( TATASAFARI ) which cost is Rs : 12,40,148.00 .The charge of you Registration service charge Rs 6500 rupes only . This is valid Today know more for details contact at Helpline no : ( +91 ) 9073869783",en,scam-prize
D5hJlaJW0AEdvLc.jpg,"Note this very sophisticated SMS scam @Suncorp - scammers had my full name, my telephone number and a very realistic looking link. The SMS came from ‘Suncorp’ https://t.co/razkjaSVlu",your account may be suspended . Please complete verification steps : http : // verify.suncorpbank.link,en,phishing-account alarm
DkelapoX0AAp1Ot.jpg,@Airtel_Presence  sir do you send any SMS to subscriber who wish to PORT their number. I have received now and it seems to be fraud. Please check. Screen shot attached https://t.co/Qid5L2ODXX,"Dear Customer , we have received a request re garding your Airtel num ber 9897445438 from a non - registered email ID . Please click here http : // srkl.in/6000Blkobs to authenticate your ac count and help us process your request .",en,scam-account alarm
ExIKqEwVEAAwM0o.jpg,There is a similar scam in Australia with Australia Post deliveries. I received an SMS with a link to a fake Australia Post website where I was asked to pay $3.30 for what I knew was a free package delivery. Had I done so they would have cleaned out my account #AustraliaPostscam https://t.co/VUoaI63GFq,is waiting at our distribution center . Authorization is required to complete delivery : sz5np30.site/Tejx,en,scam-delivery
EMeVUeQWwAAzr-7.jpg,Received a scam SMS pretending to be  @lunomoney. Please be careful everyone. #bitcoin https://t.co/F6LXxCqEAW #SpamShame https://t.co/zoh82p48X7,Visit http://bit.ly/34QnQDV to validate your Luno Account on the 2020 TSL / SSL Server and keep your Account Active to avoid Wallet de - activation .,en,scam-account alarm
EF7QA1qUEAM6Z5r.jpg,"@IncomeTaxIndia have a look at this SMS, looks like phishing attempt https://t.co/bmAcNJ0SMs","Important Alert ! Dear Mahipal Singh Panwar  the Incometax_Department requires you to click the link below to submit a formal request for the payment of your unclaimed and overdue tax refund of 19,150INR . http : // 178.159.7.14/ITRef",en,scam-tax
Eu0qYYnWQAEBEg7.jpg,"Na wa oo, just because I complained about zenith bank taking #824 for SMS charge, this one thinks he can scam me. 

Zenith bank customer care with 2 followers😂😂I was about insulting the hell out of the person’s life before he/she blocked me. https://t.co/UFqXt1pkNQ",Kindly send us your Zenith Bank account number to enable us review your complaint and assist appropriately . Thank you !,en,scam-financial
DpUn2nnW0AAF5ZT.jpg,I'm concerned about growing number of identity theft via #SMS #scam - here is another one today from @AppleSupport #iMessage supposedly asking to sign into secure-ios website ? Really? I'd count my lucky android stars... https://t.co/tWiV9ovjH8,The ID associated with this number has been locked for security reasons . Please follow the link to unlock your account,en,scam-account alarm
EVbRHr8XkAMUUm8.jpg,@INGBelgium this spam just came in by text https://t.co/4YTYFeRqi4,"[ ING BELGIUM ] We have detected an attempt to log in to your online banking environment with IP address : ( 122.34.566.98 ) . This has been marked as unusual for us, you must verify asap to prevent blocking via: https://ebanking.ingbe.overzicht.site/",nl,scam-account alarm
EqGlt8uXYAM9ebH.jpg,@policefederale SMS phishing campaign in progress. Redirection to a clone of # cardstop.be #phishing #Belgique https://t.co/ilXs6v6dSa,"Your registration was successful! If you did NOT request a block, request your cancellation form here. https : // Cardstopinfo.contact / reactivate",nl,phishing-account alarm
EaaYVJcX0AAvciH.jpg,"@policia good afternoon, I send you phishing sms on behalf of the Santander bank for your information. Greetings https://t.co/UjR7Ufwzl2",Banco Santander: Your Banco Santander bank account has been blocked. To activate your account you can access safely from: https://t.co). dfZWe1Ed1Y,es,phishing-account alarm
EUSPD88WAAAuk40.jpg,"@policia, Bankia is sending me this SMS, supposedly ... Also, in this case I am not a customer. Please, do not bite, even if your bank sends it to you. They do not proceed this way !! #NoPiques #phishing #fake #FakeNews # deception https://t.co/a8V9hoZ4Bz",&quot;Bankia - ES&quot;: User disabled for security reasons. www.bit.ly/ 2WQu1Y9 activate now t,es,phishing-account alarm
EpXRSzKU0AYN8az.jpg,"@Telkomsel this is proof of some of the spam sms yes and still receiving spam sms until now. I as a user feel disturbed. Previously I had never spread numbers anywhere, because this number was only for family. https://t.co/9TF4Q7oz6T",Dear Bank Customer Please Go to the office Your savings account is ERROR &amp; must be re-monitored Before going to the branch office Please call first Mr. EDY 08522443328,id,scam-account alarm
EZ5mYlpXkAAuQtN.jpg,@Rabobank FYI: received a phishing SMS this morning. Maybe you can get site and number off the air? #phishing #nontrappenhoor https://t.co/DELvClXa6w,Rabobank : Your current debit card will expire before use . Request the renewed debit card for free now and prevent blockage via: https: // bit.do/Rabobank-NL42,nl,phishing-credit/debit card
E1w-kGkWQAMu11y.jpg,@INCIBE @ibercaja I have received SMS without having a bank account #phishing https://t.co/iiUIYm93Zu,"Ibercaja notice. We inform you that our system has been updated, to access our update you must access the following link: https://bit.ly/Ibercaja-Banco",es,phishing-account alarm
EnEjGTTVkAIC27s.jpg,boss can you stop spamming? really annoying 1 provider until there are 4 kinds of promotional sms @Telkomsel https://t.co/d7ZkYGjqOH,CHEAP BGT! 20GB Special Data Package + 300min +400 SMS for 15 days IDR 85K ! Buy by replying DH5d to this SMS or at * 363 * 200 # &amp; tsel.me/hotoffer CAN BUY up to 4x,id,spam-promo
EM8SXw6VAAIYKma.jpg,"@Airtel_Presence @TRAI Continuous received spam SMS
I hope @airtelindia @TRAI will take action immediately. https://t.co/K2LBZ0NUIB","CELEBRATE NYE 2020 DJ PARTY AT SHAUKEENS ALIGANJ EAT DRINK DANCE HURRY UP AND GRAB YOUR PASSES NOW TO AVAIL SPECIAL DISCOUNTS CALL 6390340012,6390340013",en,spam-promo
Ecav1PMXkAEu1a4.jpg,I really need these SMS spam bots that have been texting me to relax. https://t.co/quwx7BoBDn,"Today , 12:37 PM Hi , Take off Skin Tags , Moles , Acne , Scaring & others Unsightly marks . Results within 8 hours . htt p : //ynaatjerp.com/ojnZt98y . stop = stop",en,spam-promo
D19XaJ_VAAAd8pn.jpg,"@triindonesia this spam can come in via SMS, want to report the number using a/n @DKIJakarta then I have to do it? :( https://t.co/6rPs1JlsnV",Take the MRT Jakarta public Trial from 12 to 24 March 2019. Register at www.ayocobamrt.com,id,spam-promo
EywaWGKXMAITqlc.jpg,"Phishing sms, no doubt because of the @Facebook address book trick. Bah. https://t.co/l48eP4TTB2",[ DigiD ] : You will receive a refund of € 778.69 euros. Request your refund now via: https://s.id/My-DigiD,nl,scam-financial
E4k6_8hVEAQ9AAY.jpg,"Ahh, SMS Spam. #LOL #IRSBidenCrapSpam #PhishingAttempt #DontClickLink #ProarilyMalwareSo 🤷‍♂️ https://t.co/YeZf3BpHtT",Biden announces he wants up to 43 % of your retirement gains . 2021 IRS Loophole may be your only way out https://link.goldco.com/loophole Reply STOP to opt out .,en,spam-other
ELAoH7IUEAErLla.jpg,sms spam min @aduanBRTI https://t.co/oLi37eL1lI,Please follow my new IG bit.ly.l. rnovasik Thank you,id,spam-other
Dm5PjWLU0AAy4-c.jpg,"@kemkominfo @aduankonten @aduankonten @IndosatCare How long do you want spam SMS like this to keep flowing? It&#39;s useless yesterday, I registered using a family card too https://t.co/gY6hpEKT1w","Is 085771288084 your number? If correct , immediately check at * 885 * 4 * 11 # . Remember ! today is the deadline for the work list ( premium sms ) . CS : 02122562916 Aug 19 09:58 . via Indosat Ooredoo",id,spam-other
EdXnXyNUcAAxFDE.jpg,@aduanBRTI haloo kak. Good night. This is why my number often gets spam sms like this? The importance of text messages is piled up with fraudulent garbage sms like this https://t.co/vwGbF9C78L,"2020 7 20 SIM CARD You get Rp. 175,000,000 Shopee Mart 7.7 PIN : ( J7K2B59 ) For prize taking info click : bit.ly/shopee-promo33",id,scam-prize
EzAFvDkUYAksmLR.jpg,"Weh @MaxisListens, Don&#39;t spam your customer&#39;s SMS. SMS people but off function reply, ape has a bad temper, macamame I&#39;m like reply maki back. https://t.co/gVm6scK2yV",RMO . Personalize your caller ringtone with CRT Hits at only RM3 each & renewed at RM2 / mth each . To activate You ( Various Artists ) dial * 131 * 680807 # . this is how you fall in love ( Chelsea Cutler & Jeremy Zucker ) dial * 131 * 680780 # .,en,spam-promo
ErLGNtJUUAEYrXk.jpg,"‼️ Scam alert - free giveaway‼️

Don't be tricked by an SMS claiming you've won a gift for shopping at JB Hi-Fi last year - it's a scam to get your credit card details and sign you up to a subscription streaming service: 

https://t.co/pzQ54bAW33

#wascamnet https://t.co/0EAxXxGjg8",! You made a purchase in our JB - stores in 2020 and entered our draw by doing this - You have won a gift : beOq.me/ 58 L5,en,scam-prize
EXJpq3bWsAMnVSq.png,Please pay attention to the URL. Could the somewhat inventive figures behind this #phishing SMS target people with dyslexia? #radobank https://t.co/PoG0ErXz43,"Due to the new guidelines of the RIVM and the WHO, you must pay contactless from now on. This is to prevent further spread of the coronavirus (COVID-19). To make this possible, you must immediately replace your payment card. Your current one will expire from 08-05-2020 . http://radobank.net/Wereldpas/",nl,scam-covid
D-CxtAFWkAAcXYh.jpg,"@Cybercellindia @PMOIndia : got a spam SMS from this organisation, got a call just now from +918709767280 threatened with dire consequences.. pl chk https://t.co/sFy45KP5jw","Dear Customer Con gratulations ! Snapdeal online shopping Pvt.Ltd Company . You Have Win 1st Prize ( Tata nexon car ) Amount Price is Rs 7,50,000 / - You Can Take Your Prize Pay Service Charge Tax Rs - 7,500 / Deposit on 27-06-2019 Contact For Details Helpline no - 6289195538",en,scam-prize
EGGeqC-XkAEMwHA.jpg,"@RevolutApp morning, just got a sms like this and I’m sure it’s a fraud. Didn’t touched the link but wanted to let you know. https://t.co/ukIyYr0xeJ",REVOLUT : Your authorisation code is : 108-691 - If this was not you please confirm your details via : www.online security.icu,en,scam-account alarm
E10zNc6UcAM8QW3.jpg,Just keep going.... why ask us to report spam sms to @myXLCare? Does that have an effect? https://t.co/vGrOrS6vtO,"FOREX SAHAM ONLINE 600rb GET 7jt 1jt GET 15jt 1,5jt GET 32jt 2jt GET 40jt 4jt GET 80jt 5jt GET 95jt 7jt GET 120jt u / info lanjut : www.tradingforex-saham.com",en,spam-promo
EnEjGTeUYAYNYEk.jpg,boss can you stop spamming? really annoying 1 provider until there are 4 kinds of promotional sms @Telkomsel https://t.co/d7ZkYGjqOH,"Hi, your product is good but lack of customers? Want to find customers in 2 KM around your business location? Just use LBA MyAds! Come on, advertise now on tsel.me/MyAds S1",id,spam-promo
EiEX9_wWoAARIJV.jpg,@PostNL are you aware of this phishing sms? Maybe have the number blocked by the telephone company? @Fraudhelpdesk https://t.co/qTULhifOpr,[ POSTNL ] Your package has reached our PostNL sorting center . Follow the status of your shipment via: https://bit.do/POSTNL PORTAAL,nl,scam-delivery
D3x2tizW0AA7pVD.jpg,@santanderukhelp just wanted to report a (pretty poor) sms phishing attempt https://t.co/7YGxrR4wLH,"Santander :: We would like to confirm a transaction for 3480Gbp to B & Q stores , Please call us on 08006893523 . Z",en,phishing-financial
EwED4ETWgAIxifX.jpg,Scammer just finished his cup of coffee and throws out a phishing SMS before going to sleep @Rabobank @POL_Berkelland #phishing @eFraudAwareness https://t.co/UnkRnizPHr,Your RABO debit card is outdated and will expire on . Request the renewed NFC 2021 debit card now for free via: https://s.id / rabobank - NL Success? New debit card within 3 to 5 working days at home by post.,nl,phishing-credit/debit card
D427tixVUAANpGc.jpg,@WellsFargo SMS Phish going around URL is http://iebspoed[.]com Added it to Passivetotal Project https://t.co/NPqhGdmwft #phishing #malware https://t.co/bbm9cSV85i,FRM : wellsfargo - services MSG : Your account has been locked for your protection . To restore visit http://iebspoed.com,en,phishing-account alarm
EYy38BvXkAAm4ae.jpg,@RevolutApp hello received this SMS despite not having Revolut - looking at other replies seems it's a phishing thing rather then genuine https://t.co/HmtlAXlDWA,"Revolut authentication code : 883-288 . Never share it with anyone , ever . If you did NOT request this code please visit : auth-support.co",en,phishing-account alarm
EsvnvHVWMAAzadi.jpg,"@DHLNL and @Fraudehelpdesk, here&#39;s another idiot trying to get rich at someone else&#39;s expense. Hopefully you manage to put a stop to this; there are more and more 🙁 I deleted the text message, blocked the number, didn&#39;t click on anything. #fraud #phishing #DHL https://t.co/YkIAY9kPPl",[ DHL ] Your parcel has arrived at our DHL sorting center . Pay the import fee via : https://yip.su/2rwEi5,nl,scam-delivery
EEaldzDUcAMj17L.jpg,"many Spam SMS come in, one of them is this ️ https://t.co/iJMTPBt44l",Let&#39;s Succeed Sail Nias 2019 (July - September 2019) ! Community support can advance Indonesian tourism as a world tourist destination,id,spam-other
DUkLq1xWsAIvP7H.jpg,"@NatWest_Help I dont have an account with you, so I easily identified this SMS as a scam. However you may want to alert your clients #scam #fraud #natwest #sms https://t.co/9OaPtK6SP3",Our security team have tried to contact you regarding your online account . Login via the secure link http://103.39.110.224 ) secure to avoid account suspension .,en,scam-account alarm
E1CFFmoXsAE_T0N.jpg,@policia On Sunday May 2 I received this SMS (possible fraud) Confirmed by Caixabank that it is #phishing. It is #denounced to the bank. In case it can be useful. 😉😷✌💙 https://t.co/e3km9CIsWX,"Caixabank: We regret to inform you that your account has been deactivated, for your security we ask you to complete the following verification: https://bit.ly/3edpo2N",es,phishing-account alarm
Etg-3GZUYAEHcCQ.jpg,"Dear @CPKolkata @KolkataPolice
Got this SMS Today.. possibly a scam. The number is from West Bengal.
Kindly look into it. https://t.co/ENg162uPAA",Congratulation you have become a winner in the 1st prize Tata safari storme by online shopping.this valid for one day.contact no : -7501357903 T & C . http : // onlineluckydrawlists .com,en,scam-prize
EcO-Ng8U8AAIZMd.jpg,"To all customers, please beware of such scam messages. BEADSOFBULLETS will only dispatch mails via singpost for NORMAL POSTAGE, to your mailbox.

Any tracked mails will be sent to your doorstep directly. Re-delivery can be arranged via email/sms.

Thank you! https://t.co/JbC9dkV484",Your delivery has been stopped at our delivery centre . ITEM : SG2956671 Resolve the issue here : u9g.me/,en,scam-delivery
D8rRI1UU0AEx-eZ.jpg,Getting phishing SMS for @NAB https://t.co/5KzIZxStHN,Your NAB account has been lock for unusual activity . Please log on to : www.nabofficial.com and follow the unlock procedure .,en,phishing-account alarm
EMw5TEMU0AEqqis.jpg,sms spam min @aduanBRTI https://t.co/n8VtAj0ws5,"TO Mr / Mrs ,, Year-end Promo Get 95% Funds from Vehicle Prices, Cashback Up to 5JT, 0.7% BG, NO BI CEK &amp; BS T.OVER. With your BPKB as collateral HUB / WA: 08119765050 SHEILA",id,spam-loan
E4ORNfZUYAQ0Ffa.jpg,"@TheOfficialSBI @RBI @CybercrimeCID
#CyberAttack #SBI
#fakesms #cybersecurity
#fraud #cybercriminals
 I'm getting such sms since from couple of days by different different phone numbers.

Sharing this info thinking that it will #Help you to #hunt them.. https://t.co/YJGiYvpizF",Dear Customer Your State Bank of India A / C will be suspended Please re - verify your KYC details . Click on link for KYC update https : // 4db3a2433d0b.ngrok.io/sbibank,en,scam-account alarm
DUa4XQ8W4AE-dv-.jpg,"They have sent me this and I am going to spread it because it is important. CREDIT CARD THEFT ATTEMPT with a website very similar to the WhatsApp design, by means of SMS they say that your subscription will expire. WhatsApp is NOT paid. It is just a VERY hard Phishing attempt. https://t.co/AchUXG74HO","Hello, Your whatsapp account will expire, to activate it you have to follow the link: https://www.web-whatsapp.es/? id = extension Greetings, WhatsApp Team 19:31 • through SIM 1",es,phishing-account alarm
Ei-NTkeU0AAf4JP.jpg,"I often report spam sms like this to @Telkomsel and also to @aduanBRTI. The answer from Telkomsel cm &quot;apologies for the inconvenience experienced&quot;, one day later another SMS like this appeared. https://t.co/keLQUq3WK3","&quot;Last Info...!! Your congratulations are official T-select Get Cash Rp. 175,000,000 Dr PT.LAZADA. Your winning ID code is &quot;KBR99D7&quot; U / Info click: www.undianlazada2020.gq",id,scam-prize
EXVH837VAAEt7D4.jpg,PHISHING CARE: SMS is coming from this phone +34 634 67 84 59 indicating that your account is blocked. https://t.co/MEMI4tWJ6B,&quot;Santander - ES&quot;: User disabled for security reasons. www.bit.ly/ 3b9MMJN activate now V,es,phishing-account alarm
EHaIG6wW4AEekDP.jpg,"@BBVA_Mex Impersonation, I received an SMS from you with a link to enter sensitive data from my account. Beware of phishing https://t.co/mdxQti8emA",Alerts &amp; BBVA-: Due to an error in your IBBVA account. For your last move it is necessary to activate your mobile alerts in bbvamx24.in/Mx to do it.,es,phishing-account alarm
EuIBTnbUYAIekvk.jpg,"Yet another SMS phishing attack on Royal Mail &amp; Lloyds customers. /cc @RoyalMail @LloydsBank 

#CyberSecurity #InfoSec #Phishing https://t.co/qqUPoz6fCd","LLOYDS : A payment was attempted from a new device . If this was not you , please visit : payee securesite.com",en,phishing-account alarm
EUdXt4sWsAUlfxq.jpg,I just received an SMS phishing. So that you are alert. # CiberCOVID19 #cybersecurity https://t.co/NY8liFn4FC,&quot;Bankia - ES&quot;: User disabled for security reasons. www.bit.ly/2w activate now and,es,phishing-account alarm
EzrizuAXIAQaRvR.jpg,"Beware of a scam text message - purporting to be from a package delivery firm - that tries to fool users into installing malicious Android spyware ('Flubot'). As ever be very wary of links in SMS messages. 

BBC Tech News story: https://t.co/0PZ8XMJ65T https://t.co/x9xL6XQ4gE","DHL : Your parcel is arriving , track here : http://demo.mipunet.cn/a/ ? Irwlaoj8e066",en,scam-delivery
ExY09DjXMAA9XrA.jpg,Hi @Rabobank. Phishing SMS received. Please take action! https://t.co/s06ORDvh1g,https : // payment request.rabobank.nl/ payment request / ? id = s - gygce - Qe- hTa7tMorg,nl,phishing-financial
EOeaHfUXkAED2T3.jpg,Dear @Bitly what are you doing to combat phishing scams using your services? This fake @Argos_Online prize link in SMS has had 43 clicks already. https://t.co/6WZJ6kxD3F,"ARGOS - Congratulations , you've won the £ 500 gift . Don't miss out ! Your gift is valid until Sun 19th January : https : // bit.ly/ARGOS-3aii8hV",en,scam-prize
EAZAdiwUEAA7Nt2.jpg,"YTH @kemkominfo, how come there are still a lot of spam sms, even though simcard activation has gone through KK etc., but a lot of spam numbers still appear. in a day can receive from various numbers. I complained to @aduanBRTI but new numbers keep showing up. https://t.co/DmYLiz3Ryd","Look for credit agents, data, pulse tokens ALL &gt; OPERATOR V.5 &gt; 4150 V.10 &gt; 8150 V.20 &gt; 18150 Interested type REGISTER * NAME * CITY * NOHP SEND WA 085335558634 www.server-pulsa.online",id,spam-promo
EvqWC7fXEAcJBtp.jpg,"⚠ ANOTHER WARNING!

Another report of people receiving scam notifications after ordering a PS5! This time it's an SMS message claiming to be from Royal Mail. DO NOT CLICK THE LINKS OR PAY THEM ANYTHING! These are a scam and people do fall for them! They have been reported! https://t.co/Wwhf5kigjv","Royal Mail : Your Package Has A £ 2.99 Shipping Fee , To Pay This Now Please visit : uk - royal - mail fees.com action will be taken if you do not pay this fee .",en,scam-delivery
Enl9J6fXcAA4nHP.jpg,I will edit to add this current Colissimo SMS scam / phishing. Nothing really new. The payment site is a fitness site 😅 https://t.co/3usY4PmTw8,"We have tried to deliver your LP995215701FR package, but there is no postage. Follow the instructions here: https://bit.do/fLkeJ",fr,scam-delivery
EL-QleFVAAAzvIW.jpg,"@Paytm , 
This is fraudulent SMS, I received today. It pretends to be coming from PAYTM, but note the spellings.

Possible next action is swiping my account, if i fall prey!!

#Phishing https://t.co/NYF2HkdYtm",Dear PYATM customer your Pyatm KYC has been suspended.Pyatm office PH 6294634102 Immediately.Your account will block within 24hr.Thank you pyatm team,en,phishing-account alarm
D-hPv0oUEAAA20D.jpg,"[1] you know, you got spam sms again, so what&#39;s the use of registering with a unique ID card? @Telkomsel @aduanBRTI @OmbudsmanRI137 @alvinlie21 https://t.co/FPgdFvlUky","Need money .. ?? Here is the solution. Easy terms, safe, reliable and trustworthy. Interests Chat, WA: 082346877759",id,spam-loan
ESbgI12VAAEa2Jv.jpg,"@aduanBRTI please block this spam sms no, thank you https://t.co/rAw0SSBo4l",5-300 MILLION LOANS BPKB MBL / MTR BNGA FLAT / YEAR CASH BACK 500-1 M OFFICIAL &amp; TRUSTED Cab. SEINDONESIA,id,spam-loan
Ezfh4OcXIAIbXuh.jpg,Received a scam sms from supposedly ING last week and now from &quot;DigiD&quot;. 🙄 https://t.co/hAV7qef3Bm,+31621331297 06:40 [ ING ] : On 17-04-2021 € 603.79 euros will be debited from your account. Isn&#39;t this right? Then check this direct debit order via: s.id/ing-cancellation,nl,scam-financial
D2ECZrfU8AIybo1.jpg,"spam via sms starts to bother, and like this there is no point in us firmly choosing @prabowo #YangTerbaikPrabowoSandi #YangTerbaikPrabowoSandi https://t.co/38tJngY28z",The New Association of Indonesian Muslimahs declared their support for pair number 01 Jokowi Maoruf. This couple is considered to have a vision to advance the community program . 2 SMS 23:02,id,spam-vote
Eeoc2x4UwAENUFk.jpg,"@Telkomsel so that there is no spam like this, what if the SMS rate is expensive? @kartuHalo @simPATI @Kartu_As https://t.co/jImrQnFndC","If CC / KTA makes you a burden, our office can help close in installments according to your ability &amp; DISCOUNT in full 40 ~ 60 %, interested in info, PRINCESS WA 085780532403",id,spam-loan
EYXP_9BU0AA2I98.jpg,@aduanBRTI please block this scam/spam sms https://t.co/5IH5daedXk,Sorry to disturb. We from KOPERASI offer loans for those of you who need business capital to serve loans of Rp. 5 million - 300 million U / Info 082196387716,id,spam-loan
Dx0IhQAU8AAxkZm.jpg,@SobatHAPE Kumpulan sms spam https://t.co/fA6uomnwgl,"I&#39;m REZKY in BRUNAI looking for someone who is trustworthy and I trust to hand over my finances 9.9 For the future in Indonesia, if you want to help, please call 085298472047",id,scam-financial
DyGFuX5UwAEMKpY.jpg,"httphreak:// f09285 dot upd023 dot db dot b4-13 dot us

you might have received the above URL, with ""."" instead of ""dot"", via SMS on your phone! 

Did I mention it's a Phishing SMS? #SMSishing 

#Security #Phishing #BankofAmerica 
.@BankofAmerica https://t.co/yvqa8buCYc",FRM : 9123035 SUBJ : # MSG : Attention ! VISIT f09285.upd023.db.b4-13.us,en,scam-other
EKVpmITUcAAyqxF.jpg,"jfc please tell me this is just an SMS phishing attempt, and not our actual congressman. https://t.co/FG0WBAjU54",???? my name It's your Congressman ??? Jimmy Gomez ??? checking in to hear what issues are important to you . Can you take a quick survey ? ?????? http://txt.hn/jpzR15 STOP2 stop,en,scam-other
EGGyjHGU0AAjFHQ.jpg,"@Paytm @DCP_CCC_Delhi 

I would like to inform you that i have received SMS from unkonwn id for complete KYC screen shot attached below. I am sure that it is a fraud. kindly take a notice and aware the customers to prevent these fraudulent transactions.
Syed Umar Ali https://t.co/OX04ZXwh7M",PAYTM WE WILL HOLD YOUR PAYTM AMOUNT AFTER SOMETIME COMPLETE YOUR PAYTM KYC PAYTM OFFICE PH 7679546082,en,scam-account alarm
EAPHf-MXUAc2Chy.jpg,"📲 My SMS #Spam for today courtesy of @nissanza @Romans_Pizza @VolvoCar_SA @Dischem.

👉🏻 For your #Marketing Directors: This IS NOT marketing. https://t.co/f6NreCB11d","Buy a new XC60 at CMH Volvo Cars PTA & we will contribute R10 000pm to your 1st 10 instalments . Call 0124312500 . T "" s & C's apply . Opt out Reply No",en,spam-promo
Eiyi_mPWsAAGubY.jpg,@AskPayPal I obviously didn't click the link but this phishing message got sent to me by SMS https://t.co/JLMauKvbj1,PayPal : All services on your account have been limited due to unusual activity . Visit : https://user-terms-id25.com/?p=4 to lift the limitation . Now to Personal a,en,phishing-account alarm
Ec8uWtVU4AAuLf7.png,"Many of these spam sms are true, where do they know my number ... https://t.co/07suzMye0E","Your number is officially selected as the winner of Rp. 175,000,000 from PT - SHOPEE PIN (25f4777) info click on: bit.ly/shopeeid125",id,scam-prize
ENetEmWUYAAVa_l.jpg,@aduanBRTI My wife got this spam sms. Very annoying. Please block it. Full name and phone number will be dm. Thx. https://t.co/OH8PybYmad,"We haven&#39;t been in contact for a long time, how are you? Look at the photo, you can still recognize me, right? chat V.com/s/941863",id,spam-other
ElppUynVMAIMBxM.jpg,"@aduanBRTI please block the number of this Pinjol Spam SMS sender because it is annoying and has never been asked. Thank you. Warm regards, Valentino Halim https://t.co/SQhzMAupLi","sorry .. need an unsecured loan that can be submitted online on easy &amp; fast terms. ceiling 5 million to 500 million, tenor up to 5 years, wa: 085244218967",id,spam-loan
Dlssp7PXoAA5wIm.jpg,"Hey @VodafoneIN how to block such spam sms? These SMS are not captured by #TRAI #DND app.
Kindly guide. https://t.co/sUkRaMO4Gk","Vicinia by Shapoorji Pallonji. Premium 2,3 &amp; 3.5 BHK apartments starting from 1.68 Cr * in Chandivali, Powai. RERA: P51800002564. Call: 9167064641",gu,spam-promo
EqowDeaWMAMzHyx.jpg,"Hi @AIRTEL_KE

Your anti spam for SMS seems to be broken. Here's another spammer that won't stop messaging me despite instructions to stop them. Please address. https://t.co/USRUuekfI9","Buy airtime via M_pesa paybill no . 181318 and put your airtel number as account Number . To opt out , sms STOP to 22910",en,spam-other
EYfdbueWAAA8YqY.jpg,So spam via sms from Gran Terraza Lomas Verdes # Covid_19 #coronavirus https://t.co/rzaq5zZePj,"We love that you trust us, which is why we continue to be open at Gran Terraza Lomas Verdes. Dont wait !! Come on Now",es,spam-promo
D01FFqYVAAEHvWe.jpg,"Report lg @aduanBRTI SMS Spam, Fraud, Online Gambling &amp; Fraud. https://t.co/EFWQ4ASz9j","Collect referral bonuses of up to millions of rupiah, by inviting your friends to play in all Jud1 Online games bit.ly/ahagameindo",id,spam-promo
EjbteGfWAAcU0Wp.jpg,"Hi @Rabobank, I got this spam sms https://t.co/ngbKoKZsYB",[ Rabobank ] : Your current debit card is outdated and will expire in 2 days . Request the renewed debit card now free of charge and prevent blocking of your bank account via: https://s.id/Rabobank-Aanvraag,nl,scam-credit/debit card
EdRPPjGUwAEOJvZ.jpg,"@Paytm @Paytmcare @PaytmBank hi, see this fraud sms received for your information and necessary action. https://t.co/ZCAzn0qCZ8",Dear PAYTM User Your PAYTM A / C K.Y.C Has Been Expired Call immediately For Verification A / c Will Be Blocked Within 24hr PAYTM OFFICE PH 8388878791,en,scam-account alarm
Euko44yUcAQZJLp.jpg,@aduanBRTI @kemkominfo @aduankonten @CCICPolri Pls follow up on sending #sms indicated #spam or #fraud from No. # 6285298225469 (attached) received today at No. my @simPATI. Thank you. https://t.co/XxcNfQp6qJ,"I&#39;m from Malaysia planning to move my finances to provide for life in Indonesia, I&#39;m looking for someone I can trust to maintain the trust if interested in helping WA at +60172198279",id,scam-financial
EdECombU8AAoLzE.jpg,@mukeshambani01 good evening sir Mere pass ye sms aaya tha maine call ki to mujhe kaha ki 1550/-rs registration fees lagegi maine inko pure documents WhatsApp kar diye .lekin mujhe ye nahi pata ye fraud/sahi hai please help me sir good night . https://t.co/db4i3ScyWW,JIO WiFi TOWER KO APNI KHALI JAMIN OR CHHAT PR LAGWAYE ADV . 45 LAKH RENT 60000 OR 1 JOB SALIRY 24000 REG . FEES - 1550 CONT .,hi,spam-promo
D1ZS9fUXQAAVTog.jpg,New way of #phishing @ABNAMRO I just got this SMS I don&#39;t have a checking account with you but I would take immediate action #sharingiscaring #retweet https://t.co/3cEskg4oKA,Your ABN AMRO current account has been blocked for security reasons. Log in now and verify your ABN AMRO Internet Banking via the website: x.co/ ABNUPDATE,nl,phishing-account alarm
EQd4VHKVAAAhyVQ.jpg,"@IndosatCare @IndosatOoredoo how come I suddenly got an sms like this, this is an illegal form of credit withdrawal. Even though I have never registered for this service, how come it suddenly registers? Please don&#39;t let there be a scam like this! And please stop! https://t.co/J8f2kvTBc8","You are subscribed to the pre-drink SMS service 10000 / week from PT PMM, to STOP type UNREG send to 99979 CS: ( 021) 30003000",id,spam-promo
EehgXGyU4AAsn2c.jpg,@GovernorTim Take your SMS spam and shove it https://t.co/FGZWpHtp2O,"VOTE Tim Eyman Governor . VETO ALL TAX HIKES ! Saved us $ 43BN > Tim 4Gov.com/ taxes < PLEDGE to CUT property taxes , BLOCK income tax , WIN 30 TABS Text STOP to opt out  F GTFO Lose my number . I support Jay Inslee , the progressive agenda , and am against the theft of office furniture .",en,spam-vote
EIhDVAqUYAEdps3.jpg,@snapdeal @TRAI Today I received these two fraud sms. Please take a look. https://t.co/4rS8s9ZZwI,"Dear customer , congratulation , you have product order from SNAPDEAL.COM ( PVT.LTD ) out in SNAPDAEL.COM ( PVT.LTD ) COMPANY , your name to open lucky draw MAHINDRA XUV500 CAR cost RS . 14,85,000.00 you have received two option 1st option - MAHINDRA XUV500 CAR 2nd option - CASH 14,85,000.00 before registration charges pay to . Rs . 14850 only The TR paper charges pay to Rs . 7400 Only For more information contact me . Mobile help line no . 07366041593",en,scam-prize
D98qApJVUAEtovG.jpg,It&#39;s normal to get spam sms. But this is the first time I got a spam sms that calls my name like this. It kinda freaks me out https://t.co/W91uJ9oyxH,"muzammil, how are you? I always remember you, I... michat.sg/s/2/3pbb",id,spam-other
EWJJCzYVAAE8u_7.jpg,Scam/scam sms mode to get a certain amount of credit via credit transfer @aduanBRTI https://t.co/SXrzYzvqBO,Your number is registered @UTO TP By 082353237898 Credit will be deducted 11k every 21st to stop Subscribe to Ktik ; TP 11 082353237898 Cr ! m sms D ! 858 Free,id,scam-financial
EvfBoCoXUAEBZSJ.jpg,"Attention, I just received a phishing SMS! Don&#39;t fall into such a trap! @BNPPFBelgium @federalepolitie https://t.co/7xXnkX8YqL",BNPPARIBAS : Your easybanking login expires today . Log in to extend your access and avoid blocking : bnp-bank-be.com,nl,phishing-account alarm
EEudQACXoAEwNAY.jpg,Can I help @aduanBRTI suddenly I get the spam sms https://t.co/KEuL30Gpu4,Your No. Registered By Auto TP From No. 085218761155 You will send 10 thousand credits automatically every 19th U / Stop typing TP 10 085218761155 Send at 858,id,scam-financial
EF4HKNOWsAEGgto.jpg,its 2019 and @TMobile @TMobilePolska still allows no opt in sms spammers to send spam messages and ask for money via fraud sms messages… wow. check https://t.co/twMXJu9bBE they even lost their numbers like it’s legal what they do. GDPR? Fraud? @Independent @guardian @DerSPIEGEL https://t.co/O8tKz6o4Am,"On 02-10-2019 I have MONEY for you! PLEASE FOR 1SMS WILL YOU BE HOME TODAY AT 18.00? it&#39;s only 1sms, write YES to 72047 CONFIRM because the cash will be missed! PLN 2.4 re-g.pl",pl,scam-financial
EwQYgnZVcAAfpkw.jpg,@Paytm did some one hack into your system ? Getting fraud SMS for your IDs - see the pic #paytmhacked https://t.co/MOC1GYbC3U,I have AN IMPORTANT TRANSACTION for you MAIL me for full details via ; vp66606@outlook.com,en,scam-financial
EoX0dG0XMAA9EUQ.jpg,Hi @NetflixES it seems that phishing attempts are coming back. Received by SMS a few minutes ago. Luckily an account called &quot;SMS_PRUEBA&quot; does not convey much trust ... #phishing #netflix https://t.co/CR4DZ6om2K,"NETFLIX: Account suspended, we are having problems with your current payment information. Update your Billing information: https://bit.ly/Netflix Blocked",es,phishing-account alarm
ESqhmwpX0AAHhbS.jpg,"⁦@Paytm⁩ ⁦@Paytmcare⁩ this fraud seems to be getting much more organized! Pls see if you can trace the sms service provider as the Sender name needs to be registered, I am told https://t.co/RAh3A7bQgA",Dear customer Your PATYM KCY has been expire today please call customer care no 8617657493 immediately your PATYM account blocked 24 hrs,en,phishing-account alarm
D-tKK4IU0AI6XW_.jpg,@aduanBRTI spam/sms scam June (1) https://t.co/9go1bSGeGp,SAFE !!! You Get CASH CEK RP 100 jt From M_KIOS Top Up Party With PIN Code ( ijh76k79 ) U / INFO Klik_ www.kejutanmkios-2019.xyz,id,scam-prize
EGqPMojW4AE-6Gv.jpg,"The spam SMS messages I receive are getting out of control. Usually I’m the only recipient listed, this one has 12. https://t.co/GL6JNL3bMr",Hi ...... !! i am single girl . I'm looking for a good s ~ e ~ x partner . you free join my profile and meet now : > gg.gg/fgbuf,en,spam-other
EU7n31vWAAY9U43.jpg,"Attention with phishing campaigns. An SMS from SMS. Net with blocked account. Via mobile shows a copy of the bank&#39;s page. If you access via computer, it is a clothing page. Do not sting! #caringphisingbankia. @Bankia @semic https://t.co/QnwP0CCWrI","Your Bankia account has been blocked. To activate your account, you can access safely from: https: // information - client - bancco .suryadi.web.id /",es,phishing-account alarm
EIs7HePW4AIGIle.jpg,"@CentraIRL hiya, I just got this SMS &amp; it looks like a scam. Where should I report it if so? Thanks! https://t.co/TJyGZpWx94",Dear customer ! You got the 2ND prize from our Weekly Draw on 21/10 . Please collect it today before we cancel it : http://5ag.us/dkreB,en,scam-prize
EkOgZ6_WAAAzDna.jpg,"interessting @cryptocom phishing SMS - it is using the Mizo ṭ with a dot below.
but the target page is not convincing at all🙈
#phishing #DontFallForit https://t.co/hvTCNpDNsB",You have received 1.3875 ETH . Confirm the payment crypto.com/login,en,scam-financial
Dg9rNNfWkAEXD4c.jpg,Smshing Netflix.. phishing sms @malwrhunterteam #sms #phishing #netflix #brazil https://t.co/sWIXCNcBnx,Netflix Informa : Update your registration and avoid blocking . Go to: http: // netflixbrasil3.serveftp.com/,pt,phishing-account alarm
EVOs2rsU4AAjMRI.jpg,I often get spam sms like this 😒 https://t.co/lMsnmINwBW,"2 , You can Chat . Call *101*88# for Read. Chat Without Internet &amp; Get Credit Prizes. Please Call *101*88# now",id,spam-promo
E2Nys4qVEAIFS_8.jpg,@abslifein stop this SMS spam immediately. I’ve already reported you to the TRAI. And I’m going to report every single one now until it stops. https://t.co/wlCh9osf7g,"Hey Rahul Ajit Gaitonde , liking our free ' Your Money ' email service ? Why not share the joy with your loved ones ? Click here to refer http://acl.cc/GL3amLO and they will enjoy a FREE subscription too --all thanks to you ! T & C apply . Regards , ABSLI  The sender is not in your contact list .  Report All Messages Filtered by SMS Filter",en,spam-promo
Esa-IwVWMAAeJ-0.jpg,"⚠️ #Phishing Alert! ⚠️ We have detected this fraudulent email and SMS. Remember: 👉 1. If you receive it, do not access any link and delete it. 👉 2. If you have any questions, send it to: security.internet@ing.com 🔒 Here are some tips to avoid it: https://t.co/008ActK9II https://t.co/mdm870tpOa","Ing Banco SA, from 01/25/2021 You will not be able to use your account, You have to activate the new web security system from: https://bit.ly/3sOtkMW",es,scam-account alarm
E2gGmqbWEAEO6Rg.jpg,"I&#39;ve sent messages to 55555 several times, what else do I have to do to @oi_official stop sending me spam by sms every day?? https://t.co/LQNF0wakDE",ENJOY ! In Oi&#39;s new digital wallet you get 1 GB bonus for every RS1 recharge and another 10% back in credits! Check it out at https://zapconta.co/OiZap,pt,spam-promo
EG_NodcWwAAMTW5.jpg,@Rabobank another spam text https://t.co/2jKebu4QXY,Rabobank : Your current debit card will expire before use . Request the renewed debit card now completely free of charge and avoid blocking via: www.rabo-wereldpas.net. Rabobank,nl,scam-credit/debit card
DnYfKJeXgAI64jW.jpg,#sms #phishing campaign in the wild @CERTFI https://t.co/h6hsgsXL74,Urgent action required . Please verify your credit card details to receive your refund : https : // refund online.info Apple Inc,en,phishing-credit/debit card
DyKH89lU0AAMPju.jpg,"Report lg @aduanBRTI @aduankonten SMS Spam, Fraud, Online Gambling &amp; Fraud. https://t.co/sWffiWn8nj","Only Rp. 10,000 to win Millions of Rupiah at EyangPoker http://bit.ly/2Fz74BF . 6 Best Tog3L Markets available up to 65% discount &amp; Dingdong Games, Poker, DominoQQ.",id,spam-gamble
EKO0ND8WkAAwsdH.jpg,#Phishing #SMS in #Dutch in #Belgium source mobile numbers can be provided via PM as they may be spoofed #KBC https://t.co/rHBhesdp9g,"Forwarded KBC : Dear customer , your bank card will expire in 2 days . Prevent blockage and replace your bank card via: https://kbckaart-recyclepunt.com",nl,phishing-credit/debit card
EPfVUzzUwAADDEv.jpg,"SMS phishing, targeted and malicious link. #cyberaware is crucial to beat these types of attack https://t.co/IPoYsQZb8y","James , The Investor Group wants to buy your home from you . See what the offer is , no obligation ! http : // thepadin10days.site or "" Cancel "" offer",en,scam-other
Dd81tO-VwAA0Ha6.jpg,"@LODHA receiving spam SMS and calls when not even do I reside in Mumbai.
Please stop https://t.co/L5lbMs738J",LODHA LAUNCHES CODENAME UNBELIEVABLE 2 BED AC HOMES WITH SPECTACULAR RIVER VIEWS IN A WORLD CLASS DEVELOPMENT AT THANE . Rs.89.1L + RERA P51700016375 9619500113,en,spam-promo
E5CMO_DWUAMbbap.jpg,2021 ... and @AXA still relies on Spam SMS ... 🤦‍♂️ https://t.co/tBcPKrpR4J,Did the last hail damage your car? Simply report your hail damage at https: // hail.axa.ch/. Have you already reported the damage? Wonderful - we will get back to you as soon as possible.,de,spam-promo
E0HxSr8VkAELBRc.jpg,"@ApolloPharmacy 
stop sending (attached) #spam #sms messages everyday. Upload your official email on your website for complaint else I will file an online FIR against corrupt Apollo pharmacy employees https://t.co/Ssnsxgp2Sa",Apollo : Authentic Medicines Home Delivered in 4 Hrs : Use Code PHARMA15 @Apollo 2417 for 15 % Savings . Download Now klr.pw/ 4Rt Hu / 6UKUIk to book your first order,en,spam-promo
Dyut2SLUYAALRf2.jpg,BEWARE of #spam #FRAUD #THEALTH Credit @indosatcare +6285893275712 *756*78# mode they say exchange coins even though they cheated on subscribing to credit thief sms! https://t.co/9wwvAJIwMY,"is this your number? If YES , check * 756 * 78 # for FREE CHAT and FREE Internet ! Exchange your POINTS for PULSA 50k or DATA hub * 756 * 78 #",id,spam-promo
DfornccUEAAdAYm.jpg,Beware of this SMS. It says that your points on your cards are expiring and offers to get converted into cash. This page ask for all your personal and card details .This is a fraud... any bank will never ask you for your CVV and ATM pin. Please retweet .Remain safe.@HDFC_Bank https://t.co/zY15KieMkj,Dear customer your STANDARD CHARTERED Visa Card point worth Rs 6897 expired by 14/6/2018 . Kindly convert your point in cash by click here  Redeem Your Card Point stancharts.com,en,phishing-credit/debit card
EMkDwuOVUAUWtZX.jpg,@Paytm scam SMS. https://t.co/MnvLIWHYdG,PAYTM Dear paytm customer your KYC has been suspended . Paytm office pH 7029562638 call immediately . Your account will blocked within 24 hours . Thank you paytm team,en,scam-account alarm
EL1AT1wXkAA-Pzx.jpg,"🔴🔴🔴🛡️Ojito. New #phishing technique detected, via SMS https://t.co/L5qLvri2Rm","We need you to confirm your data by PSD2 law, your account will be disabled otherwise. https://cutt.ly/PSDLEY",es,scam-account alarm
Epq81hyWMAMlVJC.jpg,"These obscure SMS imitating Colissimo, Chronopost and co ... Guys, when I receive an SMS, it&#39;s never a weird number like that ... Then there are between 9 and 11 characters after the first two there only 8 and your WTF url eh So get your ass fucked with your phishing. https://t.co/VnlpIfNz9Q",We have attempted to deliver your 6Q01929938 package. Follow the instructions here: http://oxesuc.com/p8Uh-Qv,fr,scam-delivery
DsrszLXWoAA2Mhy.jpg,Sres. Of @Visionlab_ On 09/24/2018 I sent them an SMS asking them to unsubscribe from their annoying advertising campaign via mobile messages. Today I have received more spam. Will I have to report it to the AGPD? https://t.co/Hxrj8kSOd5,"We extend until 14:00! 60% DISCOUNT if you come before 2:00 p.m., 40% rest day. FRIDAY SATURDAY SUNDAY . BLACK FRIDAY at VISION LAB goo.gl/yP3F3v BAJA at 638444868",es,spam-promo
D0Es_rEXcAAGQDi.jpg,@Fidomobile just received this phishing  SMS https://t.co/qUDJ0wYTHO,"Dear BMOMontréal client , your online access has been suspended for your safety . Please verify your log - in to resume usage : http : // www . 13bmo-sort46.com/4",en,phishing-account alarm
EkMo56yVgAAYlPn.jpg,"SMS spam. The link only smells suspicious, so there is no need to check it when asked to check. #spam #spam https://t.co/q5rxDp13Oq","I was able to deliver my luggage, but I took it home because I was absent. Please check šuo http://tqlcuzgzbr.duckdns.org",ja,scam-delivery
D78KScrU8AAp20W.png,@DidiChuxing how do I unsubscribe from this SMS spam? I never agreed to this when I signed up. I also uninstalled your iOS app because you kept spamming me via push notifications. https://t.co/OXEc6PTH37,"[ DiDi ] Hey Ronny , this June is DiDi's first birthday in Melbourne ! Use code GIFT50 to claim your 50 % off reward . T & Cs apply .",en,spam-promo
ELwAu2WUUAcHUf6.jpg,"Phishing | Attack techniques &amp; scam
Do you also get such messages ?
@chitraaum @StaySafeOnline #Phishing #sms #CyberAttack #OnlineSafety https://t.co/HnKM8wqy0G","Hi , Ref ID . 05 / 11 / Dxxx62 . You are selected for Business Loan of uto Rs.86945 . Click the link to check your LoanAmount >> http : //bit.ly/340XMJV",en,spam-loan
EceBQA5UwAMEHS5.jpg,Spam/scam sms in June 2020 16 of 16 sms https://t.co/mED7ae4xqR,"CUCI WAREHOUSE DAILY PHONE Selling SAMSUNG, OPPO, VIVO, XIOMI, LAPTOP.IPHONE products with HP prices 760,000 LAPTOP 1,100,000 INTEREST CHAT WA 085320605004",id,spam-promo
EjGMzLJU8AYAyz6.jpg,@dicoding how do you stop receiving sms like this? It&#39;s been like spam for a long time. Tq https://t.co/XQKHxjJCXJ,Muhammad Rikuti IDCampX Dicoding LIVE on Wednesday (30/9) at 19:00 WIB with the theme - Scrum Introduction. Register : dicoding.com/events/3413,id,spam-promo
D2mKz05WsAAjXTw.jpg,"⚠️“psa: if your iphone ever gets stolen and you receive an sms like this DO NOT ENTER YOUR DETAILS! 

this is a phishing scam for whoever stole your phone to get your email and password and thus log out of icloud on your stolen iphone, making the phone sellable.” -@notelaineok https://t.co/aDgFF2ReM2",IPhone 8 Plus Space Grey has been found and temporarily online . View location : https://signin-icloud.com/ ? id = 04b8e,en,scam-other
ETDbK8jXkAA695u.jpg,@DubaiPoliceHQ A spam message in my sms inbox. Hope action is taken against them so that these people don't dupe any innocent people. https://t.co/c7i2mneNUY,Dear Client Your A.T.M card has been BLOCKED Because You Not Update your Emirates ID If You Want To Keep Using Your ATM card Please Call Our Number 0566122725,en,scam-credit/debit card
ErMBouiVgAIG2fp.jpg,"@Paytmcare Team I am getting a potential fraud message on daily basis from PAYTM. can someone please look into my ticket , your executive closing it without resolving anything. Its been 2months I am getting such SMS from PAYTM. https://t.co/5o9uM2zi3X","BP - iPaytm > HT Media has requested payment of Rs . 899.00 ( Purpose : HT For 1 Year - 8285966318 ) . Click https : // paytm.me/1i7-iV5 to pay . Regards , Team Paytm  Save yourself from fraud : NEVER set a password suggested by anyone . Reset password link : https://ap.p-y.tm/8h7BFP ( Do not forward this to anyone )",en,scam-financial
EpqcbQqU8AcfaDt.jpg,@KotakBankLtd - New fraud SMS in your name. I think customer numbers have been leaked. Please investigate or report. https://t.co/s0wx4RqDZk,"Text Message Wed , 9 Dec , 5:40 PM  Dear Customer your Kotak Mahindra Bank A / C will be Suspended please Update your KYC immediately ( 10 mint's ) Click Here Link https : // 36067b7984e9.ngrok.io KOTAK BANK",en,scam-account alarm
EMVQyxXWsAEoo6e.jpg,The #LOL point when you receive an SMS from (supposedly) La Banque Postale ... #Phishing 😏 https://t.co/oHJZ1LQTrg,La Banque Postale Update your account here ww w.labanquepostale.fr.u54 9202rxa.ha003.t.justns.ru/ index2.html,fr,phishing-account alarm
D9-o7v6XUAA5X4m.jpg,Now it&#39;s no longer by email but by sms. If you get one of these don&#39;t open it because it&#39;s phishing. I don&#39;t have and never had an account at montepio https://t.co/D4Cnm7fZTf,"Montepio24: Your username and Pin have been disabled. Activate , access www.bit.ly/ 2INM5e9",pt,phishing-account alarm
Dc-FqiIVAAAJ9F-.jpg,@PeterEngland_ thanks for going ahead and subscribing me for all the sms notifications after I opted out 5 days back. #Spam https://t.co/fh7beTrqWi,"Hi Boris Joseph , Redeem your 394 Peter England loyalty points expiring in next 14 days on 11 - May - 2018 . Your current points as on today are 394 . T & C .",en,spam-promo
EsQLDLSVEAQ_YhP.jpg,"Recently #Cambodia mobile subscribers has recieved text sms to verify their bank accont. The sites are in the sms are reported  #phishing sites. Last week, 5 ppl reported lost of thousands of $$$ and 3 arrested. https://t.co/U2vh3vaDtS","Your Acleda bank account verification is invalid , please enter the correct login ID again www.acledvo.com",en,phishing-account alarm
EfEib5uU8AEw_M6.jpg,SMS spam like this will not happen if the simcard is not on sale for the number of subscribers and the SMS rate is expensive @Telkomsel @kartuHalo https://t.co/yRU1fsf5uT,"I&#39;m a rented mother, if I still want to continue to pay with Mr. ISMAIL because it has been sold / transferred to Mr. ISMAIL No.Hp.082292996347",id,spam-other
DxVeHkwUYAIXack.jpg,"That’s a bit rich. Clive Palmer’s mob blowing up my phone with SMS spam, vowing to ban political SMS spam. 🤦🏻‍♀️🤦🏻‍♀️🤦🏻‍♀️ #AusPol https://t.co/XluIwsCyJ6","When elected , United Australia Party will ban unsolicited political text messages which Labor & Liberal have allowed . Auth http : // www.unitedoz.net/",en,spam-vote
EzBdczGXMAU2CBn.jpg,Received a text message threatening a bailiff if you fail to pay a debt with the CJIB? This is a fake message! Do not pay and do not click on the links. This one is fake! https://t.co/6Vb3cJ1BYj #phishing https://t.co/V5eezFhxEX,"[ CJIB ] Your outstanding debt of EUR € 42.00 with reference CJIB6294KM93 has not been paid after several reminders . On April 15, 2021, the bailiff will proceed with a prejudgment attachment. Click here for your perusal: https://s.id/fout",nl,scam-financial
Etxe8U1WgAQd--P.jpg,@ZiggoCompany @ZiggoWebcare @AuthorityCM There doesn&#39;t seem to be any way to stop #ziggo #sms #spam. Even the #right of resistance is not heeded (https://t.co/1WcnBId9Pk). https://t.co/evtpyrVVRF,✓ Director View and Single Take Camera Features ✓ 120Hz Display All Day Battery : With the Samsung Galaxy S21 you get the latest tech and endless camera possibilities! Discover the new flagship of Samsung www.ziggo.nl/act/ deal / 8af174bb5b9 Unsubscribe for info by text message? Go to ziggo.nl/act/10/afmel,nl,spam-promo
EVD13duUEAAgvSF.jpg,"@aduanBRTI I want to report SMS spam and fraud, how can I do that? https://t.co/CUehz7hglX","lazada official lottery, congratulations, you officially get a cash check prize of RP. 175 JT with code id; 2b4f55r for more info click bit.ly/undian-official427",id,scam-prize
E1fTELxVEAALDsU.jpg,Recived fraud sms form mobile no 87689 93004 please do need full action against that @TheOfficialSBI @RBI @myogioffice https://t.co/CxkYrjV9gh,Dear customer your SBI A / C has been Suspended . please update your KYC Click here link submit your details https : // f3c87efbe00f.ngrok.io/ sbibank,en,scam-account alarm
EhYv-aqUYAA56pX.jpg,"Hello @IM3Ooredoo, every day I get a promo SMS that is not clear, today the peak is 15 SMS promos, the same promo is repeated. Care to explain? Can this promo SMS and spam not be stopped? https://t.co/MP9gfyfzD1","AWESOME OFFER - ENDING SOON ! Win HONDA BRIO &amp; IDR 5,000,000 ! Visit bit.ly/smsp 10im3 Free 1 day ago Rp1,000/day CS : bit.ly/smsccim3",id,spam-promo
EC3ljIOUwAEYipx.jpg,@Telkomsel reports SMS spam fraud.. https://t.co/LnwH6V7Zfw,"banner , Di4m silently sends And a photo on MiChat , click and view . chat-v.com/s/4xc7xp",id,spam-other
EGb8ZZRWsAEChTG.jpg,Warning: got this official looking SMS. Guy at the other end wanted bank details. HBL confirmed it's a scam https://t.co/yQJFq5qr2D,Dear user your bank card has been block Because you have not update yet if you want to keep using your ATM card please call this number03350870421 - Sent via Lantech Soft,en,phishing-credit/debit card
Dz8TtTMXQAosdgy.jpg,#phishing gang active by SMS ! Beware ! #Rabobank @Rabobank https://t.co/tpZg5Z0trG,"If you do not replace your Rabobank card, it will be blocked. You can order a new card via the Rabobank website: X.co/nlrabo",nl,phishing-credit/debit card
DzMz5x7V4AANDQf.jpg,"dih udh sms spam, alay pulak https://t.co/zYiNAZMrng",4s4ya Sudh bktikAn 4pp in1 ksih pNjm4n dlm 3mNT Cba UnDH dN p5ang: bit.ly/Limit1Jt pinjman lain: bit.ly/1JutaCairJam atau bit.ly/Pilihan Pinjma,ms,spam-other
Ds7LdxjXQAAm-as.jpg,"@clubmahindra  today guy calls up to say, you are among the lucky people chosen for a 3D2N stay at any of Club Mahindra’s resorts anywhere in the country absolutely free.

It Looks like scam. Pls check attached phone numbers call and sms details of them.

@anandmahindra https://t.co/1mEFt39lP2","Club Mahindra Holidays Invite You & Family Our Venue @ Regenta Resort . GMDC House , Opp - Hill Garden , Bhuj - Mirjapar Highway , Kutch , Bhuj , Gujarat 370001 .  Date - 27th November . Once You Reach Call On : 9004026278 .  Your Entry Code CM - HS .",en,scam-other
E3NPqM3XIAAn6-8.jpg,Watch out for the new phishing text messages. National Office for Annual Holidays. https://t.co/suxKiQEcFv,Your holiday pay has been recalculated . Confirm the amount you should still receive via: information-refund.info,nl,scam-financial
ESDAfpqXYAEa7R-.jpg,Canadian loyalty card holders beware of a new phish that is targeting @ShopprsDrugMart #optimum members with SMS #phishing. https://t.co/1FnKBtfE3f,Confirm your Pc Optimum online account to keep earning daily rewards on your account . See ; 1pcoptimumOnline.com 10647,en,phishing-account alarm
DgrzDOAWAAIteHs.jpg,. @JumiaKenya How can I completely opt out of your promotional SMS messages. No attempt to spam/ stop seem to work. Help.😭😭😭 https://t.co/Bg47IwnwwO,Only 6hrs to TV Mania ! Get 1k off on orders above 5k from Midnight tonight for only 1HR ! Use code : TVMA0e20ee Discover > https : // bit.ly/2rUOutJ . STOP20465,en,spam-promo
D_fmTsFUYAEp6R4.jpg,"Because, why should I suffer spam sms alone 🤷‍♂️ https://t.co/nLKXc1K0Jx",Aaj nahi kiya to Kal Pareshan Karega Khatarnak hai Motapa Jaanleva hai Motapa Motape se 100% Chhutkara Paaye Warna Paise Wapis Paaye sms MOTAPA to 9892170996,hi,spam-other
EVJpsZnU0AASqBg.jpg,@aduanBRTI just got a money loan spam sms please follow up https://t.co/fhMXzjzAdk,"Afternoon, Sinta wants to offer an express loan with a vehicle certificate as collateral. Money can be received in 2 hours, without needing to be surveyed at home &amp; the environment. Fast &amp; easy process",id,spam-loan
DqX-xPJWwAUFSQh.jpg,Before with the GSM iPhone X I was having some SMS populate as class zero spam so I’d accidentally click off while sleeping and poof msg gone forever. It’s the telco’s responsibility to help control this and spoofed calls from your very own owned Verizon MTN’s!!!!! https://t.co/VuS6kIQLf9,( Suspicious Activity ) http://bit.ly/ 2PNİBhC Fifth Third Bank Locked Access,en,phishing-account alarm
DavFKahW0AAT3AA.jpg,Hello @thalys_fr! Obviously you have a user who uses my phone number and I am spam every day by your SMS. 🙃 https://t.co/V7NGWPI9a8,"Thalys - Click on the link to receive your MobileTicket from 05/14/2018 at 07:25, Ref. UABABK:",fr,spam-other
DqK9foQX4AAVCxQ.jpg,Received phishing (pathetic) via SMS. @KeliwebIT can you block this clone of Banca Carige https://t.co/Zx4QGh513J which is hosted by you? Thanks https://t.co/WWPdiIaIiW,"Dear customer, Alert notification on weekly current account balance, we invite you to log in to your Carige account on our website: www.carigegr.it",it,phishing-account alarm
EYZkciIXsAAF2lv.jpg,"Hey, I have never received #phishing text messages from @ingnl before. https://t.co/3Wcz9ylzyc",ING : From 05/2020 it is no longer possible to pay with TAN . You must ( re ) activate Mobile Confirmation asap. Click here: https://tan-ing.nl/id197,nl,phishing-account alarm
DkCCwRtU4AA8NtX.jpg,@VodafoneAU There is spam &amp; fishing SMS sending to me. Please consider to take action https://t.co/gGVOPpKr3K,The account may be suspended . Click for details . https : // security - manager -westpac.com/cgi 1 mins . via Vodafone AU,en,phishing-account alarm
Dys8DqnUYAAzW4x.jpg,⁦@NAB⁩ got this spam via sms. Thought i will pass it on. #spam #spamsms https://t.co/bxiCmHuuDs,Your bank account has been suspended . Please verify your identity and follow the instructions nab verification.org/ ? 61421822891,en,phishing-account alarm
DrvdDdqWsAEPBCl.jpg,@Flipkart i received spam sms from these numbers. https://t.co/i6h2RTbSvQ,"CONGRATULATIONS . You .are.lucky.winner.in my Flippkart.COMPANY.PV T.LTD Your prize . TATA SAFARI four wheeler.luxury car , price . 12,80,000 = 00 . My office address : -FLAT NO 204 , 1 - a , second floor , Arjun Nagar , Green.park , NEW.DE LHI ( 110029 ) HELP LINE No - 18001218918 Lucky Cupan no - 10503 CONTACT = 9709623849",en,scam-prize
EQkYjR8XkAAuCPH.jpg,"This is a scam SMS that's going round. If you receive this DO NOT CLICK THE LINK.
Instead report it as spam, either in your SMS app or by forwarding it to 7726. https://t.co/ufv66AemND","[ EE ] : We were unable to process your latest bill . In order to avoid fees , please update your payment information via : https://ee.uk.bill313.com/?ee=2",en,scam-account alarm
EER6MdnVAAAqKYy.jpg,Traveling on the train and can&#39;t sleep Listening to music Chatting with people next door SMS spamming https://t.co/dxuaHD3KP1,LAST MESSAGE Congratulations you got a Rp.125 million cash check from the Shopee 9.9 SUPER SHOPPING DAY Sweepstakes Pin Code : AAQ2099 For Info Click : bit.ly/shopeeid99,id,scam-prize
En5NocXXYAIUgbQ.jpg,"@MahaCyber1 @Cyberdost
Can some stringent action not be taken against such phishing attackers ! ? 

I'm tired of such SMS's https://t.co/qeWqb96hkj",[ Cash Instalment ] Your application has been approved . The amount is 178868 rupees . Please withdraw funds within 24 hours . Link : https://cutt.ly/LhoEiU1,en,phishing-financial
EibHJwPWAAADBVf.jpg,"Working on a project to automatically identify scam/spam SMS text messages. Is there any chance you can reply to this with the word ""SCAM"", ""SPAM"" or ""LEGIT"" with a screenshot of the text? Example here: https://t.co/707LE1uAI3","Dear Customer . Please note that , at this moment we have to refund you £ 280.40 , taxes for the last 2 years . Please visit http : // hmrc-online-refund.com/",en,scam-financial
EYumEKEWkAQ4OEJ.jpg,Pay attention to #SPAM just an SMS from +31 6 485554431 about a block on https://t.co/qO4fyvPaGk DO NOT respond! https://t.co/6EUkPedm5E,Your Mijn ING has been placed in the quarantine zone and needs to be verified again. Avoid blocking and follow the steps on my-ing.me,nl,scam-account alarm
Dp25SdfXgAIvZRA.jpg,"Despite several emails and reminders, @Hopscotchindia continues to spam my sms mailbox with promos. How many times does one have to email them ? @TRAI https://t.co/zyi9EnMSMk",Our B'day After - Party begins now ! 30-70 % OFF + Extra Rs 150 Off on everything . Code : BDAY150 . T & C apply . Shop now https://hopscotch.app.link/ ahNmHADW6Q,en,spam-promo
EFB5KA6UwAERWf7.jpg,@aduanBRTI Please follow up on this SPAM SMS.. https://t.co/7VeqdyGVwB,"We From KSP Utama Karya Offer Loans. Terms of KK, ID card, savings book Flat interest 1% / THN Min 5JT to 500JT U / Info Click the link https://wa.me/6282398111599",id,spam-loan
EFIhGfuX4AAgqgH.jpg,"Hi @Paytm @Paytmcare @vijayshekhar - Got this SMS. Possible fraudster details attached who might be running a scam network. I've done my KYC months back, so no way this would come 

Cc : @MumbaiPolice @WBPolice  - Number seems to be from West Bengal. Request you to look into it. https://t.co/PaUzaHlQCs",PAYTM WE WILL HOLD YOUR PAYTM AMOUNT AFTER SOMETIME COMPLETE YOUR PAYTM KYC PAYTM OFFICE PH 9641818938,en,scam-account alarm
DxBlLDXVsAEJD03.jpg,"Report lg @aduanBRTI SMS Fraud, Spam, Online Gambling &amp; Fraud. https://t.co/yPM6hSHoHe",OFFICIAL MESSAGE from PT. MKIOS DRAWING party refill your no. get a GIFT Rp. 75 million pin 5n939f7 for verification info click ; www.kejutanmkios277.blogspot. com,id,scam-prize
DnclXJbV4AYPjE2.jpg,"This is why we need spam/block functionality, or at least some rate limiting for SMS.

Around 15 exactly identical messages within 1 hour! https://t.co/BZzI0o2JGt","UPTO Rs 1 LAKH OFF On Popular Used Cars , India's Biggest Car Mela @ DROOM ( 19-25 Sept ) Hurry ! Buy Now : https://goo.gl/N8uSjc | Call Free -1800 407 070707",en,spam-promo
EwTPO6sUYAIen-Q.jpg,Hi @1mgOfficial. WHY ON EARTH do you think it's okay to spam SMS someone at half past midnight?! You are a healthcare brand for eff's sake. Stop this rubbish please. https://t.co/iNzsRXPvlH,HIGHEST DISCOUNTS EVER live on 1mg FLAT 25 % off on medicines + Upto 75 % + Rs . 150 off * on health products & more Sale ends on 15th March Buy rml.lu/cYgPsp,en,spam-promo
ETsncV_UEAIaG_N.jpg,This is scam msg  once you open the link all your contacts will recieve the same SMS and you will loose your whole balance . Please refrain I became the Victim of this scam https://t.co/xHgN82YMWe,Jio has Announced today to give 25GB data with free calls daily for 6 - Months Register to activate offer  Link : http://tiny.cc/JIO,en,scam-other
EmpX-5-XEAEkn7t.jpg,Hey @bpost_nl spam signaled via text this time https://t.co/cUppczr1NV,"Your package has reached our sorting center, pay the outstanding shipping costs s.id/Shipping-Bpost",nl,scam-delivery
ERMj3eRVAAEpVz5.jpg,"@Paytm @Paytmcare @vijayshekhar 

New fraud in name  of Paytm? Today recd  below Sms. Anyone can easily fall in trap and blame Paytm. Check and take action. https://t.co/KKjeMTbbBe",Congratulations ! Your existing wallet will be migrated to New Paytm Wallet on 27-02-2020 . Visit https://p-y.tm/PP bb84 to know more .,en,scam-account alarm
ECGUZVNWsAUwUGI.jpg,"Look, @ABNAMRO , just got a phishing text in your name. https://t.co/T5l2WUR3Ok",ABN AMRO : Your ABN AMRO debit card will soon expire . Request your debit card completely free of charge via your own secure link: tiny.cc/abnpas,nl,scam-credit/debit card
EuctsqHXEAEwCXk.jpg,"@FedExEurope hi you guys! I have being sent sms messages from two differents phone numbers, from your, allegedly, Spanish representatives. 
When I click in the link is only spam. https://t.co/XXrMKJnNF2","FedEx: Your shipment is coming, track it here: https: // blog.envision, agency / fedex /? wqld66qxt |",es,scam-delivery
DmAM_rcUwAEsVyw.jpg,Please be careful of this kind of SMS. They are meant to steal your bank account credentials. @MyMaybank please take note. #cybersecurity #cybersafe #securityawareness #scam https://t.co/p5dwQUzziN,RMO Your Maybank account has been suspended . Click here for re - verify your data :,en,phishing-account alarm
D76KjCaW4AA_bx6.jpg,"Watch out Brits!  There's a scam being distributed via SMS text message, claiming to be a refund from DVLAgovuk.

Stay safe. https://t.co/xxcy0oW6bT",DVLA : We have identified that you have an outstanding vehicle tax refund from an overpayment . Please visit https : //dvla.refund-form-ref60.com/ to process .,en,scam-tax
EgccHruWsAE-5T2.jpg,Attempt to #phishing @Liberbank customers #security #fraud #sms https://t.co/wavAi6kjI8,"We inform you that you have received an important document, for this reason a moment of attention is required. Access your online account on the site: www.bliber.es",es,phishing-account alarm
E2VOi4lXMAAi39D.jpg,@RoyalMail just sharing a scam SMS I've received https://t.co/W0vAxbb4Dr,Royal Mail : Sorry we were unable to deliver your parcel today please reschedule your delivery via : https://royal-deliverys.com,en,scam-delivery
ERcoKOoU4AA-QRu.jpg,"Bismillah, may there be serious action from #official #skpd #ministry in charge of #digital #sms #garbage #spam #promofree like this. Does #sms #spam #junk like this violate the norm? #Pancasila @Telkomsel @aduanBRTI @kemkominfo @imandwi35 https://t.co/l4L1dTspWf","Buy 1 FREE 1 All Kinds of Drinks, Today Only. Exchange this sms immediately at Excelso HR Muhammad.SKB.Promo *606 #",id,spam-promo
EOEzm__VUAEjky2.jpg,"@TheOfficialSBI @CyberDost @hydcitypolice Sir , Received this type of SMS looks same as authentic SMS from bank , Please take necessary action to prevent this type of Fraud SMS. Asking Customer id and Confidential details. https://t.co/nb6BgaMRaO",Dear SBI Customer Your SBI Account Will Be Block on 12/01/2020 . Due To 40 % Incomplete KYC in your Bank Account Kindly please Update your full KYC in your Bank Account Through Internet Banking immediately kindly please visit the link below https://docs.google.com/forms / d / e / 1FAIpQLSCR U KEHTmQ - gpHoTx MgKIThXlbgV5LGSVFTTKS8ESYTJYRA / viewform THANK YOU SBI,en,scam-account alarm
EqfvFTGXEAMVMMP.jpg,@ArmitageJim @premnsikka 1/2 As the £b SMS scam business has ramped up during COVID to focus on bank accounts one has to ask why the banks are not suing the mobile operators for not blocking such scams  (very very easy to do preemptively  without impacting genuine Bank SMS... https://t.co/bxmIs9Vd8t,"HSBC : Your request to add payee MRS R AMHEED on 30/12/20 has been received . If this was NOT you , please review urgently : https://hsbc.digital -payee-report.com/",en,scam-account alarm
Dp02T_jWoAIkVX-.jpg,@DVLAgovuk new sms scam going around. All U.K. drivers please retweet this far and wide to spread the word! Thanks! https://t.co/U9QsIlGTsF,We have recalculated your vehicle tax . You are owed £ 137.24 due to overpayment . Check here to claim your refund  http://dvla-re.com,en,scam-tax
D_pXWGIUcAgdvV-.jpg,@IncomeTaxIndia Please see the phishing SMS being sent on your name. https://t.co/dHVOk3PNnF,"Dear Rishi Raj Chouhan , the Incometax_Department requires you to click the link below to submit a formal request for the payment of your unclaimed and overdue tax - refund of 18,750 INR . http://103.228.117.98/Refund",en,scam-tax
EUnVAGZWsAAiF2S.png,Attention #phishing for Ameli Insurance Health Insurance will never inform you of a refund by SMS. The preferred contact channel is your ameli account email. @ameli_actu https://t.co/h0G9IBgOo7,"Ameli Account: After the last verification of your health insurance record, we have determined that you will receive a refund of 503.99 euros. Please complete your refund form and confirm it via the link below: https: // bit.ly/2R29XHE",fr,scam-financial
EUaR1FvUUAAVUff.png,"🚨 SCAM ALERT 🚨 Watch out for a new SMS #scam exploiting vulnerable people &amp; claiming you have a tax refund. Don’t click any links, even if it looks legit! Learn more &amp; make a report @ https://t.co/Ktb0cqbaCe https://t.co/PvtRjtb6jy",You are due to receive an ATO refund of $ 1786.51 . Visit https://ato.gov.au . txreturn.info/ And complete security check to claim refund .,en,scam-tax
ELZc2-GUcAABNEN.jpg,sms spam min aduanBRTI https://t.co/u4XodcMy16,Need Financing / Business Capital? Use vehicle registration - No check BI PUTRI 085210757582 http://bit.ly/2f4j6qf,id,spam-loan
EOJ8kiiWkAA4VXm.jpg,"Dear @Paytmcare @Paytm @MumbaiPolice

SCAM ALERT

I've received this SMS asking me to contact a particular mobile number which seems to be a scam.

Request you to look into it so that innocent people aren't cheated. https://t.co/Do8MWc68z8",PAYTM Dear Customer Your Paytm Kyc Has Been Expire Please Contact Customer care No - 7866095965 Immediately Your Paytm Account Will Be Blocked Within 24hrs .,en,scam-account alarm
DmaLtthXoAIxxLs.jpg,@ToyotaGB @bentleystoyota Did you forget or did you think I would have forgotten that you promised to remove my details? Please tell me why I am still getting this SMS spam! #privacy #fail #GDPR https://t.co/Rl77UjF142,Call 01925 501902 quoting BWTY0803 to activate your e - voucher & get £ 750- £ 3000 towards your next new / used Toyota at Bentleys ACT NOW limited numbers !,en,spam-promo
D6kSlFBUcAETuca.jpg,"Dear @aduanBRTI, please help to follow up on this Spam SMS. Thank you https://t.co/HrVwgpDLMF",YTH. We are from KSP NASARI Offering online-based loans throughout Indonesia with 4% interest min loan 5 million - 250 million Interest chat whatsapp at +62 822 6450 8328,id,spam-loan
EJ1vN14XYAAt9lJ.jpg,"Beware..!

#paytm #bewareoffraud #fraud #fraudcall #fraudsms #sms #kyc #opt #fakecall #fakeoffers https://t.co/p6Kuty6e2C","Your KYC has been updated successfully in Paytm wallet , you will get 1205 cashback in ytpour wallet , To get cashback click here Link http://77d9f8c6.ngrok.io/ paytm /",en,scam-financial
El_yTRJWkAUiH3K.jpg,🔴🔴🔴 👮‍♀️🚔👮‍♂️ ➡️Don&#39;t forget to be attentive to these types of messages. ➡️ #cybercriminals insist over and over again. ➡️If you receive an SMS like the one in the image ... ⬇️You know: 👉🏼NI CASE. 👉🏼DO NOT OPEN ANY LINKS. 👉🏼ELIMINATE IT # SanFerPOLICÍA #Phishing https://t.co/H9SfYpMVCg,BANKIA.SA we regret to inform you that your account has been temporarily blocked due to lack of information and has been deactivated. For your security we ask you to complete the following verification immediately: https://bit.ly/35VozWL,es,phishing-account alarm
D1nG07AXgAAM8qk.jpg,@AskPayPal Morning. Just received this message. Assuming it’s a Phishing sms 🤷🏻‍♂️ https://t.co/u3aCrdmDXp,Your PayPal has been frozen because we are unable to validate your account information.Please login to verify your account : https : // paypal.co.uk.yn5e.eu/m/,en,phishing-account alarm
DaKIUgkVwAAGUiJ.jpg,"Posting scam &amp; suspicious SMS texts I receive from now on.

First up, 09428044949/ +639428044949 https://t.co/fA8qtwEdnQ",It is very necessary that you reach me immediately via edchda45358@gmail.com for details .,en,scam-other
EFS4Qz2UwAAYM6Z.jpg,"Beware of Scam!❌ I just received an SMS with the contents as shown in the picture. For a moment, surprised. It&#39;s been a long time since I haven&#39;t messed with the iPhone. Just open the website and login. Thank God I can. After browsing, this message is indeed a scam. Never click, let alone fill in the data on the link! https://t.co/LJnFOBQXWW","Your Apple ID has been locked for security reason , please visit : https://idapplecs.page.link / CS910381003 and verify your self .",en,phishing-account alarm
EkwkWneU0AECGKF.jpg,"@JimBrowning11 hello jim, 
I have been getting tons of spam sms (each with different no) everyday. How to stop them? https://t.co/dCHsuUPs4d",Your Job Application @ JOB799X has been shortlisted . Register Now  http://f2ns.com / KPKALOPMYLHWLW,en,scam-other
Ew_aN8ZU8AUyq1F.jpg,@TRAI @reliancejio How are these people getting licence to send scam SMS ? There should be proper verification before allowing someone to send advertisement SMS. They should also be asked to pay security money of at least 1. These scammers are making fun of govt and consumer https://t.co/zOXxenO2w6,"Dear user , Your Sim Card ' will be not work . Your Document might be Expire Please Call Helpline Number - 9832732202 Within 24hrs . Thank you",en,scam-other
EDoVWARW4AAUKJ8.jpg,"That you send scam texts is bad enough, but that you also make stupid spelling mistakes is very amateurish https://t.co/ZUFshdUtCs",Rabobank : Your current debit card will expire before use . Request the renewed betlaapas now for free and prevent blockage via: Wereldpas-vragen.nl,nl,scam-credit/debit card
ElKEXOrU0AEoYcT.jpg,"Sekali lagi, dapat sms spam pesugihan macam ini. What the hell with these people?!

Do they actually think that anyone with sane mind will take this bait? https://t.co/XHwIsltMqU","RECEIVING RITUALS SUCH AS - Pesugihan magic money - Asmra pellets - Far distance magic, etc. guaranteed success WA = 082317823334 A / Click on bit.ly/danapesugihan",id,spam-promo
E3Ggh4mXEAAF0Jr.jpg,"@MumbaiPolice @TheOfficialSBI a fraud sms being circulated using SBI WB credentials, under the pretext of updating KYC, they ask for personal details to withdraw money from victims bank account. Beware!!! https://t.co/AxsWZXCj0O",Dear customer your account has been blocked due to KYC Update within 24 hour . Please contact customer care 9339255497 to continue your service . Thank you,en,phishing-account alarm
EWvWgk8WoAAsDiO.jpg,@myGovau just received a scam that others should look out for via sms https://t.co/HB0tgWdpwm,"Your December 2019 activity statement was due 28 February 2020. Lodging online is quick and easy - visit ato.gov.au/ howtolodge for more info or contact your agent , INFOCUS TAX & BUSINESS ADVISORY PTY LT . Remember to cancel your ABN and business name if you've ceased trading .",en,scam-tax
D1Eco5RXcAEdugW.jpg,@VanLanschot I get a new phishing SMS to replace the digipas https://t.co/Lt19xEAb9F,Your new digipas is ready . Your current digipas and webber will expire on 8-3 . Request your replacement digipas now in My Van Lanschot: x.co/Lanschot,nl,phishing-account alarm
ET94z6CXQAMxVEw.png,@ameli_actu I just received a #phishing attempt by sms you might be interested https://t.co/rEhZ3lX4hL,"today 17:01 Ameli Account: After the last verification of your health insurance file, we have determined that you will receive a refund of 679.80 euros. Please complete your refund form and confirm it via the link below: https://bit.ly/2vLYİQD",fr,scam-financial
DhvBVVDX0AMwUYX.jpg,I filed a #spamci &quot;Yunus Emre Hospital&quot; complaint today. They bought a number and sent unauthorized sms. I wonder where they got the written approval from me @SmsVitrini has its infrastructure used for sending spam #yunusemrehastanesi @YEmreHastanesi https://t.co/zJV7GGTqDo,"Yunus Emre Hospital Gynecology Clinic is now open until 24:00 on weekdays, www.yunusemrehastane si.com For information and appointment: 0216 310 47 88 B373",tr,spam-promo
EkbQyRYVgAApKYh.jpg,@aduanBRTI Complaint sms spam https://t.co/hzsPW5GOf4,"Withdraw cash today , disburse in 5 seconds , and enjoy exclusive offers up to 4 Million . https://myads.id/3altw",id,spam-promo
EfiRloqUEAE8DUp.jpg,"Please cfc admin don&#39;t spam sms, because in this case the KFC flow will not apostatize https://t.co/aIQrDuZglL",Package Two 40% Discount . Chicken + 3 Chicken Strips + 2 Rice for only 32k nett. Tkr SMS at CFC MAL SKA until 31 Aug . Restricted stock . Promo *606#,id,spam-promo
E4EON3fVIAc6oY1.jpg,"I received another spam sms, please put it in order. Thank you https://t.co/cI7aqQvVfh","TEIKOMSE LATEST INFO Congratulations @nda chosen M - get 100,000,000 CODE.ID 257r477 Info click www.16 - telkomsel.webnode.c",id,scam-prize
D432JAyUwAAiu5a.jpg,Actual SMS spam in the Bay Area. https://t.co/XHCLCVAIjT,"Hello Neil , Are you the owner of  ? My name is Dennis and the reason I ask is because I'm a buyer looking for a home in the area . Did I get the right person ?",en,spam-other
EX0doQgXgAAJ_7_.jpg,"So in the midst of the pandemic people still send out  SMS like this to scam people?I just received this. 
Please always ignore texts kike this. No bank would send an SMS this way to a customer.The police can still track and arrest this scammer.

@PoliceNG_CRU
@PoliceNG https://t.co/psR4p7ewdy","FirstAlert : Dear customer , Your ACCOUNT A..T..M has been DEACTIVATED Due to VARIATION OF DATE IN BIRTH to ACTIVATE Dial 070199-99123 for RECTIFICATION.FirstBank",en,scam-account alarm
EAXatCvU4AEcDAb.jpg,@aduanBRTI please block this number for spreading spam sms https://t.co/5TY0nuyXPy,ONLINE FUND LOAN SERVICE throughout Indonesia from 10 to 500 million how to apply wa: 082253133195,id,spam-loan
E3BdBHHUYAADrcQ.jpg,@HDFCBank_Cares Hi @HDFCBank_Cares @HDFC_Bank DMed you my number. Still getting harassed by spam calls and SMS. Please stop it. https://t.co/AwvGJJ5YyE,"Dear Customer , your HDFC Bank Virtual RM Krishna Sanjay tried reaching you . We are back with Summer Treats offers , please connect with your RM at 02267127105 to know more .",en,spam-other
EM9WLsZUUAUPnnn.jpg,@Paytm @PaytmCybercell @Paytmcare @vijayshekhar there is this fraud sms that is being sent by someone asking for KYC verification. Trust you will take legal action. https://t.co/kUB7xVrDjW,Dear paytm customer your Paytm KYC has expired . contact customer care No - 7679263961 Immediately . your account will Block within 24 hr thank you Paytm team,en,scam-account alarm
ERtTyKMX0AEuWn_.jpg,They are sending these fake SMS from #amazon to Italian customers. It has all the air of being phishing. @AndreaDraghetti what do you think? https://t.co/lABCvDW5EF,We are trying to get in touch with you - You got 3rd place in our gift on 02/19/2020. Your prize: http://9ig.us/IMYV5,it,scam-prize
ERmTmklXkAAk6Vz.jpg,"Hello @BSNLCorporate are your SMS gateways are being misused to send scam messages to con @Paytm @Paytmcare users? @MumbaiPolice 

Check the sender ID on this one. https://t.co/OTOEvXGsOo",Dear PAY - T.M customer your K.Y.C has been suspended . To Verified PAY - T.M K.Y.C call 9334382341 immediately . Account will be block within 24 hours,en,scam-account alarm
D5UavucW0AAjkKs.jpg,"Hey @HMRCgovuk @HMRCbusiness  @HMRCcustomers @HMRCpressoffice @HMRCdigital 
you just have a other phishing straci acrually, This time on Mobile phines via SMS - below screens with false scam sms and result of fake web address... 
#cybersecurity #phishing #scam https://t.co/oYArHNtdD8",You have one notification from HM RC : https://bit.ly/ . 2PDbtF9,en,scam-tax
EIj3xreWwAATap7.jpg,"@BBVAresponde_es I am not a customer, but I received an SMS pretending to be you. You should alert your customers. #Care #phishing https://t.co/OGF2YptrVe","your account has been blocked, enter and follow the instructions, http: // bbva.verificarahora.com",es,phishing-account alarm
EOKiaKmUUAgttd0.jpg,Recieved this fraud sms today @MahaCyber1 @MumbaiPolice can you track down the mentioned number and take action on fraudsters. Many of my friend got same sms. https://t.co/qogbIL6ERt,PAYTM Dear Customer Your Paytm Kyc Has Been Expire Please Contact Customer care No - 7866984459 Immediately Your Paytm Account Will Be Blocked Within 24hrs .,en,scam-account alarm
DoTN0xhU8AAbB_S.jpg,why are there still sms like this @Telkomsel even though the number has been REG using a KK KTP then what&#39;s the point of registering if there are still many numbers that like spam like this https://t.co/f2IZs3Nk8D,"I TALIB in MALAYSIA need someone in Indonesia to be able to trust me to leave my property RM. 5 million as the future in indo, if you want to help, please text this at 085397242527",id,scam-financial
EajtO1uWkAQJ7mq.jpg,@aduanBRTI I receive a lot of spam sms https://t.co/Dxpfu5On0U,"Whatever your business is, we are the solution. You need a loan without KSP.SB guarantee. Please ask us at WA: 082349662118",id,spam-loan
EidRjcoU4AAx2Q7.jpg,"@CMDBSNL Sir please Take stringent action against mentioned contact number as well as fraud Tele marketers ,Such fraud SMS's are being sent from Quadrant Televenture (Erstwhile Videocon Punjab).Details r in screenshot.@BSNLCorporate Reputation is on stake due to such criminals. https://t.co/K0Ce39PnYf",Dear Customer Your BSNL SIM service documents has been Expire - d please contact customer care . 9832717843 . imme - diately Your BSNL SIM will be blo - cked within 24hrs .,en,scam-account alarm
E46CirXWQAwAqkX.jpg,@leboncoin scam on secure payment le bon coin Les brouteurs thief crook spam you SMS message with false payment which sends you to a bank phishing page 🔞🤬🚨⚖️🇫🇷 @leboncoin @SignalArnaques @leboncoinGroupe @SandozProd 0750513624 0688488856 0756957537 0699432128 https : //t.co/36WIHdV0mr,"Good evening, Can you confirm the availability of your console. Please send me some additional pictures, Cdlt Antoine GREFF.",fr,scam-other
EVTNaC2UwAEMPbO.jpg,@aduanBRTI Same 4 spam in a day 4th sms https://t.co/a9DOaxBrsE,"ASS KPD BPK / MOM m44f j1k4 disturbs the time, y we offer business capital with low interest. for more info WA: 085825544793",id,spam-loan
EXYYwWuXsAULdRt.jpg,Spam/scam sms in April 2020 Part 3 of 4 part https://t.co/vrNt3rAjbo,ASS .. YTH to BPK / MOM Sorry if it bothers you wkty We offer mod4L us4h @ with low interest for info Direct chat Special via WA 085741599315,id,spam-loan
EEJkTewVAAA8SPV.jpg,Kominfo: REGISTRY OF HANDpHONE NUMBER WILL REDUCE SMS sPAm Also kominfo: https://t.co/RrAeWbMbOd,"Express your love for Indonesian crafts &amp; enliven the 2019 Kriyanusa Exhibition, Balai Kartini Jakarta, 11-15 Sep 2019! Find handicraft products from Sabang to Merauke",id,spam-other
EEkn0KiVAAAMjMz.jpg,@Westpac just thought you’d ought to know there seems to be an SMS phishing attempt. See piccie https://t.co/jz9kAVOwFS,Your Internet Banking access has been revoked due to incomplete profile information . To restore your access please visit your nearest branch ( along with your ID ) or login below & follow the prompt . https://westpac-secure.com/ restore,en,phishing-account alarm
DUo1xP3XcAAzG84.jpg,"Don't fall for this #scam, the DVSA or HMRC will not contact you by SMS! #DVLA https://t.co/Nv0S9DG5jZ","FINAL REQUEST : DVLA Swansea have been trying to contact you , Click below for more information . http : // tax-disc.gov.uk.dvla.dis2.pw/ claim.html",en,scam-tax
EOifrqzWoAAqT2K.jpg,"@RaigadPolice @Paytm
I received this fraud SMS today. I would request you to forward it to concerned department so that the fraudsters can be caught. The mobile number mentioned in the message could be of help. https://t.co/b7sfZISXCz",Dear PYATM customer your Pyatm KYC has been suspended.pyatm office PH 8637579426 Immediately.call your account will block within 24hrs Thank you Pyatm team,en,scam-account alarm
EbrH8MvUMAAPEPK.jpg,@myXLCare This spam sms sucks my credit min. How to remove it https://t.co/n62Kkvjbbd,( XL ) Currently you are charged a tariff of IDR 1 / KB up to IDR 10 thousand . Want YOUTUBE without quota? Choose Pkt XTRA Combo at *123#,id,spam-promo
EuvBUHKVEAMpYNE.jpg,"@PayPalAU @AskPayPal There’s an Australian PayPal scam going around via SMS. #phishing #ScamAlert 
😡😤😡😤😡😤😡😤😡😤😡 https://t.co/apSZYwjJIK","( PayPal ) Dear Customer , some unsafe activities were reported on your account . For your safety , please regain access to your account at https : // paypal verifycenter.net/?paypal",en,scam-account alarm
Ed8ZYgxVoAIjGLd.png,"@Telkomsel, please block the numbers of these bulk/advertising spam SMS senders again, @kemkominfo @aduanBRTI @YLKI_ID https://t.co/CM5m7u8Gym",SELL DYNAMIC COFFE CONTAINS 100% ORIGINAL GINSENG JOSS TOKCER u / MEN Rp 300rb get 10pcs SMS COFFEE ORDER click bit.do/BUY-KOPI BYR ON PLACE COD ALL ENGINEERING,id,spam-promo
EVBZEXjX0AE8Pnv.jpg,"#Phishing SMS message using @Bankia. Do not open it, delete and report it. https://t.co/KfYHz555LY",&quot;Bankia - ES&quot;: User disabled for security reasons. www.bit.ly/2w101qJ activate now w,es,phishing-account alarm
OswxiojeZlWG3a7K.jpg,"⚠️⚠️ PHISING ALERT ⚠️⚠️ If you receive an SMS like this from your mobile, delete it immediately. Open a link with the logo and appearance of Movistar to ask you for your card details, most likely to steal that data. @policia @guardiacivil @Telefonica @movistar_es #Phishing #EstafaSMS https://t.co/h4aPwME5EY","MOVISTAR - INFO: You have exceeded the flat rate for an amount of € 2.38. To avoid a line suspension, regularize immediately: https: // mys01.com/xnTnIM/gg.",es,scam-financial
D5N_F9RWkAIX3GH.jpg,"Scam in PVR privilege program. 

Bought a ticket in Mumbai and accrued enough points for a voucher. Got SMS confirmation too. 

30 minutes after, the same voucher is redeemed in Chennai!

@_PVRCinemas
#pvrscam #pvrprivilege #scam #pvrcheats #pvrjuhu  #pvrmumbai #pvrchennai https://t.co/pVqAHYa0FH","Dear PVR Privilege Member , you have earned 110 points on 28 Apr 2019 10:40 AM at PVR Dynamic Juhu Mumbai for Rs 2200.00 . Your 100 privilege points have been converted into a voucher . Voucher code SHYMMGEBR applicable on both Ticket and FnB spends . Valid till 27 Jul 2019. Your updated point balance is 47. Click link to view and save your voucher QR code . Scan QR code at the cinema for easy application . http://pvrc.in/ szipl  Cheers PVR Privilege Member ! Your voucher code SHYMMGEBR worth Rs . 100.00 has been applied at PVR VR Chennnai at 28-04-2019 11:20:44 AM . Enjoy the show",en,scam-other
EkxLXQLXEAAuQy1.jpg,@ingnl hello within 2 days phishing text messages via iPhone is that known?? https://t.co/svvUcigAmW,"Due to the new PSD2 security requirements, you must reactivate your Mobile Banking app via: nl-www-mijning.com",nl,phishing-account alarm
EXFvp7AXYAU3pZT.jpg,"Beware of Phishing Mail, Phone Calls and Texts! We have been receiving a lot of fake messages and phone calls from @ingnl, @Rabobank, @PayPalNederland and @ABNAMRO in the last few days. Don&#39;t fall for it! #phishing #cybercrime @Police24 https://t.co/pzqVhox28G","Rabobank : Dear customer , your debit card is outdated . Request your new debit card completely free of charge before April 18 via: https://tny.sh/18april",nl,phishing-credit/debit card
Eq7njTGUUAE6EYg.jpg,"I wonder what procedure to move to 🤣 I can&#39;t forgive crimes targeting mainly elderly people who don&#39;t understand the meaning of customers. If you receive an unknown SMS or message, please search the contact information online. I don&#39;t think our generation has been caught yet, but it may be suspicious in the near future. First of all, search the net! !! #Fictitious billing #SPAM https://t.co/0EICA2oga6","There are some matters to contact regarding your usage status. If you do not contact us today, we will continue. Customer 0367091214",ja,scam-other
ELMtNf-XUAAOTKB.jpg,Very sympathetic that @Rabobank (not that one) alerts me by text message from the nl 06 number that my bank card will expire soon. But yes I don&#39;t have a Rabobank card... #scam #phishing https://t.co/2hTgUnQRs6,[ RABOBANK ] Your current bank card will expire soon . Replace your pass via https: // 24x.top/rabonl,nl,scam-credit/debit card
ETe3cyoWkAEy9OW.jpg,@ThreeUK just received an SMS  which appears to be a phishing attempt pretending to be you https://t.co/GKEm8bI4JL,Please verify your details to avoid service restrictions : https://help-3.info,en,phishing-account alarm
Edx6UfQXoAIutp-.jpg,"#phishing SMS alert, folks.

cc/ @O2 https://t.co/Z4OIyJe6B1",PayPal : Your account is currently suspended . Please follow the link below to verify your information https : // paypal.signin-secure5.com/ ? p = 4,en,phishing-account alarm
EwG1hePXYAMlV5-.jpg,@SEUR scam spoofing seur via SMS with url to a @Fedex themed site requesting to install an app. Url: http[:]//rahbordyargroup[.]com/url/?13emizle8gm. Evidence: https://t.co/JUzrfaQ2Vu https://t.co/J46k1mbtvt,SEUR informs: your shipment n. 9522830 from DPD is on the way. Follow the status of your package at http://rahbordyargroup.com/ url /? 13emizle8gm,es,scam-delivery
D2vAnBdXQAAqFq8.jpg,@Mails this is phishing? Spam? Do something ... I receive these sms on your behalf https://t.co/ENsvRCfHEo,Laura You have a message from the Post Office. Your name is on the list. Check here:,es,scam-other
EeqI617U0AAffmW.jpg,@aduanBRTI Spam spam all .part -2 https://t.co/YCuX4ckGab,"Win the jackpot of Rp. 6,666,000, - in the Ceme &amp; Domino Game. There are also pker, Bolatangkas, aduQ, D1NGDONG sicbo, livecasino TOSEL Japan. Horaspker bit.ly/ Horaspkr",id,spam-gamble
DXaXigKVMAAXeqW.jpg,"hello @myXLCare can this spam sms be stopped or not? how come sms every day, very annoying. :) https://t.co/CHphWUG3SV",Another name for astrologer Michel de Nostredame is ? 1 = Notdame 2 = Nostradamus Send 1/2 to 99220 - FREE !,id,spam-other
DzxS4f7WoAAarOg.jpg,These messages are currently being sent via SMS 😬😬 don&#39;t fall for it and don&#39;t call the +31 number either #PHISHING #RABOBANK #eengewarwdmensteltvoor2 #fraud https://t.co/YH5t7f5lwZ,Apply for your new Rabobank card and prevent your current Rabobank card from being blocked via the Rabobank website: X.co/raboni,nl,scam-credit/debit card
EdAoMIxU4AAB6Zu.jpg,"Sy cb reported spam sms as directed by @Telkomsel, but nothing seems to have happened. Is it true that reports like this will be followed up? https://t.co/HIvJJmo1DR","SPAM # 085351081525 # ASS , SORRY TO INTERFERENCE WE OFFER ONLINE LOANS ALL AROUND INDONESIA MIN LOAN RP. 5JT - 500JT INFO CHAT WA ; 082237384457",id,spam-loan
EYmtQcQU0AECto4.jpg,"Dear @Telkomsel, instead of creating an SMS model innovation like this capture. It would be useful if it is used for better and stabilize the network. This sms is really annoying, if I can report spam, I will report this. Cc @YLKI_ID https://t.co/OQDhHRo18X","SAFE ! Now call SEPUASNYA EVERYDAY to other Telkomsel numbers for only Rp. 2,000 / day. To stop the promo, press * 888 * 30 # Info hub: 188 (Rp300 / Call)",id,spam-promo
En_yD0SXEAEzdaK.jpg,"Another smishing text message!

You’ve probably heard about phishing emails. Well, SMS phishing – or #smishing, is the text equivalent.  
The texts are made to look like they’re from a reputable company and try to get you to do something like click a link. 
Here's one I got today https://t.co/qU16HDG8QE","From 3 : Your monthly bill failed . To avoid service suspension , update your billing details at : https : // threesupport secure.com",en,phishing-account alarm
ET-SC3cWsAYTZWY.jpg,"@asnbank received the following phishing SMS. No idea how they got my phone number + bank, maybe a hacked webshop. https://t.co/FhU57Dy4CL",We will switch to PSD2 on 27-03 you need to register your account to use PSD2 do this on time via: nl-asnbank.nl 1m to simyo o,nl,phishing-account alarm
EihMassU0AI6L2u.jpg,2020 there are still scam spam sms like this wkwk https://t.co/XdHhH2Lzhr,"ass, I&#39;m sorry, I&#39;m the owner of the rented house, regarding the rent, if you want to continue, contact my sister, Mr. Syamsul, because I&#39;ve transferred it to him, Miss",id,scam-other
EtcaCUhXMAAB4J0.jpg,"As if spam calls weren&#39;t enough, spam SMS now also begin. 😤 https://t.co/M5kRla1nw5",Earn income from crypto without having to buy&gt; https://mifle.xyz/ vkxmekg,de,spam-promo
E4h--eLUUAI_u6K.jpg,"@aduanBRTI good morning admin, please be able to process this spam sms. Thank you. https://t.co/WAnk4YdxWK","Play domino hkb , sbo , T &quot; 093L Sydney , Slot&#39;games , HKB Po &quot; ker &amp; DinG - Don6 . Special bonus for you at PL4YBET788 s.id/PL4YBET788 .",id,spam-gamble
D6ygrniV4AACol5.jpg,"So spam via sms from @liverpoolmexico, there I leave the number so you can keep it up to date on your blacklists. https://t.co/f1GVsi6TfJ","Buy Liverpool Satellite $ 7,800.00 M / N 17 MAY 13:11 TDD LIBRETON Answer I DO NOT RECOGNIZE To Cancel Movement",es,spam-promo
DwnwUN3VsAA_E0f.jpg,Can you believe the #spam #sms #auspol with the tag line of 'Making Australia Great'? Who is the campaign / marketing manager? https://t.co/0pbXhzKzq3,"Blackouts wreck our lives . We need affordable , reliable power . Make Australia Great . Vote | United Australia Party , Clive Palmer . Auth https://bit.ly/2QĪGAUM",en,spam-vote
Ezn7qefVgAYu-LY.jpg,"Watch out for scam calls or SMS’ claiming to be from Amazon or Amazon Prime. 

The calls claim your account was renewed, while the messages say you have paid for an item (like a laptop or camera) and provides a contact number to dispute the charge. More: https://t.co/SqWWQPeNIa https://t.co/gNlkq2UZuj","Order Confirmed payment $ 3969.99 against Canon EOS R6 Camera at AMZ . Order Number 221021519 on 2021-04-08 . Helpline 01800 491 580 if any dispute , Thank you",en,scam-financial
EcYyE_oWoAEY5Eq.jpg,"@HalifaxBank Hi, I’m not a customer of yours but I have just received this phishing attempt via SMS. I have no idea how they have my name as well as my number. The number in the pic is that of the sender. https://t.co/esakWV9tM7",HALIFAX ALERTS : Hello Adam . Unverified activity has been noticed . You must confirm your data at appservhlfx.online/ account to avoid service limitations .,en,phishing-account alarm
DbaUnyEV0AAELMm.jpg,My boyfriend has received this sms. Can not immediately remember to have something on the way (but does not rule out anything). Is it spam? Should she stop clicking? I&#39;m suspicious. #twitterhjerne https://t.co/Ut2OGwvmN1,There&#39;s a package on the way for you. Our parcel terminal has confirmed. Her - bit.ly/ package - b optout end4.co,da,scam-delivery
EKQb2swVUAI0mLa.jpg,"Spam SMS is getting more and more absurd, isn&#39;t it https://t.co/A4CPjYv2pa","SOLVE YOUR PROBLEMS With PESUGIHAN without sacrificing 1. MAGICAL MONEY 2. Dreams have not come true 3. Problems with the DII family, Hub: WA 085237858686 Click: bit.ly/akyhilman",id,spam-promo
Er2Jx8qUcAEXbvi.jpg,@ShopClues I have been getting Fraud calls and SMS from random individuals about winning a lucky draw. They also seem to know my order details. I really wonder if you are gonna beat Amazon/Flipkart by selling customer data. Please take care of the issue. https://t.co/XasD5k7wAe,"dear customer , congratulation , you have product order from SHOPCLUES ( PVT.LTD ) COMPANY , your name to open lucky contest MAHINDRA XUV500 CAR cost RS . 14,80,000.00 you have received For more information contact me . Mobile help line no . - 09810729529 . 09910586754 http://shopclueswinner.tk",en,scam-prize
EimBgXbXcAAppgP.jpg,"Got a dodgey looking text claiming to be from vodafone, apparently phishing via SMS is called smishing! 😂 - if u get anything like this on Vodafone fwd free of charge to 7726 to report :) https://t.co/06N2qCKMAn","Vodafone :: We were unable to process your latest payment . In order to avoid fees , please update your information via :",en,phishing-account alarm
E1_LPjhWQAstfmR.jpg,Is this the new incarnation of scam texting? Very sad to hear this https://t.co/GpeR2tZvOB,"Your package is coming , follow it here : https://turbo-gto.com/43rokq.php ? t29kc11810x9",nl,scam-delivery
EU5LuioUcAUoBa4.jpg,"In case anyone gets this SMS that I just received. It’s a scam, don’t click the link. https://t.co/YDYn6ojPdk","Hi Jon , Due to COVID - 19 outbreak , we will give out 3 months of Netflix Premium to help you spend time at home . More information : http://3fs.us/ UAJCB",en,scam-covid
E4lCg7MWUAE2Z17.jpg,"Majority of my sms messages on @VodafoneUK now look like this with no option to use a spam filter
#phishing https://t.co/elygb6LfEI",From Vodafone : There has been a problem processing your latest bill . Please update your information via https : // vodafone - support system.com/billing,en,scam-account alarm
EfcT31-UMAIBjDb.jpg,"@aduanBRTI Good Afternoon Ka, lots of scam sms spam sms to my phone number. How to handle it? https://t.co/kb1ukobO17",M4ND1R1 RELOAD Look for Chip Agent ALL Operator Price V5 : 4750 V10 : 8750 V20 : 18750 V50 : 47500 How to REGISTER Type : JOIN # NAME # CITY # NO. WA Send WhatsApp 085346861908 Tks,id,spam-other
E0EoZgAXsAAEoKT.jpg,"@Hermesparcels I Got today scam SMS. Such parcel does not exist. I bet they will try to charge me for this ""rescheduled delivery"". Watch out People. https://t.co/dYsaSjncTf","Hermes : Oops we missed your delivery today , To reschedule a delivery please visit https : //myhermes.ref82 .com Your parcel will return to sender if unpaid .",en,scam-delivery
E1cJ6p8WQAoKun-.jpg,@GGDZeeland dear people of the GGD. This afternoon I received the texts below. I have a feeling this is spam. Can you answer this for me? Come from axel yourself. https://t.co/6EVBOctL6o,You have an appointment on 12-07-2021 at 14:30 at the address Bavelseparklaan 7 Breda You have an appointment on 07-06-2021 at 14:30 at the address Bavelseparklaan 7 Breda,nl,scam-other
EkPzU9IU4AI4UbC.jpg,"@Telkomsel Maybe you need a lawsuit or demo, because demo 98 just realized that the founder of Telkomsel wants to arrive when this spam sms happens. What&#39;s the function of registering with KK &amp; NIK!!!!!! @kemkominfo @aduanBRTI https://t.co/17XS6VwTyE","Previously Sorry, what BANK do you want to transfer the money to? please smsk4n the account number can only sm5 me to this number only. 085321515588 tks .",id,scam-financial
EJL0FZmWsAE7kKZ.jpg,"The #phishing of @Correos is being very heavy. It arrives by SMS, attach a link to steal your payment information. Alert! For many it may be obvious, but think of your acquaintances with more ignorance in the digital field and explain to them that these scams exist. https://t.co/VrVgpYXa7P","Dear customer, Your package could not be delivered on 11/8 because customs fees (€ 1) were not paid. You will find more information here: http://2by7.com/05qz",es,scam-delivery
DyMLFkjXgAEeMU6.jpg,"But hell, then. Should we start receiving spam on sms too, now? https://t.co/KQJ1DzOX1L",Continue to hear from us? Update your rights to receive exclusive offers &amp; coupons: https: // cloud .citycon - marketing.com/pct? c = 0031r000029GMVLAAW &amp; sc = 33,no,spam-promo
EhjVtXbXYAAl10q.jpg,"SCAM ALERT
TUT Students listen up!
If you have received this SMS,  please note that it is a scam.

Report any suspicious messages or calls from fraudsters posing as NSFAS staff to the Vuvuzela Hotline on 0860 247 653 and do NOT share your personal details https://t.co/VhAcDJATYG","VUILLSYV UNVERIFIED ACC - Dear students Urgently log into NSFAS portal , update your phone number after go to nsfas connect to create a case number and submit the case number at bursary office . Visit bursary office to complete verification form attached your  certified id copy . RefNo : M 000122390",en,scam-other
Eiq4a3lWAAc5m5e.jpg,"Yes, this is the operator @XLCenter @kemkominfo Spam &amp; sms that always disturbs but doesn&#39;t turn off, this is how to find u spy can drain CONSUMER PULSE https://t.co/Ts25p8oxy9","Just answer correctly, you can get Iphone 11, PS4, Cash and Shopping Vouchers! Play Trivia at *500*40*1# now ! ( Rp2200 / 3x / mg )",id,spam-promo
DereOaTVAAArOIU.jpg,I&#39;ve been getting more than 5 times spam sms from TCash @kemkominfo @Telkomsel @TCASH_ID https://t.co/rtFr5iB6TO,"You have BONUS BALANCE. You can buy additional DATA PACKS! Hurry up, open TCASH wallet &amp; use it now before it&#39;s too late, it&#39;s FREE! Click tsel.me/ GET1 Especially for you, SKB",id,spam-promo
Dt4O63zWwAAcLau.jpg,Hope @TRAI is taking note and actioning upon all the relentless SMS SPAM being escalated by customers across India. https://t.co/mPrQWK4gtF,"OMAXE New Society Shops in front of Metro Station , Gr.Noida Get Rs.44000 per month till Possession + Assured lease Limited units Cal 9899055989",en,spam-promo
9EIL71-5EarcACLe.jpg,➡Have you received an email or #SMS lately to pick up your package📦 followed by a link? They are posing as #package companies so that you click the link and thus steal your data ❌NO PINCHES Y DELIMÍNO🗑 #Phishing #NoPiques https://t.co/akU49re1hY,"FedEx: Your shipment is about to arrive, track it here: SW)",es,scam-delivery
ENk4xQLUYAA4oeI.jpg,"@Paytm @Paytmcare 
Are you sending me these SMS for KYC?

Incase they are fraud, pl take necessary actions. https://t.co/So5doaGqVr",PAY2M WE WILL HOLD YOUR PAY2TM AMOUNT AFTER SOME TIME COMPLETE YOUR PAYT2M KY2C PAY2TM OFFI2CE PH 8927035245,en,scam-account alarm
ES1RaRpWkAAGh6H.jpg,Just received a phishing attempt message via SMS. Forwarded to https://t.co/wwS6TEBsno. Be attentive. #belgium #belgium #belgique #phishing https://t.co/tc8cSxcZ0H,"Your outstanding debt with reference 9823773197BE has not been paid after several reminders. On March 13 , the bailiff will proceed with a prejudgment attachment . You can avoid the attachment procedure by paying € 5.91 via: FodBelgium.online/pay./",nl,phishing-financial
EkRNeD8WAAA5PhD.jpg,I just received a phishing text message that appears to be from PostNL. But I can&#39;t find where I can report this so that someone makes it work to take that website offline? https://t.co/olOD9gw327,[ PostNL ] : Your package has been sent . Follow your order via this link: https://sorteercentrum.net/postnl,nl,scam-delivery
EVlVWhqWkAEnYCj.jpg,@BancoEstado phishing arriving by sms. @PDI_CHILE https://t.co/NwJ9FhLkJs,"BANCO ESTADO informs that we have detected an infrequent device, prevent your account from being SUSPENDED, check here: https://no-frecuente.cl comun2020 /",es,phishing-account alarm
EqFJtRbUwAoIP1n.jpg,@jokowi @setkabgoid @DivHumas_Polri @kompascom Those who buy credit please...wow 2% / Sir .. just check what&#39;s not a SCAM?? #Sms #scam https://t.co/ruN2572X81,"people&#39;s credit min 5 million to 500 million interest 2 % / year easy process, safe liquid fast",ms,spam-loan
EzVX-tlVEAYJ_r3.jpg,But is it possible every day 50 spam sms? I would like to tell the competent authorities to do something ... Also because I imagine how many victims they are doing.😑 #SMS #Spam https://t.co/9TdNJyw5UK,"Dear Customer, Poste Italiane according to the new psd2 regulations to avoid blocking, fill in the following form: https: //bit.ly/ Зеc9zrT",it,scam-account alarm
EduXwikXsAAKqgg.jpg,"@bancosantander, @policia just received a phishing SMS from Santander bank and I&#39;m not even a customer of them. In case it helps someone and you can close the web. Greetings https://t.co/PPlyaR5Yii",Your card has been blocked due to a suspicious charge made at 00:09 Open the page https: // fraudesantander.com to check your account charge,es,phishing-credit/debit card
EKnySiAUwAAVwZH.jpg,@TataCompanies got this SMS. Looks like spam and forgery. You may want to look into it. https://t.co/3xWCdTZZ9y,INTERVIEW : NOTICE You are Shortlisted For Interview In Tata Group Of Companies Ltd. For The Further Details Click : Here http://bit.ly/tatacomINTERVIEW,en,scam-other
Da9e5jSWkAA_rmL.jpg,"@ola_supports hi, I want to stop all the spam SMS from OLA; it's very frustrating. How could you help me here? https://t.co/dCAQ9FrdPe",Use code TUE50 & get Flat Rs 50 off on 2 cab rides except Ola Share . Valid in Bengaluru only for today . Book Now ! bit.ly/ C SMS,en,spam-promo
EaxtTVoVcAILcKF.jpg,Spam delay but ask for BGST sms payment !!!! https://t.co/Y56Pj2Eqe9,"(RPwallet) Congratulations! The loan has passed the check on June 18, 2020, kl! k link for ver ! advanced fiction bit.ly/2WrT6ad bit.ly/303YMKC",id,spam-loan
Eaju5spUMAEshBu.jpg,@aduanBRTI I receive a lot of spam sms https://t.co/bLrAcRmfb8,"ONLINE-based loan funds with 2% interest KSP SEJAHTERA BERSAMA provides, WA interest; 0831-3327-5009",id,spam-loan
Eive-CjWAAAJsEr.jpg,"It&#39;s great that @SNSbank sends me a text message with a link, so that I can renew my digipas. #texting fraud #phishing #scammersTacked https://t.co/PEEfz0zTBv","[ SNS Bank ] Dear customer , your SNS digipas is outdated . Request your new digipas completely free of charge via https: // www-snsbank.info/sns/inloggen",nl,phishing-account alarm
Es6PN8tWMAEjM-E.jpg,"Beware of such SMS. I just got one like this. When you click on the link, the cell phone becomes infected. #Malware #Spam https://t.co/9JQjzN5TWl",Your package has been sent. Please review and accept. http: //..duckdns.org,de,scam-delivery
D9-4uLOXoAIJa6e.jpg,"@ingnl hi! I just got this text message. Assume this is phishing, right? It doesn&#39;t look very professional, haha. But it&#39;s in my series of ING text messages with TAN codes and such, so that confuses me a bit. https://t.co/r8zu2yjl4m",Your ING has been placed in the quarantine zone and needs to be verified again . Prevent Blockade and follow the steps on: mijn.Ing-appactivatie.online,nl,scam-account alarm
Etxlj3UVoAI8cG-.jpg,"@KotakBankLtd  @KotakCares Even i don't have kotak bank credit card, I received sms regarding reward points.Please check looks like fraud message. https://t.co/uVL99sj48I",Dear customer your KOTAK credit card points worth INR 9870 expired by tomorrow . Kindly redeem your points in cash by click here www.rewardreedem.com,en,scam-credit/debit card
ENHIhecX0AEZIZb.jpg,"Fake @netflix website that ask for your credential at hxtp://185.163.47.190.
Vector: Spoofed SMS. #phishing #scam #netflix https://t.co/oQn02cjmfr",[ Netflix Support ] We fail to verify your information . Please visit N ° http : // . 185.163.47.190 to enter your payment information again or to use a different payment method .,en,phishing-account alarm
Eqa2jK5XYAAspk4.jpg,Hello @santanderchile I report #phishing by SMS received yesterday. Greetings https://t.co/7Qw80uER5E,SANTANDER: For security reasons we block your credit card. Verify your account to activate access: https: // onlinesanta sms.website/?sms=santander,es,phishing-credit/debit card
Dv85jPgUwAAfffA.jpg,@SynergyEnergy SCAM SMS text messages (see screen shot) being sent in Synergy name about fake overdue energy bills? I definitely DO NOT have an account with Synergy. I would alert @acccgovau but they won’t do anything. #energybillscam https://t.co/7R4y84fVkJ,"Text Message Thu , 13 Dec , 4:00 pm  Hi , your account is due in 3 business days , visit synergy.net.au/paybill use payment number 5196139318 to make payment , or call I 1300 014 328 for assistance",en,scam-account alarm
EfM4g1gUwAI4oBy.jpg,Please help to report spam sms like this. Very annoying. #storyjenius https://t.co/fqSEb1msvA,Ass wr.wb.... good afternoon? to brothers (i) our cooperative offers a minimum loan of 5 million - 500 million interest 2 percent fast process for more info chat WhatsApp: 082398760371,id,spam-loan
ENg6HJBUwAAJ8j5.jpg,Beware of paytm sms fraud. This guy tried to get access of my details. Request cyber cell to take a note. His phone number is mentioned. https://t.co/fFachjUmgZ,Dear Paytm customer your Paytm KYC has expire today immediately please contact customer care 8789329514 immediately your Paytm account block 24hrs THANKS paytm,en,scam-account alarm
EN6X0h3VUAE9AB5.jpg,sms spam min aduanBRTI https://t.co/RDynWxihsg,"Hello friends, want to share info, the most complete place to learn digital business in Indonesia, want?? immediately click http://bit.ly/traingiterbaik Good luck",id,spam-promo
EsQLDLSVgAEJvMb.jpg,"Recently #Cambodia mobile subscribers has recieved text sms to verify their bank accont. The sites are in the sms are reported  #phishing sites. Last week, 5 ppl reported lost of thousands of $$$ and 3 arrested. https://t.co/U2vh3vaDtS","Your Canadia account has been logged in . To protect your rights , please verify to update the access device https://www.canadiad.com/",en,phishing-account alarm
EVoOnlFUUAE7YHx.jpg,Sms spam already cares about humanity now~ https://t.co/yCRGDv8aC1,protect your family from the corona virus Sensi mask Anti corona virus Price 1box Rp. 50k 1dus 1.5 million How to order Chat via Wa: 0823-4657-2385,id,spam-promo
E0IMFvRUYAAnASE.jpg,"Not even 24 hours of registering at #CoWin and I get this spam SMS. Coincidence?

PS: I have full DND active, and I do not usually get a lot of these texts.

CC: @anivar, @logic https://t.co/EtMB9CqaE3",stay prepared for emergencies with up to Rs . 200000 from Money Tap . Get your pre - approved Credit Line here : mntp.in/PAPD2,en,spam-promo
ExV2sTHWYAQhwTF.jpg,#SMS # Fraudsters the new scam of #Telefon # Fraudsters from the colorful wide #World 🤮 #SPAM Look for a #hobby you howler #telekom #vodafone # o2 #telefonica # 015758556572 # 0176427773340 illegal #advertising #bammers also carries the #Provider the responsibility https://t.co/EVe7K0qpfx,"Your package arrives, can you track it here: http: // zaraa.mn/track/? nlrifOo2ebu",de,scam-delivery
Efxr8d1U8AEdi6j.jpg,"Getting spam on SMS is normal, only this time it&#39;s on Whatsapp https://t.co/EN41JYw4NG","Messages to this chat and calls are now secured with end - to - end encryption . Tap for  I don't bring you a million dollars , but I can help you earn Rp . 1,000,000 to 2,000,000 in 24 hours , but you will pay me 20 % of your profits after you receive the first payment of your profit when you receive it . ASK ME How or message me on WhatsApp +6283103305270 For join , Just save contact and click on the link below  http://WA.ME/6283103305270",en,spam-other
EUCceIIXQAUOdei.jpg,"I just received this #SMS. I know it is a case of #phishing, but surely there is someone who itches. I also don&#39;t know how they found my phone number. @bancosantander @policia @GDTGuardiaCivil https://t.co/bVeSKqRuwP","Your Santander account has been temporarily blocked for security reasons, to activate it you can access safely from: https://t.co/uNgMxADEBE",es,phishing-account alarm
DfzbPx4X4AE-gb5.jpg,@KotakBankLtd scam for sharing bank account details through sms please take immediate action https://t.co/A4TSMqy46X,Dear customer your KOTAK BANK Debit Card points worth Rs 6897 expired by 16/06/2018 . Kindly convert your points into cash by click here http://shoppepay.in/,en,scam-credit/debit card
EdhbABoUYAAfgUL.jpg,"@aduanBRTI afternoon sir.. want to complain about sms scam. Please take action, sir. Thanks a lot! Stay safe 🙏🏼 https://t.co/qKzWERvx4e","Your SIM CARD gets Rp. 175,000,000 Shopee poliday 7.7 PIN ( JZK2B59 ) Info click on the link: s.id/info-shopeeid",id,scam-prize
EgfVzjeUwAA7xQ7.jpg,"⚠️ #Phishing Alert ⚠️ Different fraudulent SMS are being sent with prizes sent on behalf of MediaMarkt. We never ask for secret keys or bank information by email or SMS. NEVER give your data to unofficial websites and if you have any questions, ask us. https://t.co/z14bgwKDXL",Please confirm your credentials for delivery today otherwise your package will be returned to sender: http://yw9.nl/ Sent from the internet,es,scam-delivery
EC39gKPWwAAhCDR.jpg,@VinoteketSE I do not know how many times I have tried to unregister - like damn you continue to send me advertising - spam that I did not even ask to receive. (Who even sends advertising via text message?) Https://t.co/CV6NztBG9T,This year&#39;s barbecue season is far from over! The perfect BBQ wines with free shipping all the way home to the door are here: bit.ly/ 20Vmcy5,sv,spam-promo
ECovQyUU4AI2RvB.jpg,⁦@VodafoneIN⁩ new spammer. I never ever dealt with these *+#%+**$ &amp; yet they are spamming on my Zero DNC number ⁦@DoT_India⁩ ⁦@Secretary_DoT⁩ ⁦@Dev_Fadnavis⁩ https://t.co/rs1IBUFd7r,"Kalyan ? s best 1BHK : prices rise by 3.2L after Sunday Jackpot opportunity : Smart 1 & 2BHK pwrd by Jio Fiber , 29.9L + raunakurbancentre.in Call02268504222 RERARg T & C",en,spam-promo
ENp5vpGVAAApmZS.jpg,@aduanBRTI please follow up on the following spam sms. I take it seriously because I know my data. https://t.co/tkJpu1AOEA,"sapta, last Sunday I met you on the street, you don&#39;t know me, take a look at my photo chat-v.com/s/970033",id,spam-other
E3at1cjVgAIMO-z.jpg,@Cyberdost @MahaCyber1  Pls check this fraud SMS. Thank you. https://t.co/oTdLOUyC7Y,"Your Paytm amount Rs . 34,939 is credited to 9757464456 Download and Register now d1m.in/qprxmn",en,scam-financial
EDMmq_nUcAALs9R.jpg,Are we talking about your SMS spam @Caisse_Epargne? https://t.co/i5IA6VoPSk,"Hello, In order to give you additional advantages on your bank card, I will contact you shortly. Your Caisse d&#39;Epargne STOP advisor on 38008",fr,spam-promo
DwTbIzVVsAAdS5e.jpg,@aduanBRTI @CCICPolri Please act on the spam/broadcast sms number: +6285223946865. And the site: https://t.co/oJbD6oxpuH. I never gave them my phone number. Very annoying! https://t.co/QNagbOLbbo,"Congratulations to the owner of No. 08138XXXXX. Your number was chosen as the 4th winner with pin code (ijh76k79) for info, check your pin at: www.gebyarmkios 201 9.blogspot.com",id,scam-prize
EVVjZ-FWoAASXHW.jpg,"@Belastingdienst for your information: just received a phishing sms, of course not kicked in. https://t.co/fCI4gSpJhn","[ Tax authorities ] Your outstanding debt of EUR € 471.00 with reference : B1391213 has not been paid after several reminders . On April 12 , the bailiff will proceed with a prejudgment attachment . You can prevent the attachment procedure by immediately paying the entire amount via iDeal: https://is.gd/8JN009",nl,scam-tax
EHLw4qPWsAAN2gl.jpg,Robospam sms political solicitations seem like they shouldn't be allowed. Spam emails are bad enough. https://t.co/s3ncpmpKaP,"Hi , this is Donald Trump Jr. The Democrats are obsessed with impeaching my father . We CAN'T let them succeed . Take a stand NOW : givered.co/?Standwith Don",en,spam-vote
E498VbiVoAAUvKL.jpg,"@AXISgsm Min, I&#39;m using my number from 2019 only for calls and SMS. Can you stop sending SMS every day? Kzl also spams for a long time https://t.co/ExwN4ttSMo","( AXIS ) Yes, your internet package quota has been used up. It&#39;s time for you to activate the internet package again! Come check out the AXIS Internet package PROMO, click: http://kuota.axisnet.id Info838",id,spam-promo
EfYdBfMUMAEs5yx.jpg,"The more you come here, the more insecure and comfortable you get with getting spam sms like this. @Telkomsel https://t.co/iVmmaogphU","Ass, kmi Offer LOAN fast &amp; easy process whatsapp 088705514177",ms,spam-loan
EoyM7IbUUAAT0bW.jpg,"@reliancejio @JioCare 

Received the sms but the number not linked with my family member, please check  might be that is a fraud. 

They are not responding over call. https://t.co/oWh7DiweMC","Your family member's Jio plan has expired . To continue their services , recharge 6209575601 on Paytm with Rs.199 plan , New User code : JIO50 to get flat Rs50 cashback & Existing user code : JIO150 to get 3 vouchers of upto Rs50 each . T & CA . Recharge Now https://p.paytm.me/xCTH/JIO150S",en,scam-financial
EIRsKpjXsAAr0M3.jpg,"I'm lucky
$65,000 via email in 2 days !
#sms #scam #ScamAlert https://t.co/aIvEVRpyXk","We have $ 25,000 transaction on your name . Check here http://bit.ly/Transfer-Money",en,scam-financial
EwBH_OyVIAQUFwP.jpg,Hey @MyMaybank seems like you got some trouble ahead of ya! Got this sms with a phishing link! https://t.co/XOsIpzwdIH,"RM0.00 M2U : Dear M2U users , your account has been suspended . Log on to www.maybnaks.online to complete the validation process . Please make verification in the next 24 hours to avoid service interruption .",en,phishing-account alarm
EhpsUKOWsAEVeHB.jpg,"@Rabobank I receive text messages about a rabo scanner update, looks like spam (I don&#39;t have an account with the rabo bank). Maybe you can do something with it. https://t.co/4v2odoIIwp",[ Rabobank ] : Your Rabo scanner is outdated . Check your scanner and perform the updates via : https : // rabo scanner.info/Rabobank/inloggen,nl,scam-account alarm
EI2yxzcWkAYwHzv.jpg,⁦@TheOfficialSBI⁩ ⁦@TRAI⁩ ⁦@rssharma3⁩  -  phishing spam? Why do you allow such SMS handles? How does a user block it? What are you doing? Innocent people will potentially get ripped https://t.co/SmVBy9bdrz,SBI..CUSTOMER YOUR SBI..SAVING ACCOUNT & DEBIT CARD WILL BE TEMPORARY BLOCKED ON 09/11/2019 BECAUSE DUE TO INCOMPLETE KYC..IN YOUR BANK ACCOUNT TO REACTIVATE YOUR BANK ACCOUNT & DEBIT CARD KINDLY PLEASE UPDATE YOUR FULL KYC..IN YOUR BANK ACCOUNT IMMEDIATELY VISITING BELOW THE LINK https : // docs.google.com/forms/d/e/ 1FAIpQLSd2G1gIdERRSDsh WpJrMKgmeX5G VFOCqDVD4c37NhyoN5RW g / viewform,en,scam-account alarm
DoAAJcSW0AIo8lm.jpg,@BBVAresponds hello! I just received this text. Is it some kind of spam? Thanks!! https://t.co/b3eLE9At7q,"BBVA: 5000.00 Euro Payment pending. To receive, please confirm your details: https://bit.ly/2DtmgPT",es,scam-financial
EG6Oq5pUcAAECkY.jpg,@DGPMaharashtra @MahaCyber1 I received the sms from this number.... new fraud typo.... https://t.co/cUJj4vKoAk,"DEAR WHATSAPP USER , YOUR WHATSAPP NO HAS WON RS . 2 CR 75 LAKH IN THE WHATSAPP GLOBAL AWARD 2019. FOR CLAIM , SEND NAME : ADD : MOBILE NO : AGE : JOB : TO : rbi@erbibn.org.in",en,scam-prize
D4bStqrU0AAdt6B.jpg,"@idea_cares may i know who is the sender of this SMS. Also I would appreciate if you can share the operators name and circle from which this premium sms originated, also the IP Address if the originating computer. @trai #SpamShame #fraud #telecaller #marketing https://t.co/n3O9htFliX",3 IN 1 PLAN Invest Rs . 4K PM and enjoy benefits like : 1. Maturity of Rs.53 Lac 2. Whole Life Cover of Rs . 12 Lac 3. Pension 30K PM Click bitlyk.com/50ffau81088,en,spam-promo
EiMagBSU0AA9rFc.jpg,Scam by @Lendingkart  giving wrong information on sms to lure user and their details ! Note with  P.M Mudra Yojana you can only get max Ra 10 Lakh Loan ! @RBI @TOIMumbai https://t.co/TQToYrnRnY,"Dear Customer , Rs . 2 CRORE Loan Amount Can be Credited in Your A / C under ( P.M MUDRA Yojana ) without any Documentation . Submit Details txt1.in/ HqQ / Odd1fKW",en,scam-financial
D-9E0nQUYAEkTvq.jpg,@IndosatCare This is also min @IndosatCare Every day I receive spam sms from a different number https://t.co/GV4dJ66SPH,"you ? If yes , immediately HUB * 123 * 514 * 46 # to get a bonus prize of IDR 50,000 credit , HUB * 123 * 514 * 46 # Now !",id,spam-promo
ExqOBw0XMAMiEaY.jpg,#framing #phishing #privacy today I get a fake text message to link my digi d so I reported. Only the 06 number of the person who sent this I can&#39;t pass on because of the law on privacy!!!! Don&#39;t get crazier but won&#39;t share it of course 😇 https://t.co/qsmrHQlYaV,[ DigiD ] : You will receive a refund of € 684.79 euros. Request your refund now via: s.id/Berichten-DigiD,nl,scam-financial
EoQhvC1WEAAsNr-.jpg,"@LloydsBank hi, my husband has just received this sms, we assumed it’s phishing scam?..so didn’t click on the link. Anything else we should do? https://t.co/IX04kOwDw8","LLOYDS BANK : An attempt to pair your account on to a new device was made . if this WASN'T you , visit : help.device - secure - new auth.com",en,phishing-account alarm
ErEiT89XcAYwfsa.jpg,@GOVUK is this a scam message that I have received #SCAM #UKGov #SMS #spam https://t.co/MDQ9oR8PIC,"UK_Gov : In order to use Government Gateway Services , we require further verification as you may not have verified your account with us . https://utr.gov.uk.ref03.ga/ UK_Gov",en,scam-account alarm
EDcRACbUEAAVQTO.jpg,"@nsitharaman @rsprasad @FinMinIndia  Ji People may lose their bank info. Please act on stopping this spam SMS asap
All fake sites originating from RUSSIA https://t.co/Jsd1jYTGs3","the Incometax_Department requires you to click the link below to submit a formal request for the payment of your unclaimed and overdue tax refund of 19,150INR . http : // 5.196.115.231/ITRefund",en,scam-tax
EfsBzE0XgAAOc8r.jpg,"Dear @Rabobank, just received a #phishing text message from the 06 number below, can you or the @police do something with this? Can imagine people falling for this... https://t.co/iFdVIUo2oi","Rabobank : Dear customer , your debit card is outdated . Request your new debit card completely free of charge before August 20 via: https: // lihi1.cc/13Dbo",nl,phishing-credit/debit card
D_nLXXOXkAA4KoT.jpg,Phishing via SMS. That&#39;s something else. #oldschool #phishing @Rabobank https://t.co/kTl1mHqMQ7,Rabobank : Your debit card will expire on 19-07-2019 . Replace your current debit card free of charge via: split.to/new debit card,nl,phishing-credit/debit card
EnnV6IRXYAIgHo4.jpg,@LloydsBank got a phishing SMS https://t.co/oQjuPwNpfx,"LLOYDS : A new payee has been au thorised on 24/11/2020 at 20:05 . If you DO NOT recognise this , please visit : https://verify-device.help",en,phishing-account alarm
D2o0c9KVYAAuBps.jpg,@JioCare Received another SPAM SMS from a different number today. @TRAI @DoT_India https://t.co/agtvYZjfjO,Hi Election special 1 Lac sms @ 4999 1 Lac voice call @ 7999 1 Lac bulk WhatsApp @ 7999 IVR @ 6999 Data free Website free Call @ 7065680680 Clik @ bit.ly/2LkgXAL,en,spam-promo
DYZOS_KVwAITBQh.jpg,Sorry #ADT but I do not recall giving @ADT PERMISSION to spam me!! You will be registered to a porn site for every unsolicited sms I receive #notospam #notacceptable #spam https://t.co/kjdwPBgX20,"Control your security with Fidelity ADT'S SecureHome mobile App PLUS FREE rental alarm worth R6,500 . Reply A for info , C to opt out . Fidelity ADT Auth Dealer",en,spam-promo
ET0Go-QXgAIwkFy.jpg,"Dear @O2 - I know this isn’t you, but for your awareness someone’s trying to pretend they are! #Phishing #SMS https://t.co/SSDnUL3dxf","02 : We were unable to process your latest bill . In order to avoid fees , please update your payment information via : https://o2.uk.bill337.com/ ? 02 = 2",en,scam-account alarm
EySTBGMW8AITvwx.jpg,"#bahrain Dear All, Reporting another fraud. An SMS comes as CPR expired in the #BenefitPay system with a link. Once the link is clicked, it takes to the fraudsters’ portal where they ask to enter confidential information. @TRABahrain People in #bahrain please be very careful. https://t.co/6igtrYhPcc",Your CPR has been expired from the BenefitPay record So please update your CPR again immediately in your BenefitPay Account click here http://bit.ly/3fH5Xk1,en,phishing-account alarm
DulmaQbU8AA--76.jpg,Min @aduanBRTI sms spam this morning... https://t.co/RldM7IWOCF,&quot; OFFICIAL MESSAGE &quot; Congratulations . !! You are the winner of LAZADA MILLIONAIRE 2nd prize Rp.,id,scam-prize
ElEtM5OVkAUe4fL.jpg,@amazonIN @AmazonHelp  this seems to be a scam to lure Amazon customers. have enclosed the website and sms screen shots claiming to give me 12.60 lacs or a car for sharing my banking details. Hope Amazon will take action. Did a data vreach leak of my number occur on your site? https://t.co/6PteBiYnHl,Congratulations you have become a winner in the 1 st prize by Amazon company this valid for 1 day . Contact +917003207129 t & C onlineluckyshoppingdraw.in,en,scam-prize
DYtCjXlU8AEAgnA.jpg,"@kemkominfo @KIPusat In a week, you get quite a lot of spam sms.... how about the confidentiality of our data and numbers? It&#39;s also useless to re-register, it doesn&#39;t work https://t.co/c0Avmtod6p",Congratulations to you SIM CARD owners 08121062xxxx M - get a GIFT Cash Check Rp. 75jt From PT.M - KIOS PIN . ( 5N939F7 ) U / Information Click on undian-isiulang.net,id,scam-prize
D8XXjICUcAANrlO.jpg,"@aduanBRTI, please report this, it&#39;s been 3 days in spam sms like this continuously. Very annoying. Please block me. https://t.co/F7vwr8wQVr","easy to borrow, keh1dupafn yaung 1eb1h balk, k11k: http://bit.ly/2w710DW",ms,spam-loan
EvuIFBvVoAIxy1h.jpg,Rupa2 no spam sms teh :( https://t.co/4AUdB6lYhL,I am a Tkw / Migrant Worker in Debt Receivable Assistance by Kyai H.Yusuf My debt is paid off All Islamic Pesugihan Tampa Tumbal Wa: 081543154727,id,spam-other
EDTYK4eXoAEKeZm.jpg,"@bunq 
I just received this phishing SMS 
Please forward to your cybersecurity department. https://t.co/3RTjZq2sn5",[ BUNQ ] : We have placed your account in the &quot; quarantine zone &quot; . You must confirm your device before 02-09 to avoid blocking : s93.top/BUNQ,nl,phishing-account alarm
DfPUAxMWsAAZ2z7.jpg,.@HMRCcustomers Received this #phishing text this morning. I've reported it as a #scam text as it doeant appear to be an official @DVLAgovuk SMS. The https:// address shows as DVLA . Co . UK not Gov . UK and DVLA don't send SMS with links for refunds. https://t.co/d54fjLbe27,We would like to notify you that you have an outstanding vehicle tax refund of £ 104 from an overpayment . https : //dvla.co.uk.vehicle-tax-refunds .org / dvl,en,scam-tax
D-h5v-sUcAAx6b8.jpg,Want to report spam sms @aduanBRTI https://t.co/rdZNQttIlW,"[ Reliable Finance ) With Car / Truck BPKB Easy, Fast Can Over Rate 0,8% / month Call.Yanti : 081290733338 087877277770",id,spam-loan
Enm7XmEW8AI0XeH.jpg,@Vodacom111 please look at this SMS I received today. Looks very much like #phishing to me. Is this legit from @Vodacom? https://t.co/3MFEPjDFaE,"Hi , I am TOBI from Vodacom . Your Acc 1146 is due on 2020/12/01 for R. 42 . To pay or manage your account , reply ACC or use WhatsApp , click https : // wa .me / 27820098624 / ? text = manageaccounts . Stay Safe . Vodacom",en,phishing-account alarm
EF83IP3UwAAWNly.jpg,@SBICard_Connect Received this SMS which asked me to redeem my reward points. Redirected to a site which asked for my CVV and complete card number. Beware of this fraud!! https://t.co/Mk96SjaZTo,Dear customer your SBI credit card reward points worth INR 9540 expired by tomorrow . Kindly redeem your points in cash by click here https://bit.ly/ 2nbPmvP,en,scam-credit/debit card
EU0IOiJUwAImSfz.jpg,"@Paytm @vijayshekhar I got Fake  Random SMS of Paytm  KYC  , can Paytm investigate this number !?? It's fraud number. https://t.co/JF77TotlOc",Dear Customer Your PTM eKYC has been expire today please call customer care no 8101656692 immediately your PT M account Blocked 24hrs THANK YOU,en,scam-account alarm
EjOXrnxUwAI6NH8.jpg,"@aduanBRTI @Telkomsel Good afternoon, want to report disturbing spam sms https://t.co/Gp4vmpcESm","BOSQQQ Congratulations to you for being selected as the winner of the 50 million giveaway, please chat with the Baim Paula team for the management of the prize wa; 085212452087",id,scam-prize
ENVrX4UVUAAq_gh.jpg,"@Paytm @Paytmcare received this SMS today.
I know it's a scam.
Please find out and complaint against them. https://t.co/ROVk1zSkZJ","Dear Customer Your _paytm_ Wallet Has been Blocked and Hold Your Amount Please Complete Your _paytm_ KYC_ Contact Customer Care , 6289951499  This message is sent from an unknown number .",en,scam-account alarm
D0RP9QaWkAArPmX.jpg,Hey @NatWesthelp some vaguely credible SMS phishing for you. https://t.co/GuE2B25wFB,"NatWest disabled your Online Banking temporarily due to unusual activities , please restore it via https://nwoolb.online to secure your account .",en,phishing-account alarm
EDD-pZ-XYAI5fJ5.jpg,"Please note that there is another #phishing SMS, supposedly in the name of @knab_nl, in circulation. Again a sophisticated way of scamming. Don&#39;t fall for it, don&#39;t click on the link and delete the SMS! #fraud #fraud #texting https://t.co/PWzD9cV6de",[ KNAB ] : A 3rd party has submitted a digital authorization to periodically debit 1325.94 from your account . Pay attention ! Isn&#39;t this right? Then you can refuse the direct debit here: g27.top/KNAB,nl,phishing-financial
DvpMkMdU8AEPUwi.jpg,@aduanBRTI @Telkomsel sms Spam fraud please take action https://t.co/oJAKgPY280,"I&#39;m REZKY in BRUNAI looking for someone who can take care of my trust so I can send my finances 9.9 billion for the future in Indonesia, if you want to help, sms me. 085298472047",id,scam-financial
EO85BcWU0AAXDvy.png,🚨 SCAM ALERT 🚨 Watch out for a new SMS #scam asking for your bank details on a fake @myGovau website. Don’t click any links – even if it looks legit! Learn more @ https://t.co/wnXVHiqGZ2 https://t.co/FoQ4d4CE5p,We've noticed you have a positive balance 320.7 AUD from last financial years . Please verify your information to receive the funds myatoservice.com/3/?ID=,en,scam-financial
DxAv0gKVYAAEfr4.jpg,@aduanBRTI @aduankonten @ojkindonesia Please take action against spreading #sms #spam Attached loan from No. #6285281404543 sent to No. @kartuHalo my date. 26 Dec 18. Thank you https://t.co/7rskiuz50j,"Dear Customer do! get 1 million rupiah. If your loan is successful , you will be free forever , Click and to download it ! 1 . app.appsflyer.com/com.easyuang ? pid = gopinjama1 2. http://t.cn/E4MLmls 3. go.onelink.me/r5aa/fdf6adf1 For more info, contact WA 08190754549",id,spam-loan
DmozbwaV4AAm13Y.jpg,"@Telkomsel @simPATI @ojkindonesia @kemkominfo when registering a number does not rule out the possibility of fraudulent modes. ----- Dear @Telkomsel, my telkomsel number is only for calls and sms, but why is it spamming the promo first. My number is not free social media like facebook or twitter https://t.co/hscw3Nt3T1","Gebyar Whatsapp, you were chosen as the best Pln 2018 with (PIN 12844254) for info",id,scam-prize
EyDiBzIWgAADa9Z.jpg,"@rafarodrih It was SMS and as it&#39;s written like that, it&#39;s a scam https://t.co/fG7FCVRSPl","Hello , Your delivery is being held at the distribution center . Visit the system to receive your order: http://ubotej.co/PwXY02c",pt,scam-delivery
EmknmDSXMAA9Gy-.jpg,Received a fake text message from the so-called tax authorities. Don&#39;t fall for this! #phishing . See also https://t.co/muUVa21Mrp https://t.co/A9uWRGEHyI,"[ TAX AUTHORITY ] Your outstanding debt of EUR € 687.02 with reference : DG - 4143 has not yet been paid after several reminders . On November 12, 2020, the bailiff will proceed with a prejudgment attachment. You can avoid the attachment procedure by immediately paying the entire amount via iDEAL: https: // payment request .rabobank.nl / payment request / ? id = y57H -YMsSzaomSCZNluspw",nl,scam-tax
ExLlfRSVoAMHg-V.jpg,"Ooh, I got a Royal Mail scam SMS, my FOMO is assuaged. :&gt; https://t.co/ClLmJzTwzB",Royal Mail : Your package is waiting for delivery . Please confirm the settlement of £ 1.99 on the following link : https : // royal - mail -parcel7386.com/,en,scam-delivery
E2UX3vhUUAQlJlo.jpg,"@MahaCyber1 I have received a SMS starting won amount via Gpay.  It is a fraud, asking to click a link to open Gpay/BHIM and send money.

I have captured name &amp;  account details of person, wanted to know where and how can I file a cyberfraud complaint? https://t.co/RXjv7sCsYs",You've have won 1500rs Google Pay Reward . Click now to get Reward . https://gppay.live/ewa,en,scam-prize
EFJd-00UEAA5i0t.jpg,"Want to report spam SMS, very annoying @aduanBRTI @aduankonten @Telkomsel https://t.co/l1Zw5vcTzh","Capital of IDR 42,000 to become a dealer and win MILLIONS of RUPIAH in Ceme Games at JAYAPOKER http://103.10.200.41 / and Play Sydney &amp; Big-Two, Domino-QQ Togel.",id,spam-gamble
Dx03mlmUwAERNTA.jpg,@aduanBRTI Sms spam/fraud during this month of January: https://t.co/8HiOy7cFlf,"Wednesday, Jan 9.4: 40 PM Customer 082233362979, You Get +1000 Credit Coins &amp; Unlimited Chat Packages, you know. Why hasn&#39;t it been taken yet? Call * 500 * 42 # and choose 1 to take, you can exchange credit.",id,spam-promo
EITUrmYXsAAYFkr.jpg,"Scam email via SMS, nice! https://t.co/FFZydvuAQO",You have a pending Tax Refund from your council . To proceed with your application please complete your form via www.citycounciilii.com,en,scam-tax
EYjBRNNXYAAx_jx.jpg,I just received this message by SMS. Do you smell it? Do you get that rich aroma of phishing? @policia @Correos https://t.co/uV48za10ZR,Your package is waiting for delivery. Confirm the payment (2.99EUROS) in the following link https://es-areacorreoslogin.com CORREOS,es,scam-delivery
EKSlOjRU0AEdrmr.png,4-frame cartoon yan #Phishing #Phishing #Fukuoka Bank #SMS https://t.co/humKphEuhF,[Bank of Fukuoka] Information on convenient free loans. Application is completed on the Web https: // www.fukuokabank.co.jp/lp/fl? Sid% 3D,ja,spam-loan
E3-vARyUcAEvRjt.jpg,Beware of phishing / #SMS #fraud. Received this today and not falling for it. But just imagine what it would do to gullible consumers. @MumbaiPolice please take action @JioCare Such unsolicited messages should be stopped at the source itself. Don't you agree ? #TRAI https://t.co/RqKr13MnnN,Dear customer your account has been blocked due to KYC Update within 24 hour . Please contact customer care 7866867158 to continue your service.Thank you,en,phishing-account alarm
EdmO6TXX0AA1Ypr.jpg,"@Belfius FYI, phishing SMS received. You can submit a complaint based on telephone number. https://t.co/rxFVmdBX51",BELFIUS : unusual activities have been detected on your account . Verify yourself via https : // belfius.deblokkadedesk.info and avoid blocking .,nl,phishing-account alarm
El3E-q7U4AEFs1W.jpg,"Sms fraud and spam, ask for help to be processed @aduanBRTI, thank you. https://t.co/JJdpApQoZQ",KPD.YTH BPK / MOM OFFICIAL MESSAGE NEED BUSINESS MODES GUARANTEE KTP AND KK INTEREST 4 % CPAT PROCESS MIN 5 MILLION - 500 MILLION INTEREST WHATSAPP +6285253830828,id,spam-loan
DzomWTuX0AA0xWO.jpg,"Man man man, now also phishing texts... pffff @Rabobank @danielverlaan #laatjeniethackmaken https://t.co/q3IUcK7HGJ",Apply for your new Rabobank debit card and prevent your current debit card from being blocked via the Rabobank website: X.co/,nl,phishing-credit/debit card
DSx_gxDW0AA_mN0.jpg,Dagens #phishing-sms. Varning! Todays phishing-txt. Don’t be fooled https://t.co/sg7eC9SObj,Warning! Your Spotify account has expired. Activate 6 months Spotify Premium Now! Click here :,sv,phishing-account alarm
Ejjuzk4XcAAs0qu.jpg,False SMS in the name of @Belastingdienst Don&#39;t fall for it: the Tax and Customs Administration NEVER communicates about payment requests by SMS. Share the knowledge with your environment! Wake up together against internet thieves! #fraud #text #phishing https://t.co/T8PWfwFPgI,"( TAX SERVICE ALERT ] Your outstanding debt with reference : H971 has not been paid after several reminders. On Tuesday, October 6, 2020, the bailiff will proceed to prejudgment attachment on your household effects. You can prevent the attachment procedure by immediately paying the entire amount via your payment link : Feature-H971.nl",nl,scam-tax
EVFthjzU0AEOiZU.png,"#COVID19PT A new #phishing campaign is sending fraudulent SMS on behalf of @SNS_Portugal Don&#39;t click on the link, and share this information. https://t.co/8TzLRc0XKp","Wednesday April 8, 2020 Rosa take COVID19 SNS test, confirm your zip code. Your health first : promosms.eu/ Ip20 / 910925050 / Covid19",pt,scam-covid
DeRKhiyUwAETGsO.jpg,It’s stupid on behalf of @ZomatoIN to allow restaurants with phone numbers - I get spam sms everyday by these restaurants that I referred via them ! https://t.co/lw3x0oEeW2,"Dear , you have 200 Points left in your Biryani By Kilo account . Redeem them @ bit.ly/ BBKorder or on APP : bit.ly/ BBKapp STOP : http://lmty.io/2J4ia3",en,spam-promo
D4e4BZDUEAAKxMU.jpg,@kemkominfo it says register a cellphone number to reduce spam sms. I can receive this 10x a week. What are you guys doing? Just block porn websites? https://t.co/5YTh6hkNTj,serving fast 5-500JT loans throughout Indonesia without collateral PT GUNA PRIMA DANA wa.082190959354,id,spam-loan
EClVRCJXUAULOKW.jpg,@ingnl phishing attempt via SMS. Are you taking action? https://t.co/dJKbFxcF4M,"ING : Dear ING customer , Download the new ING app with renewed certificates now and make the most of it . Log in to My ING and follow the steps linksplit.io/app-ing",nl,phishing-account alarm
DnX4BEsWsAEVjqM.jpg,Just received this spam sms - baffled https://t.co/wxMpSa0lJm,"You can help to clarify the truth ! Telepathic transmission of information , is it possible ? 2nd Global Experiment PYRAMID , join free : https://allatra.tv/en/znaki 12:21",en,spam-other
EDOQQ0PWsAADaMc.jpg,Yesterday I received a fake SMS #smishing scam spoofing as IRS. The SMS informs the victim about an outstanding debt and entices them to click on a malicious link. If received DO NOT FOLLOW SMS LINKS + Inform @Belastingdienst https://t.co/KjauWaRyAp,Tax authorities: Your outstanding debt with reference B901462 has not been paid after several reminders. Prevent confiscation and pay via: tiny.cc/B901462,nl,scam-tax
DwYX2W2XgAEbuI1.jpg,@Darty_Officiel @Darty_SAV fucking piss me off delete my phone number !! Someone is using it at your place and I find myself spamming text messages even though I have never bought anything from you !! https://t.co/ETvQyU82N6,"Darty Card Expenses: E 160.00 withdrawn in cash by default. For another choice of reimbursement, answer YES to this SMS before 01/14",fr,scam-financial
D5YnWNHWsAAbt2r.jpg,Phishing SMS in progress… How can I report it? https://t.co/r0A9ZOfVVC,Order FR18716159 Delivery failure We have tried to deliver your package without success Please re - confirm your address: http: // 5ga.us/3UyPhE,fr,scam-delivery
ETswLX6UMAApE9D.jpg,"@Bajajfinserv3 @RBI @rblbank please stop this scam sms, this was sent to my mobile number for bajaj Finserv super card, its official sms too
Sms : Incoming transaction pending https://t.co/u004W9vp23 https://t.co/tl2ZEi2PF7","Hi ESAKKI RAJA , need help in reading the monthly statement of your Bajaj Finserv RBL Bank SuperCard ( XX8147 ) ? Chat with Ria to understand the important details mentioned in your statement , click http://bit.ly/2NXN78 ) .",en,spam-promo
D9M5EDhVAAAHHP-.jpg,"State Bank of India, @TheOfficialSBI are you aware of this “credit card points” scam doing the rounds in your name? Fake SMS, fake website and fake numbers. What are you doing about it?
See attached screenshots. I got this as an SMS today.
#sbiscam 
@RBI https://t.co/zNpfCOSfxd",Dear customer your SBI card points worth INR 6372 expired by today . Kindly redeem your points in cash by clicking here http : // cardssbi.com/,en,scam-credit/debit card
EnpzcwcUcAAM-Ya.jpg,@TheOfficialSBI Be Aware Of New Type of Netbanking Fraud By Sms of Netbanking... https://t.co/pt8vxvd9FY,SBI : Your Account Is Locked . Please Go To https://s.id/vutvy To Unlock .,en,phishing-account alarm
DvA36a2UcAIYNz9.jpg,"@aduanBRTI I attached a spam sms, please take action by blocking and turning off the number https://t.co/oyFICb6wdG","the loan you apply for, it only takes a few steps, the money will be disbursed instantly! Come on kilk1 go.onelink.me/ app / 58792d 2 t.cn/EUITKOd 3 go.onelink.me/c3B9/db231e83 4 t.cn/ EUJCK5x 5 app.adjust.com/sk7b80h 6 j.mp/2EnO8ne 7 t. cn/EUJmYbQ More info, Call WA 087885090885",id,spam-loan
EbSPWI0XQAM8b2z.jpg,@ingnl #phishing via #sms @police https://t.co/CehM2QIu2m,"Your ING Banking App expires on 25/06/2020 ( 03:52 ) To continue using this service, you can update your registration via: inlog-Ing.nl",nl,phishing-account alarm
ES-f9HQUUAALmJV.jpg,"@JioCare @reliancejio , Please take a strong steps against this fake/spam sms sender. This may dangerous for coustomers and may loss of money. @DoT_India https://t.co/i9H7Wyes6z",GOOD NEWS Jio has Announced today to give 25GB data with free calls daily for 6 - Months Download to activate offer  Link : http://tiny.cc/MY-JIO-4G,en,scam-other
EAtQ8G9UwAAQulI.jpg,"Starting today, I want to most spam SMS that come into my cellphone every day (if I have time). I installed 2 operators, namely @Telkomsel and @smartfrenworld. Interestingly, Telkomsel numbers have become a field for SMS spam, while Smartfren is zero. This Smartfren is cool. https://t.co/8cQiVS8lB6",ONLINE FUND LOAN SERVICE throughout Indonesia from 10 to 300 million how to apply wa: 082195435089,id,spam-loan
E30jRXAVoAA5iqP.jpg,"@hydcitypolice @cyberabadpolice 

Sir Now a days Sim Activation Scam is being operated from New Delhi. Please create awareness.
Steps Spammer Follows : 
1. victim Receive sms
2. Provides a number to call back
3. Spammer receive call ask user to install app

#Beaware https://t.co/58e9Fx1TKv",Dear User your SIM Verification is Pending Please call our customer Service for offer 7866037800 Your Service will be Blocked within 24 Hrs .,en,phishing-account alarm
DnclXJGUcAA92p6.jpg,"This is why we need spam/block functionality, or at least some rate limiting for SMS.

Around 15 exactly identical messages within 1 hour! https://t.co/BZzI0o2JGt","UPTO RS 1 LAKH OFF On Popular Used Cars , India's Biggest Car Mela @ DROOM ( 19-25 Sept ) Hurry ! Buy Now : https://goo.gl/N8uSjc | Call Free -1800 407 0707eder doesn't support replies",en,spam-promo
ECkXa3nUEAIBKoc.jpg,"@JioCare @TRAI I have DND activated on my mobile number. Still, lots of these Spam Sms come into my inbox. See attached pic &amp; Plz help. @reliancejio https://t.co/Y7lxikPMmq",Great profit Continue SBIN Sell 275 Booked 269 TataElxi Sell 630 booked 607 Bnknfty 28000PE Buy 88 Booked 377 Same Call  CL / WP 09886247012 ( Sushmita ),en,spam-promo
EQKbFB_XkAECFE6.jpg,I just received this SMS which reports itself to be from @Argos_Online (I did complete a customer satisfaction survey recently). It looks like a phishing attempt though - beware (I have deliberately masked the URL in this image)... see https://t.co/QI4MSomwkt https://t.co/ohqxJ5jgcN,"ARGOS - Congratulations , you've won the £ 500 gift . Don't miss out ! Your gift is valid until Sun 9th February : https://bit.ly/ ARGOS - O",en,scam-prize
EC_Ky3lWsAA7zg8.jpg,Beware of this #phishing. It came to me through #sms. #timo #stafa #order #dhl #delivery #delivery https://t.co/jarUrWJ7QC,"Hello, Confirm your delivery credentials today, otherwise your package will be returned - http://Ojo.us/98e9c Ref Number: Amazn03321",es,scam-delivery
EW_HhzvWkAE9k8B.jpg,@PaytmCybercell @Paytm @MahaCyber1 looks some kind of fraud misleading sms. Please take necessary action. https://t.co/5UhXpne0lK,Dear customer patyam your KYC has been suspended patyam office PH 7908032997 acount will block with in 24hr,en,phishing-account alarm
EapYEGAXQAYNyQ_.jpg,@BofA_Help not a bofa customer.  got 2 of these via SMS today.  assuming a scam attempt and wanted to make bofa aware. https://t.co/n9jE1LxQrO,FRM : BnkOfAmerica Click www.bofa-qhw.com SUBJ : Account Blocked MSG :: 8946,en,scam-financial
E4-Oa27XEAI4Ruo.jpg,"@INGItalia hi, I just received a pretty good phishing sms, the site has a valid certificate and seems to be made to collect credentials for home banking. https://t.co/baAdnumS71","Dear Owner, an unauthorized device is connected to your online account, if you are not you check: https://verificacontoing.com",it,scam-account alarm
EG_9fViX0AAbEOa.jpg,What a thrill! Will they be cumulative? Please do not fall into this type of fraudulent situation. Do not risk what you already have to get money or easy things. #Phishing #SMS #Security https://t.co/v38PgwxQFN,For their Refills or Punctual Payments you earned them $ 100 thousand pesos m / n + 1 IPhone X for more information call 8125924948,es,scam-financial
EimVWVsVoAEAyPA.jpg,"@aduanBRTI please act, I&#39;m worried that a victim will be trapped in a spam sms like this.. https://t.co/Htnz15Nuvi","Slmt Info To You T - Select Get Rp. Cash . 175,000,000.- Dr Lazada 2020 Grand Prize Program ID Code ( VSG88D9) U / info Click www.gebyarundian-ptlazada.ml",id,scam-prize
E3j3ZUbVoAAGtFa.jpg,sometimes I like to reply to spam SMS for fun. fellow tsel free numbers. https://t.co/u5mFLC2smn,Sorry To Disturb Need Funds For Business DII . And Other Needs &quot; Interest 2% Min 5 million 500 million For Whatsapp Info 082315791841,id,spam-loan
Ec24o7xVAAAW5cX.jpg,"@aduanBRTI please process min, sms spam. Thanks https://t.co/G8AoeOPjJN","Customer 085860148273, your 500MB Data Package Prize +1000 PULSA KOIN Why hasn&#39;t it been taken yet? IMMEDIATELY Call * 858 * 66 # &amp; Get 500MB Data Credit Prize! 2k/3x/mg",id,spam-promo
ET6rth8UUAAl2DH.jpg,"@Telkomsel @kemkominfo I received an SMS like this by sending Corona Care. I think the official information from the government turned out to be a covert advertisement. Please Telkomsel and the Ministry of Communication and Information to block spam sms like this, especially those that use the word corona as if it were an official government sms https://t.co/srkzcx8N6N","Dear Jakartans, now you can be free from worry in maintaining your family&#39;s health in a simple way. Click for more details at bit.ly/AntiCORONA",id,scam-covid
EURxKezUwAUm6Yd.jpg,Cape really cheated sms spam gini canal @Telkomsel excelso dunkin donut is a loan https://t.co/p73ZnZZAAY,Multipurpose Loan Rp50 million - 1M Interest 5% / year. Without Admin / Payment Can = Not Over = School Fees = Business Capital = Renovation of houses etc info wa085282548588 thanks,id,spam-loan
EHV2TRxW4AEHi-y.jpg,It&#39;s that I don&#39;t have an ING bank.. otherwise I might have fallen for this.. @ingnl see #phishing #sms #warnedmensteltvoortwee #geenafzender https://t.co/rPAPDRu4yn,"Dear customer , your account has been blocked for security reasons ! You can unblock your block via https : // my.ing-reactivatie.info/",nl,phishing-account alarm
Db-zQMkUwAAhIDb.jpg,I really love SMS political spam so much that I only reply to them in languages that don’t use the Roman  alphabet. https://t.co/E4X2s7niMf,"Hi Tia , this is Tyler with Yes on F , the ballot measure for the June 5th election that will guarantee that renters like you and me get a free lawyer if we ever face eviction ! With over 40,000 renters evicted in the past 5 years , this measure is really crucial for us . Will you join me in voting yes on Prop F ?",en,spam-vote
Ek-TbqRUcAA25ju.jpg,"We used to get these type of SPAM mails before. But now , they have started reaching people via SMS as well. Who are appointing them SenderIDs for this type of activities? ⁦@DoT_India⁩ ⁦@Airtel_Presence⁩ ⁦@airtelindia⁩ This is a clear SPAM picture! #spamalert https://t.co/xYlI9kYYJB",Special offer !!! COULD YOU PARTNER WITH ME IN AN URGENT TRANSACTION ? CONTACT ME RIGHT NOW FOR DETAILS : sydneyjames80@outlook.com,en,spam-promo
EkJS96IWAAIlLrS.jpg,"@RBI @MumbaiPolice Another phishing fraud, sms there should be a strict procedure to apprehend these fraudsters. 

Can the cops trace them throughout and bring them to justice. https://t.co/bxs9Yeaq5Y","Dear Sir , We are Multi Pharmaceutical Co. UK , We have Urgent & Longtime Profitable Business to discuss with you . Kindly Reply to : tomb2788 @ gmail .com",en,scam-other
ENBFpAxUwAYuaae.jpg,"This looks like a #Fraud or #Spam #SMS @Paytm @Paytmcare please verify authenticity of this message.

If not genuine take action as per your set protocol. 

Thanks. https://t.co/mojmCvBngL",PAYTM Dear paytm customer your KYC has been suspended.Paytm office pH 9641172418 call immediately . Your account will blocked within 24 hours . Thank you paytm team,en,phishing-account alarm
EAxLXQiU0AArd_L.jpg,"@IncomeTaxIndia I received a SMS regarding an refund from a ‘ITDEFL’ contact. The msg has a malicious link to a Russian site!  

Since xx-ITDEFL sends legit messages regarding TDS etc., this is worrisome. Please check. #cybercrime @nsitharamanoffc https://t.co/JzF8YV9HZ0","IncomeTax ( e - filing ) requires you to click https://bit.ly/ 2Z1pQSs to submit a formal refund request for the remittance of your approved refund of Rs25,290.09 .",en,scam-tax
DuycpnKXcAA4hR1.jpg,@policia @AmazonESP we notify you of a SPAM campaign through SMS messages with our data and zip code. INFO -&gt; https://t.co/pFubqmH1QR https://t.co/lbmBsYqqhd,"Congratulations! The results have come out, and your zip code 28 has been chosen! You are 1 of the 5 winners &gt;&gt; http: //h3h.Itd/3",es,scam-prize
EAxSzGbU8AAIC61.jpg,Morning @aduanBRTI I want to complain about the following spam sms. Please follow up. Thanks https://t.co/nvvKCJXdSE,"Be a MILLIONaire at Horaspoker http://103.10 .200.46 . with Poker , domino - qq , ceme fighter , dingdong &amp; Cambodia Togel games discount up to 65% . Register now !",id,spam-gamble
D_MCle9W4AACLHc.jpg,"Friends beware of scams via sms. This is a classic and clumsy phishing attempt. Do not click on the link and, above all, do not enter your credentials (username and password) otherwise they will empty your account. #phishing #smsphishing https://t.co/ffZ4yj728P","Dear Customer, Update your data now for the change of Iban and for Web Security. Failure to update will result in the Blocking of Cards and all of its Postal Utilities. https: // update database .com /",it,phishing-account alarm
EPqi0t3UwAAgJpE.jpg,Please @Telkomsel don&#39;t be arrogant. I can&#39;t open Netflix and then spam sms promo HIH https://t.co/LqJkg1rzdY,Want to win a Samsung Note 10+ just by redeeming 1 POINT? Reply to this SMS type OK. SKB,id,spam-promo
EAu_8KxU8AIn_jk.jpg,"Got an sms from 887xx, he said this number wants to text but no credit. I&#39;ve replied YES, who knows if it&#39;s important (it could be a test call or something), but it turns out to be spam. Bangke. 😂 https://t.co/UZzWmDxAe6","get / get a loan !!! Online 20 million / 1M low interest, fast process no complicated acc 15 minutes after file &amp; admin received u / info WA 085213284477",id,spam-loan
EnJQUbXW8AAl6cc.jpg,@TMobileHelp What are you doing to stop sms spam? Two lines on two different accounts have gotten the same spam text today https://t.co/OkJA3wH9Sx,"The PlayStation 5 Just Dropped- You're Chosen As Today's Winner !! Snag It By Tonight , 11 / 18- http : // wedspswin2.com/r4z/btghhlk",en,scam-prize
ENV8yfwUYAAxumv.jpg,@Paytm @Paytmcare see how the Fraud is getting done on the name of KYC by Paytm Team. I have received this SMS just now. Pls take the note of it and alert your surveillance dept to take action on it. @MumbaiPolice pls take action on it https://t.co/gONs1FtSHv,Dear PAYTM customer your Paytm KYC has expired . Contact customer care No 6294108269 immediately . your account will Block within 24 hr . Thank you PAYTM TEAM .,en,scam-account alarm
EwF4yaoUcAQtMbk.jpg,people who like spam sms like this are getting freaky https://t.co/77AFGGqRyL,hilmi who is holding your hand in this photo is your boyfriend huh? d08.co/s/ di2zao,id,spam-other
DcqnszbV4AAZNht.jpg,@SobatHAPE Every day I get spam sms....how about this @kemkominfo 😂 https://t.co/B1FWWqNe8j,"If you just imagine your face is fun, let alone being able to chat with you! uhh it must be fun, please call this my active number n08091401029 NO SEX &amp; SARA, ready ya..",id,spam-other
EYjHkR-WkAIxKEA.png,"@CSIRTGOB @clcert Phishing from Netflix received via SMS, and I have no subscription. https://t.co/ZK9iQyRBLm","Your NETFLIX Subscription has been SUSPENDED, to return to be part of our services update your payment method here: https://netflix-activa.com/",es,phishing-account alarm
Eu-NyxiVEAAoV8c.jpg,"1. Receive bodgy sms
2. Run link on @urlscanio 
3. https://t.co/f8TjMXNRMU verdict: malicious targeting Optus
4. Google verdict: 🤷‍♂️ https://t.co/MF9n5j4sCf",Optus : We still didn't hear from you . To avoid service restrictions please visit https : // account.optus billing.services/ to confirm your details .,en,scam-account alarm
Eg7Xg1AVoAcvHyi.jpg,"@aduanBRTI I got an unclear spam sms from a number I don&#39;t recognize, please take action, thank you. https://t.co/dYh6II4D8w",Last Official Notice.Congratulations!! For you to get a LAZADA BIRTHDAY 2020 prize of Rp. 175 million CODE ID ( VSG88D9) Info Click : www.ptlazadaindonesia.tk,id,scam-prize
EE3cla2W4AEFwzP.jpg,@Rabobank @Rabobankwebcare I received this SMS tonight. Doesn&#39;t seem like you? #fraud #fraud #phishing #Rabobank https://t.co/9ZGFrwSjnD,Rabobank : Your current debit card expires for use on 21-09-2019 . Replace your debit card for free via: split.to/Betaalmiddel-ververen,nl,scam-credit/debit card
ExUCCbQXMAsoc13.jpg,"I have never been to BBVA and the previous 19 sms were from purchase debts from another community ... I have marked it as spam, but every X time they change 😒 https://t.co/L4kWX28qz3",BBVA now contact 854556921 to desist from the seizure of your salary or pension Regularize your ID in the ES80 account 0182 8810 12 0718888315 concept,es,scam-financial
Ex6EbrWVIAMPJx5.jpg,@KolkataPolice new scam sms kindly take action. https://t.co/onUKoju9h2,Dear customer your Bsnl Number has been Closed for 24 hrs please submit Addhar please call customer care : 8927500166 immediately,en,scam-account alarm
D1PSReHX0AUui6o.jpg,"@p_kops @POL_DenHaag @POL_DenHaag can you also trace the sender of this SMS, ditto #criminals #fraud #phishing https://t.co/BP5kbC2TgI",Your My ING payment account has been blocked for security reasons. Log in now and verify your Mijn ING via the website: X.co/MijnING,nl,phishing-account alarm
EgbuH4zUEAA0KXR.jpg,Phishing even in our SMS ... https://t.co/liVhneKClm,"We have tried to deliver your LP995215701FR package, but there is no postage. Follow the instructions here: 6j5.nl/sclr5",fr,scam-delivery
EC9c3dcUcAAxtkC.png,"@narendramodi_in @BSNLWBTC @FearRTs @TRAI @LogicalIndians @SpeakUp_IN @UfterYou @Ei_Samay @IJaising @narendramodi @PMOIndia_RC @PMOIndia DND Farce, Again spam SMS at @BSNL_WB no 94344..67 frm BZ-ERNFRM: ""Earn 30K to 40000 pr month Set up Paper Plate,Paper bag..
Business at home.
Free Raw Material,Buy back Agreement &amp; training's
cl :08588819688"". @rsprasad @OfficeOfRSP @FearRTs https://t.co/tVd86WkuSy","Earn 30K to 40000 pri month Set up Paper Plate , Paper bag , Tissue paper Machine Business at home . Free Raw Material , Buy back Agreement & training's cl : 08588819688",en,spam-promo
D_TeqtLWsAE_4wu.jpg,@tapairportugal how do I get you guys to stop spamming me? I&#39;ve already tried it on the website and via SMS. https://t.co/YpdWNA4AnH,"TAP Air Portugal: Subscribe to Globo Premium and earn 7,000 miles to use on your trips. Offer valid until June 30th. https://bit.ly/2JOEz4q ,",pt,spam-promo
D7SM27FXsAAur8a.jpg,"@RappiMexico religiously sends SPAM via SMS ... What will they not realize that more than helping them, it hurts them? # TerribleMarketing #NoSPAM #RappiFUERA! https://t.co/OFlhH1H4oW",Rappi: Temuco the account We Denied $ 700.mappiorocito peremete pieleedeelte quierostoruotu! storten 14: 5ORM. TAD 2946767,es,spam-other
EmpJG7vWEAEdqJK.jpg,"I just received this SMS which, given the email address, is SPAM. To report. #SPAM # COVID19 https://t.co/1DZe86tvVb",Official message from ARS Grand Est: you have tested positive for the Covid-19 virus. You have therefore been asked to respect isolation. Personalized monitoring is offered to you: https://ars-grand-est.exolis.fr/#! / app / t / 1204720 / 6675fb1d35fe87 e170adbc2155f3f82e,fr,scam-covid
Dls_aajW4AEVTZk.jpg,"booked refill on 23 Aug, Order 148002, Refill ID 2341145253 and made online payment. Today, received a SMS that refill is delivered on 28 Aug, but in reality no cylinder has been delivered. Serious case of fraud by the distributor. Take action @BPCLimited @PetroleumMin https://t.co/EutFaY2hgz","Dear consumer , this is a confirmation receipt for online payment of Rs . 759.500 ( txn chgs extra ) , against Refill booking ref no 2341145253 .",en,scam-financial
Ettc8QrVoAI0Nlw.jpg,"Good evening Mr / Mrs admin @aduanBRTI, please follow up on the following spam SMS. Thank you https://t.co/JNNq5yaFgc",SLMt. ! No whatsapp Anda Men - dptkn Rp.175.000.000 PIN: D330879 cek di: bit.ly/info-resmi37,ms,spam-promo
EaqmJfIWsAEY4AL.jpg,#Phishing SMS @Rabobank: don&#39;t fall for it. https://t.co/fzx8GQG7nv,[ Rabobank ] : Your debit card is outdated and will expire in 2 days. Request the renewed debit card for free now via: https://lihi1.cc/Bp3Qr/Pas-Info,nl,phishing-credit/debit card
D0u1TBmU4AEZY1k.jpg,"Report lg @aduanBRTI SMS Spam, Fraud, Online Gambling &amp; Fraud. https://t.co/RZWxRCTjj7",I got 4m bonus from this app 1) new-re.com/zpwshSd 2) http://t.cn/EfQMID 3) http://bit.ly/2tQIAY,id,spam-other
E3lN1ZhVIAECBik.jpg,"Dear @TheOfficialSBI, yesterday was #AntiCounterfeitingDay. Ironically I received this fraudulent SMS that your security team might want to address. Don’t know how many customers have fallen prey to this phishing scam. Links lead to a fake website and form with fake captcha image https://t.co/cp7Hlrb6bN","Dear customer , Your State bank of india account has been suspended . Please Aadhaar card update in your account click here link - https://is.gd/ mYPJkw / SBI",en,phishing-account alarm
DwsTvgAUUAAQEt5.jpg,Gee thanks for the personal SMS Clive Palmer. I’m kinda wondering how you have my number though? @acccgovau @acmadotgov #privacy #spam https://t.co/mNYzP1esxP,"Only 80 % of WA's GST goes to WA thanks to Libs & Lab . Keep 100 % of WA's GST in WA . Vote 1 United Australia Party , Clive Palmer . Auth https://bit.ly/ 2QİGAUM",en,spam-vote
ED3uU6UWsAAAkIj.jpg,This fraud SMS #PakistsnBanks #Banks #fraud #sms #Pakistan https://t.co/x39w8EE4iU,Dear user your bank card has been block Because you have not update yet if you want to keep using your ATM card please call this number,en,scam-credit/debit card
DWGrSQnVQAAHL2l.jpg,Pro tip: you can opt out of your mobile carrier's spam SMS campaigns by replying and asking https://t.co/LwgGSjlO0u,Rogers msg : Just for you ! Get iPhones from $ 0 when you add a new line on a 2 - yr term to your family's Share Everything plan . Plus save an additional $ 10 / mo & get a bonus 1GB shareable data ! Call 1 866 607-4280 or hurry in to your local Rogers store this weekend . Offer ends Feb 21. Reply STOP to opt - out of Rogers text msgs . Reach us at http://rogers.com/contactus .,en,spam-promo
DqKuqPuVsAAgUOM.jpg,"@NetMeds 5 days and still u r unable tonfigure out a way to stop these spam sms?
just got this sms now https://t.co/jV6h0Af7VY",Your wallet has been credited with Rs . 100 NMS cash ! Come back to Netmeds and use it to shop for meds and more . Expires in 48hrs . T & C . https://nms.care/50k_w6m,en,spam-promo
DuCl50ZXgAAjyRU.jpg,"This time, the pool newspaper @Hurriyet was trying to sell the book of &quot;Aygül AYDIN&quot; by spamming. I have complained @BTKbasin, is the sms ban lifted? this @Hurriyet and @Astromatikk are sending unauthorized advertisements. #spam Made using @VodafoneTR https://t.co/OZhT3292FF","Don&#39;t miss this agenda to change your life and take note of the secrets the sky tells you with the famous astrology writer Aygül Aydın&#39;s 2019 Astrology Agenda. Click to buy; http : // bit.ly/2C0aRnL If you do not want to receive SMS, write RED and send it to 3206. Contact Line : 08502240222 Mersis No : 0464006127300014 B016",tr,spam-promo
D538bG8UIAEn5tJ.jpg,"please follow up this spam sms @aduanBRTI , thank you https://t.co/RxJ9xSayBJ","Sorry, before transferring the phone / wa first to my new number 085398918323, there is a change in the account number",id,spam-other
EDTe0gPXoAAop4c.jpg,@bunq get a weird text message. I am not a customer of yours so I suspect spam. https://t.co/QTJzS4uiJS,[ BUNQ ] : We have placed your account in the &quot; quarantine zone &quot; . You must confirm your device before 02-09 to avoid blocking : s93.top/Bung,nl,phishing-account alarm
DjnhicSXcAEAufw.jpg,"@chichiclothing How you get my number, and why you sending me your spam SMS? I thought @EU_EDPS took an action on that crap? https://t.co/AKZA5ynK57",25 % OFF all full priced items with code GETAPPY25 Order via the NEW Chi Chi London app ! Download here : http : // chichi.dyn.co/5wOpaqs To opt out text CHI to 60006,en,spam-promo
EZU6JPmX0AAWK9w.jpg,"Attention, a phishing text is doing the rounds regarding support for your invoices due to the corona crisis. @FODEconomie @proximus @OrangeBENL @Telenet https://t.co/JQD00lnpLj","[ FPS Finance Brussels ] On May 27, 2020, the government decided to grant each household an amount of € 148.26 to compensate for your water and energy bill. For control purposes it is important to carry out a one - off verification . Afterwards you will receive the amount on your account within a few working days. Verify your identity as soon as possible via: https://s.id/compensation",nl,phishing-financial
EergTN9WAAQ1tnT.jpg,"It is always advisable to remember the #phishing campaigns either by email or by SMS in order to deceive people and carry out scams, especially in relation to the withdrawal of 10% of AFP or SII bonuses Caution and do not share my follow links doubtful https://t.co/P70ppuws0D",BancoChile - Your request for a maximum withdrawal of 10% of AFP has been successfully registered. Check balance and movements now: https: // afpchile.siteverifycl.com,es,phishing-financial
EGa9RAnVAAA5_oO.jpg,@kemkominfo @djikp @Telkomsel @aduanBRTI why are these spam sms still scattered around?! Very annoying! https://t.co/K6NCKkBVMT,"Good Morning Attending Tour &amp; Travel Business Seminar Open a Travel Business with Minimal Capital Jakarta 11,12,13 October 2019 Register: Name / Number / City Wa to 08112012929",id,spam-loan
D0PNLFGXgAAMy3u.jpg,"Tricky @superbalist phishing scam
Came through via SMS. So they know I’m a customer, maybe.
https://t.co/C4yBcSGXIa

Notice the url.
Attached the sms message. https://t.co/Reo5gnEClA","Hi dear customer . Your refund for Superbalist.com will be processed , please update your payment information - http://bit.ly/2T3Zfds",en,phishing-financial
DbKyRUVX4AA28S0.jpg,"I was a Vodafone customer I think 15 years ago. For months, Vodafone has been sending me this text message once a week in the style of armchairs &amp; sofas. Since blocking such spam messages seems impossible it seemed fair to send them some public shit. https://t.co/18IzERPGB5","Last days ! Go back to Vodafone and you have 1000 minutes and 1000 SMS to everyone, unlimited calls to a favorite Vodafone number and 10 Giga for only 10.8 euros per month. Come to our stores by 21/04 to find out all the details and activate the offer. Discover the nearest store on voda.it/negozio",it,spam-promo
EktoPMBXUAEGTEW.jpg,BIG Warning !!!! Scam !!! #btc #ledger #SCAM Do not give your passphrase to lėdgėr !!! (with ė) Be careful if you receive this SMS with your first and last name 😱 @ CryptoMatrix2 @PowerHasheur https://t.co/OOesonQ81f,"LEDGER ALERT ! Dear , New info about July 2020 database hack . Your assets can be at risk . Take action immediately . https://ledger.report",en,scam-account alarm
D9BmPdiXoAAZOUu.jpg,"@ABNAMRO I just got this text, it looks like phishing. Do I still need to report this somewhere? https://t.co/feYsovjScf",ABN AMRO : Your current debit card will expire before use . Request your new debit card free of charge via: linksplit.io/ABNAMRO,nl,phishing-credit/debit card
EEGwCqsUUAAIYNG.jpg,A new form of fraud!! how about @Telkomsel @kemkominfo .. more and more spam sms!! https://t.co/SENNkVPTAj,"Your number is registered by TP Auto By 082351270012 You will send IDR 10,000 credit every 11th U / Stop Type: TP 10 082351270012 Send to (858) Frees.",id,scam-other
DtKOS-yVsAAvRUz.jpg,Hi ... hoShopeeCare Tlg du kondisikan sms spam in https://t.co/djytVyKktj,SHOPEE Indonesia congratulates your Simcard on getting a REWARD Rp. 175 million ID code 2nd Winner ( b8337h9 ) INFO Click on : www.giftee747.blogs pot.com,id,scam-prize
EkvnDTqUUAAC_sD.jpg,"@aduanBRTI I don&#39;t know if I have reported hundreds of times, but this Spam SMS is always on my cellphone number. The spammer sent an SMS with a different number but the content was the same. They called Gerry 081210015656. @Telkomsel should have blocked the 081210015656 number even though it wasn&#39;t spam, but it was the culprit. https://t.co/k0Vvu244Iu",QUICK LOANS only use vehicle letters (MOBILL only) rates start from 0.7 % without survey &amp; BI C3K help takeover GERRY 081210015656 bit.ly/2DyzOVU,id,spam-loan
DhZ0VCzX0AU4DOG.jpg,"@aduanBRTI @kemkominfo After people are asked to re-register using their NIK and KK, when will all forms of spam sms like this end? Isn&#39;t one of the purposes of re-registration to prevent this kind of fraud? cc: @PartaiSocmed @dokterMade @IndosatCare https://t.co/FaUQQGj9ol",We will extend the validity period of your PULSA COIN offer until today. Please call * 858 * 33 # to pick up immediately. Can be exchanged for credit!,id,spam-promo
E1rjpgTXoAI9Q9J.jpg,"I got this sms yesterday, and of course, I wouldn't bother to reply. Mr. or Mrs. Scammer, go (try to) scam someone else. 🖕🖕
P.s. It was sent from a Chilean number. 
#bewareofscammers #scamdetected https://t.co/7WzPitvXnL","+56442408540 TR / 9820 , about the two hundred and forty thousand dollars due to you",en,scam-financial
EUMCUs2UYAU0WTx.jpg,"@aduanBRTI Afternoon, permission to report spam SMS again as follows https://t.co/sjejChwErL","OFFICIAL MESSAGE FROM KSP WE OFFER PINJ4M4N, ONLINE SYSTEM OF INTEREST 2 % INFO LKP CHAT WA: 0852-5306-1377",id,spam-loan
EzUeM-rVIAAU6rr.jpg,#spam #Phishing SMS due to allegedly undeliverable packages from +4915901821149 https://t.co/2lxZsX7H63,Parcel delivery of your delivery not possible. More info: http://subtletg.com/ pkge /? 10f116hes5zht,de,scam-delivery
EjvyTCeWsAAxGrT.jpg,Take care. Attempt to #phishing via SMS. @policia @policiaforal_na @guardiacivil @bancosantander https://t.co/FvwzbMuiDe,"ALERT: For security reasons, your Santander bank account has been blocked. Log in immediately to restore your access: https://n-uy.com/san).",es,phishing-account alarm
D2GsPfHWkAAoEvZ.jpg,Warning: attempted # fraud and # phishing by SMS which masquerades as the @DesjardinsCoop cashier ... Nice text with a link https://t.co/htW1MP6IHn! ?? Fortunately @Bitly seems to have blocked the link. # Security #Phishing https://t.co/UAqPMkGDwi,Les Caisses Desjardins: Your account is suspended following a recent transaction Please verify your identity here: https://bit.ly/2W9Pqb9,fr,phishing-account alarm
E1kDP-MVgAIWQvH.jpg,Expired: looking for venture capital via business proposal to angel investors Wired: looking for venture capital via SMS spam https://t.co/hueud8kq4U,"I&#39;m from MALAYSIA looking for someone with a sincere heart who can help me receive funds to open a business in Indo, if you can help and help, my WA number is +601131636775",id,scam-financial
EhI1uxrU4AAO1b0.jpg,@KotakBankLtd spam and scam sms phishing.... Please take action https://t.co/2DrEW76DzO,Dear customer your Mahindra Kotok account has been Expire Please updated Your Account 24 hr immediately to contact customer ph 9123034872  This message is sent from an unknown number .,en,phishing-account alarm
EpM3JpnWMAAlaqd.png,@WicMar Can partly understand the link fear due to phishing attempts. You open Pandora&#39;s box when you normalize that government information is spread via SMS (without security being guaranteed) imho. 👇 NL sent out similar SMS in March which was followed by various phishing attempts https://t.co/QVDiI0aVm8,"Today 05:33 Important message from Rabobank: Due to the outbreak of the coronavirus (COVID-19), your current debit card will expire on 29-03-2020 for use. In collaboration with the RIVM, we ask you to request your new antibacterial debit card free of charge and to prevent blockage via the website: https: // rabobank - debit card live",nl,scam-credit/debit card
E3bkz_8XoAALBYa.jpg,"⚠️ There is an ongoing @Orange_conseil phishing campaign via SMS. Very realistic, the message sent pointed to a site that does not belong to the operator, ignore it ⚠️ #orange #phishing https://t.co/kiSBmQfV7T","We inform you of a compensation of 79.99 E, following the breakdowns that occurred during the confinement. Request via your space:: accountorange.com",fr,scam-financial
En3yy-EWMAE45et.jpg,Hey @pontofrio could you stop sending me spam by SMS?? https://t.co/gBBhTtZo7R,"Pontofrio : Hey Pinnaut , BLACK FRIDAY is ending , huh ! Do not miss up to 80% DISCOUNT on the website or app. Click and run soon to enjoy! bit.ly/3q2RykZ",pt,spam-promo
EuD_m_YVkAM8G-l.jpg,@aduanBRTI please help the process of blocking your spam sms sender numbers. Thanks https://t.co/JYnufCCDmB,ass... need loan d4na without collateral??? 5 million to 500 million U / info Chat WhatsApp : 081543333899,id,spam-loan
E2RP8FWVoAEk2eg.jpg,"I got sms from a number I didn&#39;t know, and it said Royal Mail, so I wonder if I still paid for corona? I thought it was a scam when I googled the number! I&#39;m glad I didn&#39;t click! Everyone on the net is doing a good job in every country 👍🏻👍🏻 scam = fraud! One more vocabulary for English words 😇😇 #yms #UK https://t.co/SW4M0kNlN1","RoyalMail : Your package has a £ 2.99 unpaid shippng fee , to pay this now visit : rm redeliverycost.info or your parcel will be returned to sender .",en,scam-delivery
Egmt4OtWoAgzb4O.jpg,"Had an interesting spam SMS today. Usually, I just get random links from email addresses and such, but this one actually had some content. https://t.co/OOMQYeugED",we found a parcel from June owed to you . Kindly claim ownership and confirm for delivery here : 16svs.info/9SfB1SpxOq,en,scam-delivery
Ev3dVaJUYAQwbOe.jpg,"#SCAMALERT : #FASTag SMS Scam. 

If you call them , they will ask to download #Anydesk / #Teamviewer app. After that they will Loot your Bank ac . Same method used to dupe 77 lakhs from a #Cuttack Doctor . 

@spl_sqdctc @odiapolice @Cyberdost @CyberCrimePSCyb @DCP_CCC_Delhi https://t.co/2wz74lfn37",FASTag Your FASTag is going to expire today due to unverified E - KYC . call our customer care number +918250875984 immediatly to continue your service . Thank You,en,phishing-account alarm
D6Ve4LkUYAA6Lg8.jpg,"Every day you can get &gt;10 spam &amp; fraud SMS. Often the contents are the same, but the numbers are different. You can report it to OJK, but the SMS still comes and uses a different number. There is no way to protect the private number of po @triindonesia @ojkindonesia? My number is not secure, this means. https://t.co/41uPKiLiQH","Before making a payment, please call / wa first to my new number 087877283777, there is a change in the account, thanks",id,scam-financial
Du8H3n6U8AAJi_Y.jpg,SMS SPAM Pak @aduanBRTI https://t.co/2AKrGKSI4j,"INSTALL INFINITY ONLINE CCTV Protect assets at home, office, shop, etc. Get CASHBACK PROMO up to 20% and 3 year guarantee.",id,spam-promo
D9_l0pcXkAIOfB_.jpg,All these messages are scam. How did I lose my privacy?  A lot of SMS daily in my phone.  @SafaricomPLC @DCI_Kenya https://t.co/vo0Cuj7JJH,"Win Ksh 5,000,000 today by predicting game between CAMEROON W v NEW ZEALAND W For more information sms SUPER to 29596 Helpline: 0703012500 STOP * 456 * 9 * 5 # Win Ksh 5,000,000 today by predicting game between SWEDEN W v USA W",sw,scam-prize
EWDsaZhU4AEmswD.jpg,"@aduanBRTI I am disturbed by this spam sms, please help so that this number is followed up. https://t.co/cEGnbBGvjn","Your LAST MESSAGE Winner of the 8th LAZADA BIRTHDAY Sweepstakes Rp.175,000,000, PIN: (214F55R) Info Click: bit.ly/undian-lazada20",id,scam-prize
EouT_CkUcAY7eJr.jpg,"Beware that SMS like these are not from Amazon but scam, so be careful if they reach your parents or in any case to people who are not so familiar with the &quot;Internet&quot;! 🤨 https://t.co/5hJJCoNSVD",You have a message regarding your article ref.:&#39;Amazon-it &#39;on 01/12/20 your name arrived 3. in our ranking: http://f.29s6.com/X8CrL,it,scam-other
DjyK5dQW4AU4CgY.jpg,@Rabobank I just received this phishing SMS: https://t.co/pbzBSNvPqW,"Dear customer , Because you have not yet linked Reader , your account has been placed in the quarantine zone . Prevent blockade? Link your reader at https://x.co/ Koppel",nl,phishing-account alarm
DzrAhN3V4AA1-28.jpg,@aduanBRTI Dear Dear. Head of BRTI Please follow up or block +6285210152712 for sending SMS Spam which disturbs my comfort as a Halo Telkomsel user. This is the complaint report. Thank you for your help &amp; attention. Iman Prihartono https://t.co/eFWaWFnEuc,"SELL MUKENA BALI, cool fabric with flower motif, comfortable to wear for prayer, Rp. 200 thousand + postage, SMS ORDER TYPE MUKENA. BALI + NAME + ADDRESS byr after receiving the package",id,spam-promo
E31MSEXUYAE4I4V.jpg,"@Telkomsel btw I used postpaid in sim 2 slot, now this is also prepaid in my sim 1 slot too.. I still send spam sms, it&#39;s not clear like this!! https://t.co/mWGgr4hFc7",Sorry To Disturb Need Funds For Business DII . And other needs2 Interest 4 % Min 5 million - 500 million For WhatsApp info +6285394267096,id,spam-loan
Ejy2EsqXcAEVwZ0.jpg,@HalifaxBank fyi see scam SMS message. https://t.co/iGz7hjqI97,"New payee , MR P BOYD has been succesfully added to your account via online banking . You can now send and receive payments to and from from MRP BOYD instantly . If this sounds unfamiliar to you please visit the link below otherwise ignore this message .  https://halifaxcustomer.co.uk/ Wed 19:53",en,phishing-account alarm
EJKmkGZUEAAyiQB.jpg,"@RubikaLiyaquat @akhileshsharma1 @Paytmcare @OfficeOfRSP I too received the similar SMS but I had ignored this phishing SMS. If I need KYC , I will do it myself, why to rely on these messages. https://t.co/yprFm8iYXe",PAYTM WE WILL HOLD YOUR PAYTM AMOUNT AFTER SOMETIME COMPLETE YOUR PAYTM KYC PAYTM OFFICE PH 6200992462,en,scam-account alarm
E2rpkRiUcAEbDbj.jpg,"@Telkomsel Sis, I&#39;m tired of SMS spam on the day of TT https://t.co/dAAIhuPDKR","Welcome to join AGATHA YUNITA (03791222) in HNI, Download HNI MOBILE on your cellphone Android: bit.ly/AndroidHNIMobile IOS: bit.ly/ IphoneHNIMobile 13 min. via Tsel - WearMask",id,spam-promo
EeFsd3DU4AMiHMk.jpg,"@IndosatCare lately I have received a lot of useless spam SMS from Indosat, how do I stop receiving these SMS again? Very annoying in 1 day can receive a lot of useless SPAM SMS. Thanks https://t.co/2xJT8dWoJr","Hi Indosat Friends, Special Promo For you, you can get DOUBLE BONUS if you refill your number tomorrow, you know. Yukss, don&#39;t miss it. Want 5 Million Money &amp; Honda Brio? You can also get 100MB with the correct answer, min. 8 questions ! Dial * 123 * 611 # FREE ! FREE 1 day ago Rp 1,000 / day . CS : bit.ly/smsccim3",id,spam-promo
Dz-iYy2U8AA_skK.jpg,@aduanBRTI please block the following scam / spam sms https://t.co/Z1Tzacqq7O,"Can we help AGUNKAN B / PK / B CAR? MOTORCYCLE ? Process Cpt, Can T.Over, No B,. I Check-king, Hub: Indah (0813-1199-5773) (phone, sms, wa)",id,spam-promo
D_vdoy6WkAEtWxL.jpg,@moiuae I received this SMS. It is a clear attempt at fraud. Please look into it. https://t.co/kT0FXeXJWY,"Dear Customer , Your ATM Card Has Been . LOCKED , Because You didn't Update yet . ACCORDING NEW RULES if you want to activate again Please- call at 0564514324",en,scam-credit/debit card
EBQJz-PUIAANj51.jpg,"Morning min @aduanBRTI please follow up on all spam sms like this, honestly it&#39;s really annoying a day can get 5-10 times like this https://t.co/VWEIWPEFBG",WE FROM INDO FINANCIAL Mnwr - ONLINE-Based Loans Starting from 20 million to 1M Liquid in 30 Minutes Without a location survey Interest 2.5% Whatsapp: 085348517177,id,spam-loan
Er8hpNJXAAAgA5O.jpg,Hey @proximus @OrangeBENL @Telenet maybe see who has this mobile number and get rid of your network... #phishing #sms @FODFinancien https://t.co/b7JG3s2uQb,Your outstanding debt with reference R5B114021 has not been paid after several reminders. On 19/01/2021 the bailiff will proceed with a prejudgment attachment. You can avoid the attachment procedure by paying € 15.88 via: http://bit.do/Belasting-vereffenen,nl,scam-financial
E3A9x8PVUAINWZ4.jpg,@CPHydCity  Hi sir just received this message sms which seems to be some fraud. Kindly fwd to any appropriate officer who can look into it. Thank you https://t.co/KLJqJceB9i,"YOUR MOBILE NO HAVE WON 4,65,00,000.00 / -INR FROM LAND ROVER COMPANY UK ' SEND NAME MOBILE NO AGE ADDRESS OCCUPATION REPLY TO : giftukprice@gmail.com",en,scam-prize
D9VNP9gXsAAbxCt.jpg,I received this sms. Is this a new type of scam... 🤔🤔🤔? @OUTASA https://t.co/g4wHxWseiR,You have outstanding Traffic offence ( s ) . Pay here : www.paymyfines.co.za/tcr.aspx ? inf = BF / 80 / 1045152 / 110 . From PAY MY FINES . If paid pls ignore .,en,scam-financial
D7qUWYqW4AIobHF.jpg,"@ClaroBrasil how do I request SMS spam blocking? I&#39;m tired of asking these two to stop ordering. They say they removed me from the register, and right away it&#39;s coming again... https://t.co/Q6DPBSbIVr","Uber : João , you earned R $ 20 OFF with no minimum value on your first free order with the code mega20vip . Valid until 05/28. What about ? t.uber.com/eats-br",pt,spam-promo
EydrgebXIAMCqHu.jpg,Wtf I received this SMS with incredible timing. I called back the unknown number and was greeted by an As-salamu alaykum. Funny spam. 🤔 https://t.co/OyfXObviRR,I advise you to be careful not to waste your money to recover your future hi Ke,fr,spam-other
D3esTBtWwAA4iEZ.jpg,These are back with their spam sms. People we are disturbed by Boko saivi @TCRA_Tz please guide about these idiots allowed by mobile networks. Why did you allow this? https://t.co/HiTsImBNek,"TRY the new TZ game that paid ROSE of DODOMA 204,000,000 Shillings for 3 bahat numbers. Dial * 150 * 00 # -Company No.123255 -Remember No.333 --Da 1000 TZS",sw,spam-promo
Ey3MwVbXEAEu5xc.jpg,Fresh @HSBC_UK #phishing via SMS. https://t.co/Vj0k8voAkn,"HSBC FRAUD ALERT : You have authorised a payment of £ 240.00 to Mr C Jones . If this was not you , please cancel via : https : // onlinebanking-activity-log-on.com",en,phishing-financial
E3gUGnvVUAYF0Yo.jpg,Widiihh #scammer keeps bosque! Kang tepu keeps hanging around.. how is the solution @kemkominfo to get rid of spam sms like this https://t.co/AaMiqx3IYj,H4LO BOOSOUE . !! We from Team G1VE4W4Y B4P4U Tell You OFFICIALLY Get Rp. 100juta Your ID ( N41L447) Clear Info Click bit.ly/giveaway-b4p4u,id,scam-prize
ECE3B_2VUAAR4jH.jpg,Phishing SMS received yesterday. Have you seen these before @NetflixUK? https://t.co/XY0pQ1J6ba,URGENT message from Netflix regarding your membership . Click below for further information . https : // verify netflix-gb.tna3.tw/nfx/ verify.php,en,phishing-account alarm
EF7ZJ3UUcAAxDX9.jpg,@aduanBRTI sms spam tweet 3. Almost every day I get spam sms like this https://t.co/bP8GosWSEh,"Customer 081528791254, Yesterday Forgot to Take +1000 PULSA COINS &amp; Unlimited Chat Packages? Call * 858 * 44 # today to grab it before it&#39;s sold out. Can be exchanged for credit, you know!",id,spam-promo
EcuAgi-U8AAtTE9.jpg,"@TRAI getting spam sms daily on bsnl, no change after multiple calls &amp; reports,attached a sample screenshot. possible to stop this ? https://t.co/lr8lFJXHC9","App - No Income Medical proof required Get Rs 1 Cr Pre Approved Term plan instantly get upto 10 discount if u buy online now ht , QP - HXINSR , 12 / 07 / 20  12 min . SMS via BSNL MOBILE",en,spam-promo
D_Rd5VKUcAAc9Qs.jpg,"@Telkomsel has often reported and the result is still a lot of sms winning lottery and spam in modern times, this still has to report sms, it should be more advanced, you can use other easier ways https://t.co/9X9kludcbK","You are the winner of Rp. 55M WINNER ID: 02498123 INFO: Lazada303.blogspo t.com Dear customer, thank you for the SMS FRAUD report you submitted.",id,scam-prize
EVaF-qpUYAE2zlN.jpg,Spam/scam sms in March by unknown perpetrator. Part 2 of 3 parts. https://t.co/uxs8339m4c,Need FUND Please Apply We Serve All Over INDONESIA Starting 5 million / 500 million Interest 2% / year Trustee Interested Chat WA: 085246469841,id,spam-loan
E1DO30-UUAIjlfb.jpg,"@nessiejudge Almost all unread sms is spam, this is one of the hundreds of spam sms https://t.co/EOIgNJhmNc",want to be successful at a young age invest in 5 days get 15% to 25% profit Interest add WA +6285243062557 or check www.forex-ocf.com,id,spam-promo
D9UdHxPUEAEqtsC.jpg,"@Airtel_Presence Another spam sms on 18 June 2019 at 10:39 am.

Still issue going on

@airtelindia @Airtel_Presence @airtelnews @TRAI @PMOIndia @rsprasad @narendramodi https://t.co/bczB5h3Y32",Limited Unit Reserved in Central Secretariat Housing Society New Delhi eligible for All Gov. Emp . Regi . For call 9899514982,en,spam-other
D77mHzQUcAAygDD.jpg,"Hello, good morning @IndosatCare, can&#39;t you delete spam? Can&#39;t it be just one x sms only?. It&#39;s crazy that this is up to 15 x sms notification of the night quota running out. https://t.co/7b9FKwjm8N",Remaining Quota 01-06 You run out. Continue to enjoy internet on the Indosat Ooredoo network using other quotas. Check Quota * 123 # or im3.do/mc,id,spam-promo
D2FigffWkAUCU88.jpg,Watch out for this phishing sms https://t.co/2RgUzT3jSj,Your Knab App has been blocked for security reasons due to a suspicious login attempt. Log in now and verify your Knab Mobile Banking and prevent your account from being blocked via the website: X.CO/. KNABUDATE,nl,phishing-account alarm
Ef6KVkXUwAA6Sb_.jpg,@aduanBRTI I&#39;m already so annoyed with it until the crown every day you can get 2 to 3 spam sms like this https://t.co/zhe7MLgueC,"Congratulations.youve got a high - paying job . Join us make 300k- 800k per day from home phone , you can also add my whats @ pp : w @ .me / 6285882434707",en,scam-other
EF2M6maUEAAmwJX.jpg,sms spam min aduanBRTI https://t.co/7RAfNJ9sPh,"NEED LOAN FUND? apply with [ B * P * K * B ] Vehicle - SAFE _ OFFICIAL - NON BI CHEKING CAN CALL , WA SRI +625268186909 +625268186759",id,spam-loan
EeRxEviXYAIo_3q.jpg,". @ Cornercard really wonderful that you are following me now, but I actually asked how to turn off this SMS spam from you. Thank you, Merci bye. https://t.co/b14Els0csq","Not just cool, but twice as cool: From June 15. - 15.9.2020 you can use your Cornercard to secure double cashback - up to 3% - for all purchases in the supermarket, at the petrol station, in restaurants, cafés and bars. Details at cornercard.ch/ summer",de,spam-promo
ENRFm-JU4AAOnle.jpg,"@aduanBRTI sms spam pinjmaan, please follow up https://t.co/3SGJ3nrmlX","--P1NJ @ MAN Cep @ t- Collateral ( BPKB ) Car / motorcycle , ??? Can takeover 1hr process krj Contact; Dennis 0812 9898 1071 ( WA )",id,spam-promo
ECwJAYQXYAEukZF.jpg,So long sms spam. Say hello to un reportable MMS spam https://t.co/TrlW5LJAOo,( 475 ) 200-0947 created this group MMS with you and 4 others  87311 Installment Money Get up to $ 5000 - @ .www.theaffordablemoney .com,en,spam-other
DtwcqiIU0AAaqqM.jpg,These SMS spam message are easy to fall for them. See the URL! ⁦@Spamfish⁩ ⁦@nomoreSMSspam⁩ https://t.co/754iMkZAgs,Scotiabank Alert ! Your client card starting with ' 45360 ' has been disabled . Please secure your account below . http : // scotiabank.ca.securemlss.com/ s /,en,scam-account alarm
DzCZnYqXgAAIklG.jpg,@ 3Danmark Do you not have the option to block these phishing text messages? https://t.co/yVlYdS99s8,Netflix Membership Canceled! Update Payment Information: https://srtz.co/ioppdate,da,phishing-account alarm
E2L1__cVcAYE1ZN.jpg,"Hey,. @ Vromog why am I receiving SPAM with news from you by SMS from the Phone 5562325737? https://t.co/VQLUW7cZvk","METROPOLI: VICTOR HUGO ROMO announced that in Miguel Hidalgo they will open the first Feminist Cultural Center of CDMX, which is the only one of its kind in Latin America.",es,spam-vote
ECFsDWsU8AAKWSg.jpg,"Damn, this SMS Spam is getting scarier and scarier. https://t.co/zpg7Ga3vVp","great , Someone sent you a friend request , hurry up and check out MiCat ! chat-v.com/s/4mdfb3",id,spam-other
EjKBgFtU8AAiPdQ.jpg,@aduanBRTI report this SMS spam Always @Telkomsel number https://t.co/rZudywfe3p,Ass Dear Mr. \ Ms. We Offer EASY &amp; FAST Loans With Online System Min 5 million - 250 million For Info Please WA : 082190957465,id,spam-loan
EHJfJizWoAAZ_b1.jpg,"#scam #phishing #alert
Seems like spanish post @CorreosAtiende has been hacked and data leaked. Just received a #phishing sms.
Domains: https://t.co/wj37OxXTYs https://t.co/49whCzLPJT https://t.co/cszYnGuuXL
@policia @DelitosCiber https://t.co/o3sjIHbjcp","Dear John, your package could not be delivered on 10/16/2019 as customs duties were not paid. Follow these instructions: http://17c.top/zqz",es,scam-delivery
EfS0xDHUYAEGzX-.jpg,"@KotakBankLtd I'm getting lots of spam sms to update my KYC.I know its fake but some others, especially elderly ppl shouldn't get caught in this trap. 

My question is how do they know that we have an account in your bank? How is that data getting leaked? https://t.co/LSOJiralWv",Dear customer your Mohindra Kotok account has been expire please update your account 24 hr immediately contact pH 7890966935,en,phishing-account alarm
Es6f6o-UYAUEuRk.jpg,"Beware with such spammers, they sms randomly and pull us into unwanted troubles.
Needed DND rules on such spammers to.
#TRAI #SMS #spam #spammers #instaloan #troublecreators #Spoilers #beware https://t.co/sDP0XMQUKo",Congratulations !! Your Application Number XX456 For Personal Loan Is In Pending Status . Download App & Confirm Now : https://s4h.in/s/alGogdaWri,en,spam-loan
EpOS4GpXEAkvEbP.jpg,SMS scam targeting @LloydsBank here https://t.co/CsobNhvj1p https://t.co/TtUQBl0QyP,LLOYDS : You have successfully scheduled a payment of 54.99GBP to a new payee for 18:45 PM on 14/12 . If this was NOT you visit : https : // removepayees.net/lloyds,en,scam-financial
EcfF_1QVAAAlKUz.jpg,@Robert__Moses @Dennysiregar7 @Telkomsel #BasmiKadrunDiTelkomsel SMS spam is also rampant for catfish https://t.co/yIEYbPnqXv,"CONGRATULATIONS, Your No. Get 1 HONDA BRIO CAR UNIT From NSP1212 ID PIN.1AD47K9 Please verify Info: Click. http://bit.ly/rezeki-nsp1212",id,scam-prize
EJ2Ks4JXkAE7eEm.jpg,@bancosantander #phishing #alert I just received this text message and it takes me to this landing where they ask me for all my information. I hope it serves to warn other customers. https://t.co/0x587ngeA0,"We need you to confirm your data, otherwise your account will be disabled. https://sends.ms/002p82",es,phishing-account alarm
EZbFBkdUwAAf71k.jpg,@PaytmCybercell check this phishing SMS I received today. https://t.co/HcEOeNX6au,Dear PAYTM customer your KYC has been suspended . To Verified PAYTM call 6295904344 immediately . Your account will be blocked within 24 hours,en,scam-account alarm
DjrKVvBXsAAneaO.jpg,"🔴 IMPORTANT! According to confirmation from @DeutscheBankES there is no #Phishing via SMS about updating to the latest available version of the Mi Banco db App. For a #Summer Safe on #Internet, in case of doubts, check directly with your bank. https://t.co/WRNY6UTzCZ","To continue using the My Bank db App, please upgrade to the latest version available. Download it here http://ow.ly/fikc3018e1P 14:02 2",gl,phishing-account alarm
E0uHCisXIAIVTWa.jpg,#phishing #SMS @SFR I am not a @SFR subscriber Thank you! https://t.co/vvGhSs0f0y,"Reminder: SFR informs you of a refund of € 39.99 following the breakdowns that have occurred, request via your bit.ly/ 3uoVRZI space",fr,phishing-financial
EcKCP_tVAAEOMSl.jpg,"I&#39;m confused, this is a spam sms every day, Indosat really sells customer data https://t.co/J3hma99PQc",Sent by unregistered version of SMSCaster : Assalamualaikum We offer SUPER RED ARWANA fish from puppies to 60cm size info WA : 085220827266,id,spam-promo
EP7Z2KzX0AA7PgA.jpg,"@gantzbe if you think this spam SMS will encourage me to vote for you, you're totally wrong. On the contrary. You're just a spammer, like all of them. Yikes. https://t.co/E6uhK3ugX2","How many times have you had an evening with the next prime minister? Residents of Ramat Hasharon and the surrounding area, come and meet the Blue and White Chairman, Lt. Col. (Res.) MK Bnei Gantz, to hear and voice that we must move forward. Thursday, February 13, 19:30, Green Village Boarding School. The number of places is limited. - Hurry to register &lt;&lt; http://bit.ly/31m6wXI",iw,spam-vote
DuebBE5W0AA5Upu.jpg,"Phishing by SMS, sigh... @ingnl https://t.co/Rj7nV8Pyxa",Pay attention ! Your account has been restricted by our security system . You can lift your restriction at https://my.reset.xrid.info,nl,phishing-account alarm
EkiGqkMU0AEVZ-q.jpg,@aduanBRTI please follow up on this sms spam 🙏🏻 https://t.co/LxIGa28Z1c,"OBTf ajuk @ n skrng, pnjam u @ ng tnpa syrat ca! r hinHgga 3jt, tnpa 4gunan bibox.id/v9kk dftr skRrng bibox.id/66zc Ingsung kami pro5es bibox.id/fb7p",jw,spam-other
EfL3vYFUEAApFXt.jpg,It&#39;s been 3 days since I received this ajig spam sms !! https://t.co/7wgNHfmkT9,"[RpQuick] tb installment, valid again. Higher amount: pjO.co/fz7 pjo.co/yta pjO.co/p2h pjO.co/023 pjO.co/gmb pjo.co/3sj pjO.co/isn pjO.co/oly",id,spam-other
EzaL3pWXIAEPiCd.jpg,Yet another phishing channel -  @O2 is there nothing that can be done about SMS sender id verification? https://t.co/ETo1PfykMZ,"Hi . It looks like you recently sent your first premium text ( SMS ) .  Just in case you didn't know , this sort of text isn't included in your tariff .  To check your charges and stay on top of your bill , head to My 02 : https://o2.onelink.me/ rFS7 / 1e68abf1",en,phishing-financial
EVA1hjZWAAEEA4f.jpg,@ingnl SMS spam is going around on your behalf. I just received this one. #spam #smsspam #hoekenzeaanmynumber? https://t.co/1a8IuVpzn5,An unread message is waiting for you with important information . Read your messages on time via: https://www-ing.net to prevent blockages,nl,scam-other
D6zojWKU0AAWdK_.jpg,Oh fuck off with your SMS Spam! #auspol https://t.co/z9XUjurhG8,"As a Victorian , Bill Shorten will make sure we get a fair go . Better health care , fair wages & climate change action - Vote Labor Dan alp.org.au",en,spam-vote
D0Fjd_aU8AAziMr.jpg,@myXLCare a lot of spam sms nich min https://t.co/JQCftTcNwt,"Hi ! Let&#39;s borrow funds at KooRupiah. how easy fast and safe !! Immediately Install the App !! 1 . go.onelink.me/app/ gpbb1 2. http://bit.ly / afyomi1 3. http://j.mp / 2G9G6j1 More info, Call WA 087865785108",id,spam-loan
EKMoqo5UEAEIilt.jpg,"@DelhiPolice @MIB_India There is fraud happening in the name of KYCPTM.

When I received SMS for KYC recertification with a mob number (image attached), I opened @Paytm to verify it and luckily they have posted an alert. 

But any one can be easily looted. Please do the needful. https://t.co/S7GGgdmkSI",Dear Paytm customer your Paytm KYC has been suspended . Paytm office PH 09330100081 immediately . Your account will block within 24 hr . Thank you Paytm team,en,phishing-account alarm
D9xZDf3WwAMjhGr.jpg,"F'ing moronic Dug Fraud Ontario Conservative government.  Wasting more taxpayer dollars SMS texting residents about our Carbon Tax.

And the average Joe buys into this shit... https://t.co/2SkAH5FI4w","Hi , this is Sue from Ontario Strong . Do you agree that we must scrap the Carbon Tax ? Respond : Yes No",en,spam-other
Ei4uFynUcAANu5i.jpg,"@kemkominfo Spam sms like this, why has it never been brought to order, sir, just annoy me https://t.co/Jo5q4of5TB",REGISTER AND GET YOUR WINNING SURPRISE HERE (http://bit.ly/Jacpott Prizes) CLICK DIRECTLY FOR UNLIMITED RUPIAH!!!,id,spam-promo
EOs_YXiUEAAdk2T.jpg,@Paytmcare @vijayshekhar received on e of those scam kyc sms. Please take action against these scoundrels. https://t.co/P40DLmTVWH,Dear paytm customer your paytm kyc has expired contact customer care No 6291555763 immediately . Your account will block within 24 hr.thank you paytm team,en,scam-account alarm
D08ZNz_U8AAKZp1.jpg,@GobindSinghDeo @SKMM_MCMC why do people keep receiving these spam sms? Thanks in advance https://t.co/t5CMnMn4KA,Loan 1 % Licensed Loan (Bank) RM1K get 990 rm84X12Months RM10K get 9900 rm840X12Months RM500K get 495K rm8.4kX60Months,ms,spam-loan
Emnv7RCVMAEEaiR.jpg,"@Telkomsel If it&#39;s an application, God willing, it&#39;s safe, min, now what&#39;s causing this problem is SMS spam, bro. @kemkominfo how is this, bro?? Don&#39;t rush to take care of porn, please, this sms spam has been resolved, when you register using your ID, there is still spam sms, is it a scam? https://t.co/g9o52eKIrh",YTH FATHER AND MOTHER...??? Got Money Problems K4m1 M3n4w4rk4n P1nj4m4n T4npa Anggun4n Interest 2 % D4n s1 st3m Onl1n3 Start 1 5 million / 500 million YEAR WhatsApp : +6285705995799,id,spam-loan
EcttXlUVAAAWBvP.jpg,SMS spam again January 2020 Win 125 million uwoww @aduanBRTI @IndosatCare https://t.co/QVSRaiEtRH,CONGRATULATIONS Your number has been chosen as the winner of the check. 125. million from your Shopee Lottery pin code (AAQ2099) Info click http: // bit.ly/penang-shopee599,id,scam-prize
EcttVsmUYAIetjQ.jpg,SMS spam again January 2020 Win 125 million uwoww @aduanBRTI @IndosatCare https://t.co/QVSRaiEtRH,Constrained Economic Problems Need Business Capital ETC. Lace Interest 2% Per Year Loans From 5 million to 500 million Fast &amp; Easy Process Info Hub WA: 082345419699 Thank you.,id,spam-loan
EWdiqAsXkAEwemH.jpg,Phishing SMS in circulation? @BNPPFBelgium https://t.co/9K0mnbrVFg,BNPPARIBAS : Your easybanking login expires today . Log in to extend your access : https://www-easybanking-be.com and avoid blocking !,nl,phishing-account alarm
ElpTVHcU4AIJX89.jpg,If anybody received this type of SMS  please don't click the link. This is scam. Be aware #ScamAlert @Scamwatch_gov https://t.co/WSleeRk1Pq,"7028XXXX43 , received payment of Rs 3500.00 by PAYTM . Txn ID 9908XX25X . Download now and Register to Receive your amount . TnC http://m3fr.com/e0B04hiro",en,scam-financial
Eh8LF1lWsAEFgT1.jpg,"@PhonePeSupport
 
@PhonePe_
 It's a humble request to your team to remove Request money by Upi option asap as many fraudsters using request money option to do fraud I also got such call
Also see fraud happening by sending such fraud sms #RemoveRequestMoney #Phonepe 
@NPCI_BHIM https://t.co/lPDPLOA9ZU",Dear Customer Your Phone pe KYC Has been expired Today Please call Customer care no 7865879649 immediately Your Phone pe Account blocked within 24hrs . Thank YOU,en,scam-account alarm
EXIu8RQXgAcfe_Q.jpg,@cyber @CNCSgovpt @VOSTPT #Fraude @NetflixPT #sms #phishing https://t.co/zTB6GQndue,"NETFLIX - Account Deactivated :: Payment NOT made . Make your payment now , go to https://bit.ly/3b0ukoj with your Credit Card",pt,phishing-credit/debit card
ES8C-bTWsAA2e-s.jpg,"First @fightfortheftr started sending me SMS spam. I guess because no one could ever object to hearing about a FIGHT FOR THE FUTURE even if they didn't ask to be added to the list.

Thankfully, the messages were infrequent. https://t.co/Suo8rM69Gd",Our digital privacy is under attack . Can you sign the petition to stop the EARN IT Act to protect encryption and free speech online ? You can do it right from your phone ! What's your full name ? Thu 11:35 -,en,spam-other
Dzv3fIRUUAEpDwx.jpg,"@Telkomsel min I&#39;m very disturbed by sms and telp it&#39;s not clear, someone offers me credit and collects credit bills and even spam calls. This is the new number I bought https://t.co/OcWFeL2252",Fast Cash Funds.. Pawn BPKB Car / Truck - Cashback up to 2 million - Official Leasing Can T.Over NISSA 082211474746 Wa : biy.ly/infoAgunan BPKB,id,spam-loan
EWL4fdBU4AMCGZz.jpg,@Paytm @Paytmcare got this SMS. Hope it’s not from you! Seems phishing/ fraud etc @idea_cares how to block such fraud messages!!!! #dnc #DNC #Phishing https://t.co/ipEDj6nMAE,Dear Customer Your PYTM KCY has been expire today please call customer care no 8389933297 your PYTM has been block 24hrs THANK YOU PYTM TEAM,en,phishing-account alarm
EzUx4ajVgAEgwSo.jpg,@aduanBRTI please process. Spam SMS https://t.co/wyKy8bwsEa,"Customer 08131 +2000 Your PULSA COIN Still Not Collected? You can exchange credit, you know. IMMEDIATELY Call * 500 * 75 # to grab it now before it&#39;s sold out! *500*75#",id,spam-promo
EQhT-aEWoAEnJUi.jpg,@RabobankGroup phishing SMS from a NL 06 number. This message is not from #RaboBank. Do not click on the link. I am not a customer of RaboBank. https://t.co/kGz1xWlLCT,Rabobank : Your current Rabo Banking App will expire for use . Prevent blockage and update your Rabo Banking App: https: // rabobank.nl.vorm.w ebsite,nl,phishing-account alarm
Dztr4PEWwAEdM36.jpg,I hate SMS spam https://t.co/9XmWwcKPm2,"Hello , Take the 17 Day Diet Challenge ! Lose weight fast! Exclusive support on whatsapp! How many pounds do you want to lose? http://bit.ly/2MAVIXX",pt,spam-promo
E1dAQuRXIAQSbZE.jpg,"Just got another scam SMS on my phone 📱, see below. The frequency and severity of scam messages in the UK seem to be much higher that other countries that I have lived in, such as Canada 🇨🇦 and Turkey 🇹🇷. Are there any reasons for this? @actionfrauduk https://t.co/IVUF6W1ZRB",CENSUS : This is your LAST chance to amend your Census application . Please visit https : // census.trackonline admissions.com to amend and avoid £ 1000 fine .,en,scam-other
DvOdECyXcAAHvCf.jpg,". @ freemobile attention, SMS phishing attempt https://t.co/bQJ5cIKNOV","Free Mobile reminds you of the regularization of your invoice N °: # 554866 of 20/12/2018, your line may be suspended for 24 hours. Please complete the following steps: http://gg.gg/crioo",fr,phishing-account alarm
Ey7MWqLW8AAemiM.jpg,"⁦Erm, ⁦@ExecuspecsSA⁩, what do I SMS to opt out of this spam? https://t.co/CGTMgZ4Qcs",Hi Mark . You're overdue for an eye test at Execuspecs . SMS YES to book & get TWO looks for the price of 1 ! Buy your first pair & get a second FASHION pair FREE . T & Cs,en,spam-promo
EsVlq6IXUAIy0mQ.jpg,"We are aware of SMS campaigns seeking to exploit the Coronavirus vaccination efforts. They claim to be from the UK Government, NHS, Test &amp; Trace, GP surgeries, pharmacies, or other health organisations. If you receive these messages, forward them : Action Fraud to the FREE  7726 https://t.co/KfvTZtOu4p",GOV.UK CORONAVIRUS ALERT New rules in force now : you must stay at home . More info & exemptions at gov.uk/ coronavirus Stay at home . Protect the NHS . Save lives .  We would like to inform you that you have been recorded as leaving your home on 3 occasions yesterday . A fine of £ 35 has been added to your gov.uk account . For further information please visit gov.uk/ coronavirus - penalty - payment tracking . Protect the NHS . Save lives .,en,scam-covid
D14Nm0fXgAEMhKI.jpg,"If you got this SMS, ignore it. It’s fraud.
#Dubai #DXB #DubaiPolice #Fraud https://t.co/w9ZGXNKH6L","Dear customers , your ATM card has been blocked . because you did not have an update yet.if you want your ATM card to work properly , then contact this number i7to , 0567435642 0568024108",en,scam-credit/debit card
DubvuG5XgAA2Qlb.jpg,@TheOfficialSBI I think this a fake link circulated these days to customers as a phishing SMS. WEB ADDRESS looks genuine...if this is a phishing...corrective action is requested to safeguard the customers. https://t.co/vykdofpa3y,"Our records indicate that you have not registered your SBI Card on our website . To stay updated with your transactions , register now - http://bit.ly/1V8wNAQ",en,scam-credit/debit card
Ed2n1GEUwAAmSeY.jpg,How about not playing on the cellphone at night @kemkominfo. Delete tons of spam sms. Reporting to @aduanBRTI doesn&#39;t help much because you keep getting spam sms like this https://t.co/tvpAyiNJwK,"Replace the antenna with a satellite dish, clear picture, free channels forever, complete with local tv, no fees, 12BLN guarantee. Hub 081386960358 wa http://wa.me/ 6281386960358",id,spam-promo
EfJYinzXoAMn6xz.jpg,"@policia attempted phishing via SMS, posing as @Correos. It comes to me through a normal and current mobile number, which I censor by the LOPD. If you need it to take it into account, I will send it to you by MD. Greetings! https://t.co/HclVRa8kHf","POST: Your WNG 79 ** 5 package is ready, pay the shipping costs (€ 1.98) to be delivered on 08/12. You will find data here: https://correospagar.com",es,scam-delivery
Ed_u1FJWoAAj9c7.jpg,Nasty SMS scam targeting @AskAIB doing the rounds #security https://t.co/4nsg0bUrOL,Your AIB Card is deactivated on 28/07/2020 for security reasons .  Go to https : // aib - card skimmed.com as soon as possible to order a replacement card .,en,scam-credit/debit card
Dr6hkr_UcAAIvY6.jpg,.@WellsFargo phishing activity happening thru SMS https://t.co/lgMsdLx8XI,( Suspicious Activity ) http : // bit.ly/2DipbJa Wells Fargo Bank Account Access Locked87,en,phishing-account alarm
E2Yk8RPUUAAT_Bm.jpg,@aduanBRTI please process. SPAM SMS https://t.co/Fgxlp35ui4,Sorry To Disturb You Need Funds For Business DII . And Other Needs &quot; Interest 2% Min 5 million 500 million For Whatsapp Info 081217218025,id,spam-loan
EbF2eVuUMAAizwi.jpg,@Paytm @Paytmcare Please act on this fraud SMS asap https://t.co/02npfjgZTm,Dear PAYTM User Your PAYTM A / C KY.C Has Been Expired Call immediately For Verification A / C will be Blocked within 24hr PAYTM OFFICE PH 8209936674,en,scam-account alarm
Enko4GxW4AAiq_4.jpg,@ABNAMRO In case this SMS is not yet known to you. Here&#39;s a case of scam. https://t.co/bwF2IYXanN,"Your ABN debit card is outdated and will expire on November 26, 2020 . Request your debit card for free and prevent blockage of your bank account via: https://cutt.ly/ABNAMBRO-PAS",nl,scam-credit/debit card
DnYmGJGWsAAD2DJ.jpg,1) you did not try to reach 2) I did not receive a previous message 3) nothing in the message creates confidence that this really came from DHL. The link will not take you to the DHL domain. 4) the message came after the aspa closed. @DHLexpress: your Finnish SMS Notifications reek of an phishing attempt. https://t.co/wFs3TQRMGi,"DHL Express: Hello, we tried to reach you regarding a customs-cleared import shipment consignment note number Shipment customs clearance is a paid service according to the prices and terms of our previous message. Please provide the information via the link https: // isms .fi / or by replying to this message with your personal or business ID and e-mail address in the form hetuy - id space e-mail address. DHL Express tel. 0205338023 fiennakko@dhl.com",fi,phishing-delivery
EiBFtK8U4AEwfVF.jpg,"@IndosatCare how come I like spam like this, even though I already have a package until next month but I always get this sms. Blom again, if the credit is a little bit, it&#39;s also spammed then told to top up so that it can automatically renew the package even though the package has a long active period https://t.co/9YtPqGVhaD","Your package&#39;s validity period is almost over, let&#39;s buy your 3GB Package for 25k again at *929# or get Extra 1GB by buying the 4GB 3orb Package",id,spam-promo
EADJV1SU0AA7mZg.jpg,"Hi @myXLCare, what is this? Spam SMS like this is really annoying https://t.co/Nrb88MhSSE","Plgn Dear, You Get +1000 Credit Coins &amp; Unlimited Chat Packages. How come it&#39;s still not taken? Call *500*85*1# to grab it now. You can exchange credit, you know. Rp2k / 3x / mg",id,spam-promo
EsW1wOkXUAA9Aj9.jpg,"PLEASE NOTE: Phishing SMS from PostNL with a link afterwards to a well-constructed site of the bank, so that the maker of the site gains access to the real bank site with this information when filling in bank details. @Fraudhelpdesk @Police @ncsc_nl @rtvnoord https://t.co/JImA3LmGr0",[ POSTNL ] Your package has been sent . Follow your order via this link: https://is.gd/x3qHVe,nl,phishing-delivery
DakSTXvU0AAOQdO.jpg,"Min, please delete the spam with the front number 99xxx, I never subscribed, every time I receive an sms with that number my xl credit decreases trs @myXLCare https://t.co/2QJUPw0jW7",The easiest way to appreciate life is to be grateful &#39; Prayer Schedule + Aphorisms + PULSE BONUS from Hi Muslim for you FREE! Type: REG PRAYER,id,spam-other
EhROoGGUYAAFryT.jpg,@aduanBRTI please follow up on these numbers because they are still spam in my child&#39;s sms... thank you.. https://t.co/4TRM1f1n73,NO - You won an annual shopee surprise SHOPEE get Rp.175M ID pin (J7K2B59) Confirmation CLICK: bit.ly/promoundian2020,id,spam-promo
D_wBp8rWwAA3yw7.jpg,"📲 My SMS #Spam for today courtesy of @ToyotaSA @StandardBankZA @budgetins.

👉🏻 For your #Marketing Directors: This IS NOT marketing. https://t.co/ECZ5dZ5yxs",Toyota Legend 50 Hilux from R8244pm & Lexus UX Hybrid from R9995pm . ONLY dealer in SA to offer this deal . Get the best rate - based inst . Call 0600489019 STOP = OUT,en,spam-promo
DzIXxZeU0AIfCuU.jpg,@aduanBRTI please follow up on spam sms according to this capture https://t.co/bmaIAecEPO,Your Financial Solution Immediately Apply for BPKB MObil Easy &amp; Fast Starting 0.8 % / month Indonesia Can Take Over,id,spam-loan
EyckF7aWQAMSxUL.jpg,"Oh, now phishing is also coming in via SMS. I haven&#39;t had that before. Received multiple text messages recently with obviously malicious links. Here are 2 examples. https://t.co/pvSKc3tT2x",Packed: Your delivery to KdNr 40616345 was handed over to DHL. Details: https://www.91-design.com/trck/? yxla2uqo2zw9,de,phishing-delivery
ErShRcPXUAAGXad.jpg,Nice SMS scam.  I hope the elderly and less technically literate don't fall for it. https://t.co/tMvN4MzWFM,GOV - UK : We have issued a payment of £ 258.76 to all residents as part of its promise to battle COVID - 19 . Please visit : http : // uk -cvd-19-grant.com/to apply .,en,scam-covid
EEsOjaLWwAEESG5.jpg,⁉️ Just to be clear!! I get these kinds of text messages. Now it is the case that I do NOT have a Rabobank. But be careful!! ⁉️#rabobank #phishing #SMS #PASOP https://t.co/RC1JyzX1G2,Your Rabo Wereldpas will be restricted if you do not apply for the renewed NFC - 2.0 debit card before Friday 20 September via: bit.ly/RECYCLE RABOBANK,nl,phishing-credit/debit card
D76Ttt6WsAEl65v.jpg,Hey @RappiMexico How do I stop your SMS spam? 😁 https://t.co/Wp9rL7h6EW,"Wednesday, May 29, 2019 Rappi: We help you with the account! We deposit $ 90 in credit rewards so you can order whatever you want TODAY until 11:59 PM. T&amp;C 21177648",es,spam-promo
EpPspdTVoAAIn41.jpg,"hello @Telkomsel, how do you block @BurgerKing_ID sms? the spam is not strong enough to send sms 2x in a row. https://t.co/DL6QbcNpjB",PromoOnly 30K! Chicken Cheese Burger + 4 Pcs Waffle Fries + Coke Exchange SMS now at the nearest Burger King click https://bit.ly/tselbk321 SKB info * 606 #,ms,spam-promo
DZ8inH3W4AE8g2O.jpg,"Ummm... no thanks. Also, why is SMS spam a thing? Ugh. https://t.co/MAetY2wd2g",Exclusive 24 - Hour Savings on Lip Injections . Get the Lips You Want with Versa ! Schedule an Appointment Today ! Click on Link for More : https://slkt.io/jup,en,spam-promo
EonDxqPVEAENw7k.jpg,Hey @Telkomsel please block all spam sms from @BurgerKing + @id_cfcindonesia it&#39;s already really annoying https://t.co/vguy6kapHE,"Meal Offer 2pc Chicken + Rice + Coke only Rp. 30,000 Exchange SMS today at the nearest Burger King click https://bit.ly/tselbk271 SKB promo * 606 #",id,spam-promo
EQ55WQwX0AEfxGX.jpg,Even @DrRosena's campaign team is getting stuck in! This is NOT a good vote canvassing method. It feels REALLY intrusive. These are almost on par with unsolicited SMS spam and don't help reach potential voters. This isn't how party membership databases should be used. cc @ICOnews https://t.co/6N78L7gY4v,"Doctor Rosena is standing to be Deputy Leader . She's an A & E doctor who has worked in conflict zones , helping the world's most vulnerable .  You can read more about her online : www.drrosena.co.uk  Christopher , can she count on your vote ?  Reply : YES , NO or MAYBE",en,spam-vote
DZV4MifU8AEZy5o.jpg,spam sms again @IndosatCare https://t.co/UV28B09r26,Choose number 1. Khofifah - Emil Candidate for Governor of East Java Honest and Trustworthy,id,spam-vote
DzI-M_fX4AAsRBE.jpg,@Rabobank now also receive a text message from you that my card has expired. Don&#39;t have an account. Is scam. https://t.co/W6AKeoNK06,Your Rabobank debit card will expire on 14-02-2019 . Request your new bank card completely free of charge and prevent your bank account from being blocked via the website: X.co/RABO Rabo Internet Banking - http://x.co/RABO,nl,scam-credit/debit card
Enp3EXhUUAAi9XA.png,"This bastard @StudyEuropeNet is spamming my ZERO DNC @ViVodaidea number using @airtelindia. WHAT ACTION WAS TAKEN ON MY 1ST COMPLAINT? @DoT_India @TRAI @rsprasad STOP THIS NONSENSE SPAMMING IMMEDIATELY. SHOW SOME RESPECT TO SUBSCRIBER'S RIGHT TO PRIVACY from DNC, PERIOD. https://t.co/UgMMzVhA8H",The EHEVE 2020 webinar has begun ! Log in to know about Studying in Europe . 25 - 27 Nov ! Join Studio A : bit.ly/ 25 Nov_StudioA & Studio B : bit.ly/25 Nov_StudioB,en,spam-promo
EqxDS3JVgAAGAvA.jpg,"@CCICPolri Don&#39;t talk about digital footprints first, this is spam, fraud, etc., brush it off first! Just taking care of others https://t.co/rCC8ynwZPr",Your +1000 PULSA COIN Customer Today Hasn&#39;t Been Collected? IMMEDIATELY call * 500 * 42 # and choose 1 YES to take it. Can Exchange Credit / Data. It&#39;s a shame if it&#39;s scorched.,id,spam-promo
D6jTdlOUwAAVsC4.jpg,@adeychin sms spam at least &quot;congratulations you got 100 million&quot; this is me like this 😂 https://t.co/62Sc1FQMNa,"Vicky, how are you, I miss you, I ... michat.sg/s/r4fin Fri 21.10 to TELKOMSEL",id,spam-other
ExtD1a9WQAEfqqr.jpg,"#Good morning! Received a text message that my current debit card has expired, but I don&#39;t have an account with @ABNAMRO. #smishing, #scam, #scam, #fraud, #phishing https://t.co/CgNexW0lDP",[ ABN AMRO ] : Your current debit card will expire before use . Request the renewed debit card for free now and prevent blockage via: https://bit.do/67-Abn-Amro-NL,nl,scam-credit/debit card
E0rpU1eVkAEoD75.jpg,⁦@Airtel_Presence⁩ ⁦@airtelindia⁩  we should stop such spam and fraud SMS. You should have filters to identify the content https://t.co/MiIMK0K3E7,"YOUR NUMBER HAS WON 9OLAKH RUPEES FROM COCA COLA COMPANY U.K SEND YOUR NAME , MOBILE NUMBER , AGE , SEX , BANK DETAILS AND ADDRESS VIA : cocacolaclaimcentr@hotmail.co m",en,scam-prize
EifAaE8U0AASx04.jpg,This morning&#39;s spam SMS (always) brought to you by @IndosatOoredoo https://t.co/jOOGR8MvYo,"Hi Indosat Friends, Special Promo For you, you can get DOUBLE BONUS if you refill your number tomorrow, you know. Yukss, don&#39;t miss it.",id,spam-promo
EqNlwwOXMAEl9A5.jpg,Another 4 letter .info sequence used for SMS phishing....@Afilias @Namecheap https://t.co/Mk4TPuZlWl,"20 Xmas special for AT & T clients - previous iPads given away to make space for the new Pro 2021 iPads . 52 units left , JOHN : n9fsv.info/atYK",en,spam-promo
EHOEz-PU8AAdR26.jpg,@aduanBRTI please follow up on the following spam SMS. Thank you https://t.co/wzsUjyBNsn,SHOPEE INDONESIA Congratulations No. You are Officially Registered 2nd Draw From SHOPEE Rp. 175 million PIN ( J7K2B59 ) For prize info click ; www.pt shopee549.blogspot.com,id,scam-prize
EwixE4kXIAoOYRO.jpg,Think I've just had a Smish SMS @PayPal so just letting you know #fraud #paypal #fraudtext https://t.co/0hYstYp1t4,PayPal : We have limited your account due to safety concerns . Please visit https : // paypal-user-id936.com before we are forced to suspend services .,en,phishing-account alarm
Eyb03IhVEAItGJ3.jpg,"I am receiving SMS spam from +918003094199.
The person(s) holding this number have stolen my identity &amp; financial data. https://t.co/opPYdkwcPE",MSME Business loan Approved ! Your Application No - CB348 / RW58R747 / HS5471 Has Been Approved Please Check The Status - https://bit.ly/3czJ1A2,en,spam-loan
EngT9s1UcAAQQbU.jpg,"@KotakBankLtd It seems scammer's are behind your Customers for fraud..

We have received 2 SMS's on 12th Nov and again Today i.e. 23 Nov from two different source with Link that requires all info to hack anyone's account.

Kindly look into this.
@udaykotak @RBI 
#SMSscam https://t.co/NULoIvIPab",Dear customer your Kotak credit card points worth INR 9870 expired by tomorrow . Kindly redeem your points in cash by click here https://bit.ly/21Pwxcq,en,scam-credit/debit card
Ejo1i1-VgAAfHuN.jpg,"@aduanBRTI Good Afternoon Sir/Madam, please allow me to report SMS Spam as follows, Name and No. The recipient&#39;s cellphone (the Reporting Party) according to the information via the previous DM. Thank you. https://t.co/F52LAxKDQm","It&#39;s easy to get J4ckpot at Rgopker bit.do/RgoPker Play 4duQ, Blackjack, Three Kings, Baccarat T063L Taiwan, Live 12Ball, Sbobet, SLOT G4ME, pker. Grab the Profits!",id,spam-promo
DyoGZaxVYAAPur2.jpg,@aduanBRTI please spam this sms sir.. its very annoying https://t.co/x0Ca4IScWs,"WANT TO SOLVE PROBLEMS LIKE; 1. In debt 2. Household expenses 3. Unrealized income, etc. www.smartcard577.blogspo t.com wa / 085399642969",id,spam-promo
E5CrAavVEAElM7G.jpg,@TheOfficialSBI  Received a sample phishing attack SMS. https://t.co/6Dpq9CUjau,Dear customer your SBI Net Banking account has been blocked please check your A / C details click here to login your net banking https://bit.ly/3qySfD3,en,phishing-account alarm
DnC-RkzXsAAA27Q.jpg,"@Orange_conseil @Orange_France @CNIL Complaints on 05.31.18, 08.10.18, 09.14.18, for SMS spam (Orange advertising). I am always told &quot;we are sorry&quot;. Or how to take his clients for fools. Bye bye Orange! One customer less. https://t.co/oLPYNWftzj","Good Orange plan, +300 unlimited newspapers on ePresse on tablet / mobile, € 1 / month for 3 months then € 9.99 without commitment bit.ly/2p1XvAn STOP to stop",fr,spam-promo
Dg8qMUuUcAIsj5R.jpg,"Often get sms like this. If it is a married couple who may not know about SMS spam, the household can be disrupted. It seems that I never top up my credit at the pulse counter. Can it be done if Telkomsel sells customer data? @Telkomsel https://t.co/URoUUn5O6r","It&#39;s been a long time I haven&#39;t heard your voice, please call me here 08091401030. no sex and sara",id,spam-other
El8wpdNUcAAmhmj.jpg,"@aduanBRTI sir, I got a lot of spam &amp; fraud sms, please follow up, sir. Thanks.. https://t.co/mdK0bGIcb2","Free chips up to 10.5 Billion in SLOTG4MES Play CEM3, Live36ball, T063L China Pker, BI4ckJ4CK, Dominoes, Three Kings, SBOB3T, Baccarat! At Rgopker bit.do/RgoPker",id,spam-gamble
EU_AM0pUwAEixay.jpg,@DCP_CCC_Delhi Receiving such sms these days..looking like some online scam... https://t.co/7oi7ZBr8x2,"Congratulation , Your 9509XXXX34 is selected for Rs 2000.00 directly in your Account . Register now to use it TnC  http://m4sg.com / Ippjnnliqhp",en,scam-prize
E33swshWEAM4yI0.jpg,"Phishing sms campaign of @BankRuralvia. If the bank provides me with a contact method, I can provide the message. https://t.co/X4W165AXLk","Ruralvia: Your Access is temporarily blocked. To activate your account, you can access safely from: ht rur",es,phishing-account alarm
Ed71LaTUcAI6HdH.jpg,@TRAI @rsprasad @DoT_India Started getting spam sms from mobile numbers since last 2 days even though I’m on DND. How are they able to spam users? I have not signed up for these. Please look into this. Serious privacy issue. Is this legal? #privacy #spam https://t.co/750RTG2GAx,"Congrats Dear , Your A / C XXXX6971 can be credited with Rs 500000. Verify your Email to Receive your amount . T & C http://xq3i.com/HWAHLNLKYQLLN",en,scam-financial
E4e8xtVVgAIQaQG.jpg,"Just got an SMS text message saying you won the Amazon Raffle for this month (or came in 2nd place)? No congrats for you, my friend. It's a scam. Here's the scoop on what's going on: https://t.co/KUEPBF2JSA #amazon #scams #phishing #lottery #raffle https://t.co/20YBJqqHbH","Amazon : Congratulations Yovanny , you came 2nd in March's Amazon pods raffle ! Follow this link to : b4grs.info/AtLos7tVix Apr 30 , 9:07 PM",en,scam-prize
EdwISCaXgAERh9I.jpg,@PaytmCybercell @Paytm @PaytmMoney @PaytmBank  today i got sms which seems spam and online fraud. Kindly take action immediately. @KolkataPolice @PuneCityPolice @MahaCyber1 https://t.co/ChV3Xjy0ZM,"Dear Customer , Your PTAM KYC has been expired . To Verified KYC call 8388910161 immediately your account will not be work within 24 hrs . Thank you  This message is sent from an unknown number .",en,scam-account alarm
Ehs2LVRXYAA1A2u.jpg,"@PhonePeSupport @PhonePe_ @phonepe_safety 
Hello PhonePe,
I have received this SMS today. Seems like fraud SMS. Kindly look into it. https://t.co/lJF0I7k01w",Dear Customer Your PhonePe KYC Has been expired Today Please call Customer care no 7001362021 immediately Your PhonePe Account blocked within 24hrs . Thank YOU,en,scam-account alarm
EslhzXxW4AAAKQb.jpg,@Cambswater can you confirm this is phishing? I will report it as such through android (SMS at the bottom of the image) https://t.co/15fGZCG1pR,Your Cambridge Water E - bill is heading your way . Find out more here https://www.endx.io/GEqlXwc 2 min,en,scam-financial
EViTSKiUEAAWhPm.jpg,"@Swamy39  Sirji, Farmers are receiving this message but INR. 2000 is not credited to their  bank account.Only SMS is sent At this  difficult time seems like some people are looting and diverting funds allocated for FARMERS. Pls_ look in to this possible scam. https://t.co/oTjVO8Se9N","Dear Farmer , We care for you . During these difficult times , in order to provide financial support to your family , an amount of Rs 2000 under PM KISAN scheme , has been credited in your bank account by Government of India . Your Narendra Modi",en,scam-financial
Elb95BWWMAgEFie.jpg,"@ledger I'm being targeted by hackers who stole Ledger's database.
I have received several sms to my personal number with my name and surname, asking me to update the ledger because my funds are at risk (poor scam attempt) https://t.co/1uXlG0POEc",Please visit https://ledger.legal website and update Ledger firmware as the previous one has a bug with the risk of losing assets,en,scam-account alarm
Edw_eirUwAA3Tt4.jpg,"TrueID, this is an app that can&#39;t send Push Notifications, it has to be sent as an SMS, so press report spam https://t.co/QqP2iW0ZfT","Weddings for the poor from Beer Phrom Phong Free listening, no internet fees, click bit.ly/39fUjHk",th,spam-promo
EPFUqclUUAANgiv.jpg,"@Telkomsel please help, I received a message like this when there were still many telephone packages, SMS packages, and internet packages. Plsss don&#39;t spam https://t.co/4WGXzoO7zC","5111 Your credit is not enough . Activate Emergency Package 750MB, 75 min Tsel, 30 SMS Tsel Rp7k valid for 2 days. Payment when top up. Reply YES if you agree or call *500*5#",id,spam-promo
EuitknnXUAQkJyN.jpg,"@ScotiaColpatria There are several phishing attempts that are reaching me by sms, with links to pages that look like the originals. So that they prevent their clients and do something legally against those who usurp their image https://t.co/HG8DFCtt5M",Dear Client: Scottiabank - Colpattria notifies you that due to recent changes in our platform you must update your data at the following link: bitly 37k37u.com,es,phishing-account alarm
EJ0vrh-XYAA8zr3.jpg,@Rabobank another phishing sms… https://t.co/8idOq5AsBi,Rabobank : Your current debit card will expire before use . Request the renewed debit card now completely free of charge and prevent blockage via: www.wereldpas-service.nl,nl,scam-credit/debit card
EH9rhFiXYAAQ1AN.jpg,"Wow, an SMS received by the name of @Cajamar with an attempted fraud where I do not paint anything with them. If you see an SMS like this, DO NOT fall. It is PHISHING. @policia https://t.co/VeOjzjNsvT",Caja Rural: We need you to verify your account by entering your credentials and SMS verification http: // Cuenta-cajarural.com,es,phishing-account alarm
Eyiyh6VWEAg1cc-.jpg,"@UniCredit_IT I report receipt of this sms, I think it&#39;s spam because I don&#39;t have an account of your own 😅 https://t.co/W4RpeuaR3J","Safe system An authorization to spend € 251.78 has been requested if you have not done it, follow the following link https: // accunc.me/unicredit/",it,scam-financial
EyG7uffUYAQLr9n.jpg,@SuprDaily would u be kind enough to STOP spamming in sms inbox! #suprdaily #spam https://t.co/qIJTIOrJ5v,"Dear Supr Customer , you have Rs . 100.00 Supr Credits remaining , out of which Rs . 100.00 Supr Credits will expire on 04-04-2021 . Supr Credits can be used to purchase a wide variety of groceries on the app . Please utilise your Supr Credits before they expire ! - Supr Daily",en,spam-promo
EcfXDygX0AY7EmH.jpg,"Another SMS from 01Correos ,,,, phishing 👊🖕 https://t.co/ZUTCIB81XW",Amazon has been trying to contact you regarding the prize (70533) you won in the June Giveaway. You - article: 8zs.co/ GATg1,es,scam-prize
DdT2dWkXkAADSre.jpg,"@ICICIBank_Care Never applied for ICICI credit card, received an SMS saying you'll get the card in 7 days. Seems like your back end Team is doing fraud with Customer data. Please check the screenshot. https://t.co/ypcVZFEwsw","Dear Customer , your ICICI Bank Credit Card Application 18050800596 is under process . The final status will be communicated to you within 15 days .",en,scam-credit/debit card
EbfXvxYUEAIzKva.jpg,"The most bgsd bonus, the purchase is applied to him, the bonus is not enough, it applies for 1 day with him, spam sms pulak 😂😂😂 https://t.co/DpPWnNy3qU","LAST DAY ! Come on, top up 50k credits at MYTELKOMSEL and get 75k (including 25k credit for fellow Telkomsel numbers for 1 day) only until 27 Jun20, SKB. Buy at tsel.me/pls",id,spam-promo
DzNaCM_VsAIGWe5.jpg,"This @Telkomsel just opened the seal, immediately got a spam sms https://t.co/5TQxhUxBNR","Facial Hny Rp. 42,500 . Disc 30% Treatment + 15% Cream &amp; Free Consultation. Exchange sms at Reta Beauty Clinic Jl. Diponogoro 35 , Kudus bit.ly/retacinc S &amp; K.Info * 606 #",id,spam-promo
EWyKlyhX0AAJ_FL.jpg,@HSBC_UK I recently recieved this text. Definitely an attempt as SMS phishing. https://t.co/g3EsCONQkg,"Your HSBC account has been locked for security reasons . To re gain access , please visit : https : //hsbc.customerid4921881 .com / ? h = 2 HSBC",en,phishing-account alarm
EhwQZeWWAAMwTn6.jpg,Yo @FCC are presidential candidates allowed to spam SMS messages like this? This has to be some violation. Also how many messages a day/week constitutes spam. https://t.co/AKkNmTSFs7,They'll attack your homes if Joe's elected . Pres Trump needs you to become a Diamond Club Member . Your name is MISSING . Donate : bit.ly/3ipuQPr,en,spam-vote
EDHrA6NUEAAc0Tg.jpg,"@cars24india @TRAI, @vikramchopra
Cars24 spam sms still goes unabated &amp; yet no action from them. Please follow the TRAI guidelines.Cars24 does not have right to use my no. for unsolicited purposes.Failing this there will need legal repercussions. Vikram, are u reading? https://t.co/p19XNfrHMU","Sell your car in 1 Hour @ Cars24 Best prize guaranteed , instant payment and FREE RC transfer FREE car inspection Miss call 9319283992 OR https://bit.ly/2HQmok4",en,spam-promo
D7oF7Q3UcAE_0aC.jpg,@ato_gov_au do you guys know about the phishing SMS I just got? Seems like an obvious scam. No way for me to tell the source phone number unfortunately. https://t.co/ZAa2dXSHZJ,You are due to receive an ATO refund of $ 2675.51 . Visit www.atoreclaim.com and logon with your phone number and ATO PIN : 80143589206 to claim,en,scam-financial
Ejt7VWnXcAAiPRY.jpg,@policia @guardiacivil #phishing alert via SMS: https://t.co/TVm1kObKaL,TAX AGENCY: You have qualified for a € 139.34 tax refund. Find more information on the official website https: // Agenciatributaria-es.link,es,phishing-tax
EOtlxQQUUAAF85U.jpg,Hey morons @airtelindia Why am I getting unnecessary SMS. I will port my number if you continue to spam my message box. https://t.co/IKJiBtbHmV,"Airtel - Truly Unlimited ! Apna agla recharge karein Rs219 se aur paayein unlimited calls sabhi network par , 1GB / day , 100 SMS / day , unlimited Wynk Music aur unlimited Hello Tunes 28 din ke liye . Anya recharge ki jaankari ke liye Airtel Thanks App par jayein - www.bit.ly/2MybOp5",hi,spam-promo
EwXAxs8WQAEf60j.jpg,@RoyalMailHelp are you aware of this SMS scam. My wife just fell for it https://t.co/NhPxLiNhwA,"Royal Mail : Your package has a £ 2.99 shipping fee , follow : https://royalmail-fees-pay.com/ to pay . Otherwise we are forced to return the package back to the sender .",en,scam-delivery
EhfDNbRXcAAQEMs.jpg,Text unsolicited #SMS #spam for #Election2020 🤬 https://t.co/vY3pKJAB47,"Sorry , bad news : Biden's tax increases would hit almost all Wisconsin taxpayers : american-herald.com/ 2020 / 08 / 12 / joe - bidens - tax plan - is - too - risky.l .",en,spam-tax
ES_3PaEXsAA-r7W.jpg,Apparently a lot of cyber-thugs are trying to use the #Covid_19 to phish people's bank creds. I could probably bet quite a sum that the sms i received is one of these attempts. Am I wrong @INGBelgique @INGBelgie? https://t.co/V3mTZcqSPy,+32486301843 Your ING account has been placed in the quarantine zone and needs to be verified again . Prevent blockage and follow the steps at: https://nl.Ing-quarantine.com,nl,phishing-account alarm
EVaNu6bXsAUUs4n.jpg,Phishing sms! https://t.co/I7XQlNBWm1,[ ING BE ALERT ] : Confirm your mobile device to continue using my ING . Prevent blocking of your online environment: https://ebanking-verificationlogin.com/ing,nl,phishing-account alarm
Eg1scJiWkAcomOu.png,⚠️Phishing alert: The #Auvergne de Police Judiciaire Regional Service has just informed that a #phishing campaign by SMS is underway. The goal is identity theft. #CyberMenace #SME #TPE https://t.co/ARmb2ZvZmc,"Benefit from assistance of € 1,500 from the solidarity fund for VSEs for the COVID19 crisis Access the form https: // www portal-gouv.info/ STOP 36034",fr,phishing-covid
De0jvbbVMAAYQhS.jpg,"Mr. @kemkominfo @rudiantara_id , I&#39;m a male and thank God I don&#39;t wear hijab, then why do I get spam SMS like this?? Even though I have registered the HP SIM Card. Are there any hints to help answer this SMS? https://t.co/BXHjhThL1C",Buy 1 Get 1 Free Instant Veil . Show this sms on ZOYA JI. Jend. Sudirman No. 25B Purwakarta . Only valid today. T&amp;C apply. Promo *606#,id,spam-promo
Da3jlumWAAACcSd.jpg,@cabifybrasil Spam via SMS? Why don&#39;t they stop when I choose not to receive your msgs? #cabify #fail https://t.co/ZhdJtvkPVC,"Cabify : For every Sunday and Monday until 2/10 in BSB , use the code PREGUICINHA , 40% off in 8 races ! Valid from midnight (to leave, send STOP)",pt,spam-promo
E0_VvsJVkAgtojF.jpg,@aduanBRTI number 2 @Telkomsel spam sms directly https://t.co/WD3q09OnMh,Who knows you need extra for business etc... interest 0&#39;2% a year at least 5 million - 500 million Info wa 087704197222,id,spam-loan
EvJWQ_HVcAIFwmA.jpg,@amazon @AmazonHelp getting #fraud sms &amp; calls claiming that I have won a lucky vouchers. Please look into it . #fraudcall #scam #phonefraud @TRAI @GoI_MeitY https://t.co/nPGiNf9ihs,"Dear Customer , You Have Got A Gift From Amazon Online Marketing Organized A Lucky Draw Contest After Registration You Can Take Car ( TATA SAFARI ) Or Money ( Rs . 1260000 ) As Your Choice . Contact Us - 7501177152 , 7596809534,8670435425 Click Here - https : // amazononlinecontest2021 .weebly.com /",en,scam-prize
DlloeDqXgAAZB5j.jpg,"❎❎❎FRAUD ALERT❎❎❎

I just received this SMS from Bank Fraudsters. 

No Bank Will Ask You To Call Any Number To Reactivate ATM. https://t.co/uBIPxjxAub",ATM Block : Dear customer your ATM CARD hasb beèn blocked due to BVN upgrade ' of the year quickly call 09056533979 to re - activate within 24hours 7:49 am D,en,scam-credit/debit card
EC-vpUyUEAIY8VQ.jpg,"@Telkomsel it&#39;s getting scary now, the incoming sms... don&#39;t use sir/madam or initials anymore, just say the name~ this is text spam, right, min? :( https://t.co/Ri6vrjIQLs","+62 852 17023369 anis, actually I&#39;m secretly watching you. chat-v.com/s/50cra8",id,spam-other
En_SorLWEAAx5pB.jpg,"Do you have a Ledger hardware wallet! Beware: you could fall victim to a fishing attack. Your crypto is safe, but the SMS you get from &quot;Ledger&quot; is not: https://t.co/bopBd6qPaM #scam #ledger https://t.co/bEDg5PeM5u","t Withdrawal request from new Device , ( IP China , Macau ) . Edit or Cancel details : ledger.com-device.id73457.app/ activity",en,phishing-account alarm
E1SoWGSXoAA4F8j.jpg,@SmileComsNG Y'all are so fraudulent. That's your sms to me. Just stop scamming people. Your internet is shitty enough. Don't scam people on top of it. That's all. https://t.co/6cLkAQpCMy,BONUS ALERT ! Recharge with a Bigga plan and get Double the Data . Bonus valid for 14 days . Click http://bit.ly/1YyYIsA to buy . Offer valid till 16th May . Smile,en,spam-promo
EaeXVH2UwAUweLq.jpg,@AJIOLife Please stop sending me promotional SMS. I never signed up for this. And it is spam for me. My no. is registered in national DND directory. @JioCare https://t.co/mWm00ZeIgX,"AJIO Big Bold Sale is back , June 11-15 , Bigger & Bolder steals . Flat 50-90 % off on UCB , Puma , NIKE , Levi's , USPA , W , ONLY & more https://bit.ly/2UyCxsL",en,spam-promo
EN7nN3AWsAM9fwB.jpg,"A follower of ours alerts us to an SMS that pretends to send the @bancosantander, so that it accesses a very suspicious link. Remember that no bank entity sends you links through messages or emails, always being methods of fraud and deception. #Phishing #NoPiques https://t.co/kgEYouOkEA",Santander: Payment by transfer in your favor received in euros. Confirm: http: // santander-online.mywire.org/ ReceibosEUROS,es,phishing-financial
EmPIHyVVoAc3n2C.jpg,@Ledger Be aware! Just got a scam SMS from “Ledger” https://t.co/NZgXNTVSyu,Alert ( Ledger ) Daniel Simion You just sent 0.016766 BTC ( 0/28 confirmations ) . Please visit chain ledger.co.uk within 50 mins if you need to cancel .,en,scam-financial
DUrzcuMU8AIPyTr.jpg,"dear @kemkominfo the sim card re-registration system with nik and kk what do you do? this is @myXL @myXLCare even more spam and annoying with sms like that, how many times a day can the sms be really annoying https://t.co/hyS0764402",2018 : Stay tomorrow ! You can win IDR 75 million WITHOUT COST from XL! Get DOUBLE point today for Grand Prize! Reply YES Info bit.ly/xtravgnza4,id,spam-promo
E31ky5hVEAYt4RC.jpg,@airtelindia I think this is spam sms. https://t.co/SU2jPaG6jI,Dear customer your Airtel sim Number has been b - locked for 24 hrs please Ekyc Update submit Addhar Card Today please call cus tomer care 7551876751 immediately,en,scam-account alarm
DboNoAFUQAAO0hk.jpg,"Hi @Paytm &amp; @Paytmcare Some individual named MAHIP SUMER KARNAVAT has taken advance money of Rs 500/- at Passport office, Mumbai from Mr Tejas &amp; assured to return it via #Paytm. He managed to send him authentic looking SMS. The message shows my number! #Fraud CC: @vijayshekhar https://t.co/56xmpYFJ2m",235 ) in your Paytm Wallet . Wallet txn id : 18635242897. Up to Rs 2000 Cashback on Big bazaar http : // m.p-y.tm/big2311,en,scam-financial
El9m5EvXEAIAGT5.jpg,@safeonweb_be just received this SMS - clearly phishing https://t.co/F89GhE95sd,BPOST : A package for you has arrived at our sorting center : https://bit.do/ Sorting center - Dispatch,nl,phishing-delivery
EpXJmgFUYAMl7ec.jpg,"@IndosatCare what do you mean by spam sms startj many times every day. Not long ago complaints also spam sms. It&#39;s like it&#39;s really useful, if you complain to your twitter account, you keep sending spam messages to customers https://t.co/QM0LFpfGOc",IMPORTANT: Bonus quota runs out. Currently access is using the main quota. Check quota at *123# or mylM3 bit.ly/m3 px,id,spam-promo
DtLtLC8WwAExr6S.jpg,Reply STOP is for the weak =&gt; https://t.co/sj0xDSQYFw RT @ fabienr34: SMS spam is getting boring https://t.co/AMofp7K2W1,"Hello, Adopt SMS marketing and increase your income in record time and at minimal cost. Find out more http: // sm.sg/32x45 (STOP at 36173)",fr,spam-promo
EDl2VU6U0AAD907.jpg,"@Telkomsel dear telkomsel, can you help with spam sms scams and annoying online loans? There are too many inis (part 3) https://t.co/x8lOpzhbxy","Text Message Sat, Aug 24 11.17 need fast processing loan funds, low interest without collateral. !! WA chat info at: 085-299-601-578",id,spam-loan
DZipWf2VwAI_5Ri.jpg,"@JioCare @reliancejio Kindly refer SR00000J5RTM raised through SMS as per TRAI UCC format,refer the tweet with spam image and you are closing the case with remark of no content, I hoped that you'll imrpove service and fix the issues rather than playing foul game..refer DM for no https://t.co/qFjAjnlJiG",""" Buy 1 Dinner Set & Get 1 set FREE "" on LAOPALA , BOROSIL Branded Company .  BLESSED HOME Besides city center mall Pandari RAIPUR 9329215828",en,spam-promo
DuP3orUVAAAVET9.jpg,"@aduanBRTI good morning, there are still a lot of spam sms offering #KTA, closing #cc #credit cards #smstipu #judi #poker is very very annoying https://t.co/LcdMbCO7c6","We help close the legal CC / KTA Scra for credit, stop interest 0%, pay off, discount 30-50%, clear BI &amp; handle deb collectors. Hub ABDUL ( WA ) 082361477057",id,spam-loan
EbPhWs4XsAAdqZD.jpg,@PDI_CHILE @BancoEstado these phishing messages are reaching me via SMS. For your knowledge and management. https://t.co/18tyqxf8zi,"BancoEstado informs that your COORDENADAS card has expired, to solve this problem, enter here: https://bit.ly/2zRMMBI? l = www.bancoestado.cl",es,scam-credit/debit card
DhZ0UEKX4AAqGSZ.jpg,"@aduanBRTI @kemkominfo After people are asked to re-register using their NIK and KK, when will all forms of spam sms like this end? Isn&#39;t one of the purposes of re-registration to prevent this kind of fraud? cc: @PartaiSocmed @dokterMade @IndosatCare https://t.co/FaUQQGj9ol","Ignore if 08 is not your number. If correct , immediately check at * 885 * 4 * 40 # . Remember ! today is the deadline for model REGISTRATION (premium sms) CS: 02156963403",id,spam-promo
EMZOLVgWwAAm3Xm.jpg,"Hey @Argos_Online , are you leaking customer phone numbers or is it just a coincidence? I recently bought something from you for the first time in ages. Here's a spammy SMS I just got...

(I know it's spam because I never do surveys ;) ) https://t.co/vx1TqsLFTC",Congratulations ! On September 15th you participated in survey - lottery competition . You finished 2nd ! See what you won http://psmrt.com/g31,en,scam-prize
DU2FlSvXcAEiA6g.jpg,"Dear @IndosatCare , I never felt like registering why suddenly registered spam like this? This is what makes the pulse suddenly disappear. / sms 2k times a million victims. https://t.co/0hTWnhhOma",Who is the strongest Indonesian woman? Mrs. Meneer . He was founded in 1918,id,spam-other
EAYmnd_X4AAGkzQ.jpg,@PayPal got this SMS today #phishing thought you guys can share it to warn customers. https://t.co/HJg4U2hoHx,Your account has been temporarily limited . Please follow the link to restore access : https : // paypal.akhbarelarabs.com/,en,phishing-account alarm
EaDpVIwUcAArEOK.jpg,@aduanBRTI can sms spam offers or scams. Please follow up. Thank you https://t.co/4DTXqJqo3t,"Sorry to disturb my time Mr. DERMAWAN can help you in economic problems, info wa 085248169745",id,spam-financial
EDoA6d1XoAA82pq.jpg,"@Oslopartiet Hi. Why do I get spam from you via SMS? Nothing I have signed up for, have not received from any other parties. https://t.co/RAgCOx2G7C","Hi :) Remember to vote by 9.sept! And do you want cheaper Router tickets, fewer cars, more life and less emissions in the city? Vote for MDG &lt;3",no,spam-vote
DdtolsRUQAA4Scr.jpg,"Can you explain to me @DiariodeNavarra why I receive Spam? I have never registered in DN, I am not a subscriber and I do not know how they have my phone number. And there is no info on how to stop receiving SMS ... Something (a lot) you are not doing well @facua @consumidores https://t.co/OCDhkp92No","Today at your newsstand in Diario de Navarra: Fiesta de Sortzen, the Basque public school, in Antoniutti",es,spam-other
Eu71FdCXMAgBeTQ.jpg,Watch out people... the #Rabobank NEVER sends you these kinds of text messages about your card... ATTENTION! #phishing #scam #SMS https://t.co/xZbSQyM1Cy,[ Rabobank ] Your current debit card will expire before use . Request your renewed debit card now free of charge via: https://s.id/informatie-procedure,nl,scam-credit/debit card
EWL5ZwXUYAEyTcx.jpg,How many times do I have to report so that there are no spam sms like this @Telkomsel??? https://t.co/gxZwaAxX0V,Your mobile number is registered @UTO TP By 085283530972 Your credit will be deducted by 11k every 23rd to subscribe Type: TP 11 085283530972 Free SMS cream at 858,id,spam-other
EYRdzS2U4AIL-uu.jpg,admin @Telkomsel how about this? SMS spam continues from 98888 every 10-20 minutes until my credit runs out 0 rupiah. https://t.co/meQ9d4SEUZ,"Sorry, the service you want is not available. Promo Info: Want a Samsung Note 10+ from DILAN&#39;s SECRET Film Scene? Hubs * 500 * 60 # . Follow HIP500 http://tsel.me/HIP500",id,spam-promo
EPwbElnVUAIdKyg.jpg,"Tsel how come my number is scattered, almost every day I get spam sms? It&#39;s too late @Telkomsel https://t.co/Jz9l7ydP23","Wahyuni, I saw you crossing the road earlier, what are you doing in this photo? chat-v.com/s/9tjprx",id,spam-other
EeaE5uZUwAImMID.jpg,@IndosatCare is this a healthy network? the sms is really annoying eh.. just received another 1 sms... stop like spam sms like this https://t.co/IZgRtUUWn7,"Want 5 Million Money &amp; Honda Brio? You can also get 100MB with the correct answer, min. 8 questions ! Dial * 123 * 611 # FREE ! FREE 1 day ago Rp 1,000 / day . CS : bit.ly/smsccim3",id,spam-promo
EXxEI8SWoAIO0E3.jpg,"@santander_es I just received this sms, a clear example of #sms # scam #phishing #bancosantander. Never provide private data. @policia how could I report this action? .. thanks https://t.co/QVDPUSC4LV",&quot;Santander - ES&quot;: User disabled for security reasons. www.bit.ly/ 2xS3mjy activate now v,es,phishing-account alarm
EHjRe_yW4AEEN1y.jpg,I just got this text message. I can smell it is bank phishing. @policia https://t.co/yBUaehpvgs,"&lt;#&gt; CaixaBank: NOTICE RECEIVED TRANSFER 10-23-2019. Please access your CaixaBankNow line by signing it by receiving it, on the web: www.MiCaixa.es",es,phishing-financial
DWNlUxTU0AANHPw.jpg,"I swear t@elkomsel has a lot of scam spam sms sorry, sorry for the fraudulent sms, your repentance (the one who sent this sms) you can go to jail https://t.co/0vBwkG7Oft",Surprise PT. MKIOS Congratulations No. Your SimCard is Officially Get the 4th Prize Rp.100 million Pin : m248281 For / Info Click : www.isiulangpulsa jkt79.blogspot.com,id,scam-prize
D2EoRX0U8AAk1dU.jpg,@HotlinkListens Why i'm receiving all this SMS when i didn't ever subscribe to it. And i still need to pay when replying back to this number to cancel/unsubscribe it. I'm paying all this money for nothing and all are SCAM. Can you all do somethings to all this SCAM SMS. Thanks https://t.co/oD7E5efsV5,"RM3 . KJ Pop channel : Successful reg . RM3 / wk , U will receive a weekly new video with unlimited free access . Expire 07/02/2019 To stop reply stop KJ . No data charges . http : // m.dailytv.com.my/vd/vIXOD",en,spam-promo
E4LUfEzXwAk9JHI.jpg,A **** of big 🔥! Where do I get SMS spam from? https://t.co/af6pDUmyo1,"Sir, Do you support Emmanuel Macron? Sunday, seen",fr,spam-vote
ElzjoaWUYAUPX0K.jpg,@aduanBRTI I want to report spam SMS https://t.co/hBCP6pWkML,Your chosen number will get Rp. 175 million from the SHOPEE 2020 SHOP ID (57K2359) U / visit CLICK; bit.ly/penangbigsalee11,id,scam-prize
DX8UIPFWsAEiXCF.jpg,"@Safaricom_Care please help your client to find love ... Seeing you may not be interested to protect us from spam SMS.
Oh, don't bother to mention 333 https://t.co/cMjznSwDCY","Hi ! Am Dr.Shally Moore from Canada.Working in Lodwar , Kenya with UNHCR looking for a God fearing partner for marriage . If interested CALL / TEXT . 0707149379",en,spam-other
E0FNQKYWYAMPjMm.jpg,Fellow Brits beware: #Spam #SMS claiming to be delivery from #DHL | Do Not Click or download anything | how to report: forward to 7726 | #security #tech https://t.co/xn6VcGKhir,"DHL : Your parcel is arriving , track here : https : // www.ltjesus.org/dh/ ? at2zzyk76djb",en,scam-delivery
DryNeHWX4AAwJqX.jpg,"Another fraudster on the prowl.
Just got this SMS from the number above on this screenshot.
Don't these buffoons get tired?
This kind of scam is so outdated!
I hope the relevant agencies see this. 
Some of these society misfits deserve jail time.
@officialEFCC @SubDeliveryZone https://t.co/XO0cScofNb","Dear valued customer , you failed to visit the bank to update ur ( BVN ) and ur ATM debit card is Block : kindly call customer.care , 08136760554 to resolve befor 3hrs",en,scam-credit/debit card
ErTVkYWXMAIb6TD.jpg,"@Polisen_Sverige Hi! Pretty well made phishing site for paypal, just got sms https://t.co/cvCvNupV5F",Your Paypal account has been closed due to suspicious activity. Please confirm your details within 48 hours: http://bit.do/ PPLES,sv,phishing-account alarm
EPhOVkKX4AABB25.jpg,Hi @Argos_Online @ArgosHelpers your brand is being used in a smishing campaign to target potential customers  (SMS phishing) please send this to your security team. #cybersecurity #stayvigilant https://t.co/AXkeYOT2Sj,"ARGOS - Congratulations , you've won the £ 500 gift . Don't miss out ! Your gift is valid until Sun 2th February : https://bit.ly/ARGOS-4314QDnT",en,phishing-prize
EFmc3WAXYAANI8J.jpg,@CaiVirtual @ClaroTeAyuda #phishing by SMS in Colombia. I just got it. Remember to always check the domain to which you are redirected. @JoseCarlosTecno https://t.co/dTu3KSrriv,Netflix: We are having trouble authorizing your Payment Method. To protect your account enter and validate now http://rebrand.ly/netfverify,es,phishing-account alarm
EiuJTgPUcAEtya4.jpg,@Telkomsel #komplain #sms #spam https://t.co/5PIPkOshoh,Are you running out of electricity tokens? Purchase via SMS Banking BRI. Type: Buy (space) PLNPRE (space) ld PLN (space) PIN Send to 3300 &amp; win a chance to get Suzuki Jimney SKB,id,spam-promo
El-9s1RX0AID3WC.jpg,@EE This looks very much like a scam... You might want to check your SMS filtering (domain registered 24oct2020 + doesn't look like you + DNS doesn't revolve) - even twitter says domain is 'harmful' when I include it in tweet! https://t.co/DOqWhVTcjK,"EE : We have been unable to process your payment on your latest bill . To avoid termination , update your details here : https://eeredirect.info/?e=2",en,scam-account alarm
Eg1DLUkUYAANJQ0.jpg,"Oh Allah, I get spam sms up to 4 times a day , I only take medicine 3 times. Can you just block the device, Min? @Telkomsel instead of spreading spam sms continuously https://t.co/bSwRh2Evhy",SPAM # + 6285213262714 # http: // Www.smscaster.com Congratulations on your INTERNET Card 081-371 - xxx Selected 2nd Winner Rp.100.million Dr PT.LEN INTERNET GIFT CODE PIN (25E477R) U / info Click : bi,id,scam-prize
EfLdg2hU4AAiJZL.jpg,"@Telkomsel&#39;s behavior is really annoying.... Cheap quota spam sms every day but if you click it, no promotion found https://t.co/91YwTfozx5",Click back button twice to exit Ema  from apps * 363 + utuu ul Ivy CIRITTOCI . INIIN tsel.me/csbtl SKB,en,spam-promo
EhESJSJU4AQw6zX.jpg,now very often sent spam sms. but how come this time the sms is even asked to join the show???! https://t.co/bzLPu3okyc,"Solve Your Problems Like Ways 1. Magic Money 2. Dreams Haven&#39;t Come True 3. Family Problems 4. Transfer of DII Fetus, Pesugihan Tampa Tumbal Please Contact Wa: 0852 3785 4848 Thanks.",id,spam-other
ESgVBkiUMAAnKOc.jpg,"Min @aduanBRTI please follow up on spam sms like this, thanks https://t.co/cilU8bTrRL",Your SimCard card gets a GIFT from PT. PERTAMINA PERSERO with your winning PIN code (385ua27) For more info Check at: https://bit.ly/info pertamina,id,scam-prize
EiDrBfAWAAUVvZL.jpg,Don&#39;t kick in new phishing sms. https://t.co/aeXYBOAq2m,[ My DigiD ] A suspicious login has been detected in your My DigiD environment . Verify directly via: https: // digid-customer service.xyz/login to prevent cancellation of your My DigiD.,nl,phishing-account alarm
DqvyFf3XcAAtmdE.jpg,"In a #bank account that I don’t even have? 🤨

🎣Example of a @TSB #smishing #scam (#phishing but via #SMS)🎣

❌ Don’t click any embedded links in unexpected #texts ❌
If in doubt, contact your bank on a phone number from their legitimate #website 📲

Stay #CyberSavvy 👁👁 https://t.co/dd9Qs4jKPN",We have identified some unusual activity on your Online Banking . Log In via the secure link http://185.99.132.122 to avoid acct suspension .,en,phishing-account alarm
EMNdJsHU4AA8GMR.jpg,"@Paytmcare dear paytm,
Receiving continuous messages for the account suspended information sms , which is a total fraud... please check the numbers and take proper action https://t.co/fNBypabBdo",PAYTM Dear paytm customer your KYC has been suspended.Paytm office pH 7864852834 call immediately.Your account will blocked within 24 hours.Thank you paytm team,en,scam-account alarm
ECfVIKTW4AIy9tO.jpg,"@ZainJo Help! I always get these SMS promotions from advJorMall , AdvHotDeals, AdvZalatBro, AdvJorDeals .. are they coming through Zain? there is no associated phone number so I can't block them, how to stop these promotions? #spam  I tried calling your 1234 hotline, no answer.. https://t.co/QeC44ygz8B","We chose 5,600 products for you from 1 dinars to 10 dinars, shop via the link bit.ly/2XsicnS",ar,spam-promo
EalLtpeWsAAKgPb.jpg,"@PolitieLier I received this phishing text message. With the phone number you can hunt, huh? 😉 https://t.co/diV0q8Pe8l",[ ING ] : Your account will be blocked on 16-06-2020 [ 00:00 ) for security reasons . We advise you to reactivate your current account immediately via the link below: https: // lihi1 .cc / Kwmk3 / ING - Verification,nl,phishing-account alarm
ES5tE-IWAAAa0TV.jpg,"@Postvox seems to be a spam SMS being sent out which directs user to a fake ""An Post"" website. Might be worth a tweet? https://t.co/xHqJXEkBsU","Your parcel : 000238332 will not ship from the distribution center , due to outstanding shipping costs . Track your package : http://27q.us/1000X",en,scam-delivery
D9n-Q2iVAAAC3T6.jpg,Wtf is this SMS spam @HarveyNormanAU https://t.co/5pdG0CBsbC,Harvey Norman Broadway EXCLUSIVE 1/2 YEARLY VIP OFFER ! SHOW SMS 4 10 % OFF ALREADY REDUCED PRICE End Sunday T & C Apply 20ptOut RPLY STOP or CALL THU . 11:38,en,spam-promo
EySyK1rWQAINAin.png,"Ha! *nearly* finally. I've since received another fraud SMS, this one supposedly from my phone provider. Fraudulent domain registered by https://t.co/O9tSVd2os0 again, and fraudster's identity shielded by the same company in Reykjavik. https://t.co/LuWZynytPS",Your SIM replacement process has begun . This will be completed within the next 24 hours . If this wasn't you report it immediately . stopswap-mygiffgaff.network,en,scam-account alarm
EEoafe4UwAAotss.jpg,@IncomeTaxIndia Phishing SMS received! https://t.co/kMXM4Z46bF,"Income Tax ( e - filing ) requires you , Kumar to click https://bit.ly/2kkAf1z to submit a formal refund request for the remittance of your overdue approved refund of Rs27,641.09 .",en,phishing-tax
Eh8JDMfUYAAmlB0.jpg,@Airtel_Presence Let me make this clear. You cannot break the law by sending spam SMS when i am subscribed to full DND &amp; shrug it off as feedback. I am still receiving promotional SMS from your side and if you don't stop such SMS i will port to @VodafoneIN without a second thought. My no. in DM. https://t.co/0Umzb6IujJ,"Introducing Tamilnadu Government's Kalvi Tholiakatchi channel , now on Airtel Xtream App available in your mobile pack . Make your kids learn online from home . To watch now , click get.airtel.tv",en,spam-other
DxsQIBwWsAA7UK-.jpg,"@womchile Please ... no, FOR THE RECH_CHA @womchile STOP SENDING ME SPAM BY SMS It seems that I have a prepaid freemium rather than a propagating one, because I have to bear this in exchange for an accessible service. https://t.co/kX0ZC065Lh",NOT TO BE MISSED! 3 days of UNLIMITED Social Networks in 4G network for only $ 500. Buy your bag at * 103 # option 2 - Promotional Bags until 01/28,es,spam-promo
EXgJZaaUMAEA3AJ.jpg,@myxlcare @xlaxiata how do you stop the fun sms? Spam and NEVER INTERESTED https://t.co/E6TLFdG1t6,Today You Get +1000 PULSE COINS &amp; Unlimited Chat Packages. How come it&#39;s still not taken? Call * 500 * 789 * 5 # IMMEDIATELY to pick up. Can be exchanged for credit! Rp2k / 3x / mg,id,spam-promo
El9vILPX0AIBR72.jpg,@DoT_India getting spam sms https://t.co/ZSUXrXXTv8,"8793XXXX05 , received payment of Rs 3500.00 by PAYTM . Txn ID 9908XX25X . Download now and Register to Receive your amount . TnC http://m4sg.com/fq4KK7isl",en,scam-financial
EDh15n2UUAAEpnI.jpg,"@Telkomsel Well, does that mean other numbers can still send spam sms? Does that mean you&#39;re not better than the &#39;block number&#39; button? 😂😂😂 https://t.co/5B2X0qVxyn",INFO FROM THE COOPERATIVE We offer online loans without collateral min 5 million - 500 million interest chat wa: 085348153637,id,spam-loan
EASBDjQU0AARNiW.jpg,Why can there be so many spam sms like this? Is customer privacy not protected? @Telkomsel https://t.co/dOaDc8mDJk,PALACE 911 Why is it so difficult? bit.ly/istana9lla Just Relax Playing Came Puk Chat : bit.ly/chatistana,id,spam-other
Dr3D7wZUwAACfed.jpg,@aduanBRTI please block this spam sms number https://t.co/pYXLYi3HzT,"Too late at home, want to play b4cc4rat / bet? join us www.633cash.com and get cashback and referral promos. pin bbm : D1BE16CE",id,spam-gamble
EnRrK60XUAU1QaN.jpg,@beatoapp This is how your company spams...Got a message..Opened the link..Then buy now...And you spam daily 3-4 sms https://t.co/GwDkYCyMam,Claim a Free Glucometer today ! Get Beato Curv & also receive free diabetic support through our app . Limited Bonanza Offer For You ! t.gi9.in/J3dou 2 mins to Idea,en,spam-promo
ET5V14VWoAAK6qh.jpg,"Be careful with this text message that has come to me right now. I have not followed the link, but it is surely Phishing. It is false insurance, but I mean that it still asks for confidential data to empty your account. CC / @policia https://t.co/tDvfe8Gmmj",".Your Bankia account has been blocked. To activate your account, you can access safely from: https: // clientinformation.serveirc.com L",es,phishing-account alarm
DogOV9HXsAAKpTT.jpg,@Orange_France For info here is a recurring scam received by sms! #phishing scam https://t.co/AhI1IQmS6C,Orange - Unpaid invoice: € 1.95 To regularize immediately before the suspension of your services: https: // orange -espaceclienty5.com/? page = + 33679440613,fr,scam-account alarm
EFR8-0dXkAAvH0u.jpg,sms spam again min @aduanBRTI https://t.co/5mOtW2Fg51,"Siloam Hospitals Open massive job vacancies, Medical / Non-Medical Personnel for: SMA - Equivalent / D3 / S1 / S2 For info click on the link: recruitmentsiloam.com",id,spam-promo
DyLA2BxXgAA0XRH.jpg,@BancoSabadell alert your customers that we are receiving a #spam via SMS notifying a entry in our favor and requesting a user login on a web copy of the #BancSabadell #alert #spam https://t.co/GtycaCqhU4,"SABADELL! We inform you that you have received a transfer in your favor, please, to confirm the transfer, start your session on the web: www.csabadell.es",es,scam-financial
EVTj3yDUcAUXXeR.jpg,"Guys,if you have received such kind of sms,pls ignore...this is pure SCAM https://t.co/uw58dKVTkT","Dear Customer , We Need to Re - Verify ure Mobile No every Months . To Continue Receiving Toll Free Alerts for DEMAT / Equity / F & O Transaction Give MissCall 8367797020",en,spam-other
EqDavLGUwAErVRJ.jpg,"Dear @htTweets @livemint  why are you sending these below fraud sms and trick customer to subscribe :
""HT Media has requested payment of Rs. 1799.00 (Purpose: HT &amp; Mint 1 Year-9574838504). Click https://t.co/ZB1BuND1MQ to pay. Regards, Team Paytm""
@republic
@aajtak @ZeeNews https://t.co/2ldUQmRCoD","HT Media has requested payment of Rs . 1799.00 ( Purpose : HT & Mint 1 Year - 9574838504 ) . Click https : //paytm.me/A-RIVKG to pay . Regards , Team Paytm",en,scam-financial
Ew2IHf4WEAQmVa_.jpg,"Beware!! This the fourth SMS I've received since yesterday. There's no packet, it's a new text message package delivery scam. https://t.co/KvUl1MPskQ","Your package arrives, can you track it here: http://barspy.net/id/? 16p3wzu6vfc",de,scam-delivery
EZHuoT_WsAE6ZkM.jpg,Hey @CJIBnl this is probably not a text from you. #phishing https://t.co/5MOXbrsCAl,Your outstanding amount has not yet been credited to the CJIB account. You still have a claim of EUR 478.35 . Pay via iDeal: reference-hf94846.nl,nl,phishing-financial
D62ZoHzW4AEAYue.jpg,@IM3Ooredoo I often get scam and spam sms https://t.co/crrnDKg5vv,SELAMAT.NO you were chosen as the 2nd winner of . your PT - LAZADA PIN ; ( JK25FG7 ) For more info click www.lazada439.blogspot.,id,scam-prize
Ec5rzJcWoAEjn0P.jpg,"@PostNL Scam SMS received. Time for a take down? The Rabobank iDeal page is, surprise surprise, of course not at https://t.co/axycXNKuR8. @Rabobank @ingnl @ABNAMRO https://t.co/dytfX6xtuF",[ PostNL ] Your package has reached our PostNL sorting center . Click on the link to track your package: https://pakket-bezorgservice.info/postnl/track&amp;trace=3STGVT002294913.html,nl,scam-delivery
DpuD8tQX4AAhaOC.jpg,".@PatientSafetyMA, or someone claiming to be them, is sending SMS spam surveys.   Not a great way to convince the electorate about your ballot question. https://t.co/GH1I0XBu1x","Hi I'm reaching out because Nurses Say Yes on 1. Have you seen our new ad ? http : // now.us/s6ZV . Can we count on your support ? Reply Y , N or U if you're undecided",en,spam-promo
EcxJa3KVAAIQ9cg.png,"@Telkomsel I have reported several spam SMS sending numbers to Telkomsel, but they can still send Spam SMS, is it true that Telkomsel does not block numbers like this? @kemkominfo @aduanBRTI @YLKI_ID https://t.co/vIDulYHEFY","I hope you are all healthy, Mr. / Mrs. I serve refinancing / leaseback for mob1L bs T.over and ceiling can be 85% without survey sy Anton, no / wa: 085211120467 081513377899",id,spam-loan
Du1XpfhU8AIcOHH.jpg,aduanBRTI sms Spam https://t.co/D5UoBNJhE9,"At first, it&#39;s just a casual acquaintance, but after that, why do you remember it? want to chat a lot, oh yeah this is the new number n08091401142 please call me .. no sex and sara",id,spam-other
EsSy_C9W4AA6JBQ.jpg,"I just got this SMS on my phone, be careful with the pieces of shit that try to scam and feed from the most vulnerable https://t.co/TvsR6l9dm5","Our records show that you are eligible for a payment of 350 due to the recent out break of the COVID - 19 virus . To claim , please visit : https : //bit.ly/306MA4q",en,scam-covid
EP6DfQ9UwAAHYFV.jpg,@BSNL_UPW looks like a fraud/phishing bulk SMS sender handle BW-CNFPPF from UP West is using BSNL to do the deed. Complaint has been filed at TRAI. Please check and shut it down. https://t.co/NWlpS14a6t,Congratulations !! Your Eligibility Confirmed for Pension Yojna 2019 with Ref : 987689 Get now : - bkmp.me/ ? hmhago ? 970,en,scam-financial
Elo0z8QVcAEw6zF.jpg,"It&#39;s been a long time since I opened the SMS, it turns out that there&#39;s a lot of spam like this https://t.co/HGP4TINHXH",We have given 4n income per 7 days with a profit of 20% -30% Interest please join WA: OVUULUUTI. ^u or click www.investasi-pjb.com,id,spam-loan
EkQ72akU0AA3gca.jpg,"There are still people who like spam sms like this. The number is collected several times, then where do you sell it? Can you do it https://t.co/jq112xK3vl",Congratulations m_ndptkn Rp.175.jt annual program - 2020 SHOPEE PIN (J7K2B59) U / INFO visit; s.id/gift-bigsale2020,id,spam-promo
E0S44iyVEAER4dl.jpg,"Hello, @ShopeePH. This came from you and it looks like a spam/phishing link. Clicked it just because it came from your SMS service. https://t.co/vQCzT2AddG","SHOPEE : YOU ARE LOGGING IN ON A NEW DEVICE , use 378166. Valid for 15 mins . NEVER share this code with others , including Shopee staff .",en,phishing-account alarm
EnfL8iTUwAAu4we.jpg,Hey @Cyberdost and @ShopClues my personal details reached to  fraudulent now they send SMS and calling me check screenshot and take strict action against these fraud. Note :- I recently purchased diwali lights from @ShopClues https://t.co/YEUcbB7CWv,"Welcome to SHOPCLUES.COM online shopping Dear Customer , Congratulation ! You are the lucky winner of 1st prize , Mahindra XUV500 W11 Two options for receiving your prize 1 - HOME DELIVERY , OR , 2 - Marketing Value ( RS - 16,96,000 ) Cash ke liye , TDS charge - 6499 CAR ke liye TR paper charge - 8500 SHOPCLUES.COM account number - 30312914702 IFSC code SBIN0005507 Help Center : -09933740951 www.onlineshoppingswinner.in 10:10 AM via Jio 4G",en,scam-prize
EwrKmV_U8AMyMfX.jpg,"@Telkomsel Please respond to my DM. Please stop SPAM SMS like this, Telkomsel is no different from fraudulent SMS and this service offer. https://t.co/IEYBBzJBgw","Chelsea vs Atlético Madrid ! Will meet again at UCL 18 Mar 21 , 03.00 WIB . Activate the MAXstream Vidio 10GB Package for only 25k at tsel.me/vidio 10g25k / * 363 * 465 #",id,spam-promo
D0mF8bfVAAAi-qe.jpg,@aduanBRTI Report Online Gambling Spam SMS https://t.co/ZP2vB5a9gb,"Dull Bill 22 mm 06282377563759 6282377563759 Capital only 10,000 1 / there is a game you can win TOG3L TAIWAN . 1 / no Game From : +6282377563759 | 28/02/2019 03:10 PM",id,spam-gamble
ER77ReoU0AERjuR.jpg,"@Paytm @Paytmcare I have received a SMS today to call one number to unblock my account. It looks like a fraud, please have a look. https://t.co/YpCUymGUvC",Dear Pytm customer your Pytm KYC has been suspended . Call Pytm office PH . 8388022454 immediately . Your account will block within 24 hr . Thank you Pytm team,en,scam-account alarm
EVZZFO3UcAIRnYa.jpg,"@airtelindia @DoT_India @TRAI 

The attached SMS may pls be perused. It seems to be spam / scamming msg with doubtful link.

I had complained earlier but no response till date. https://t.co/lak5M33kEp",Credited : 649 Netflix points in your account Click on Activate http://nmc.sg/b2yu6D to enjoy unlimited movies and TV shows . Valid for today ! T & C,en,scam-account alarm
EcBYGbSX0AATNrD.jpg,"Guys, do you know these sms we get from phones with scams? It is possible to report them as spam (or pirated sms) by sending a free msg with ddd+number to 7726. Valid for the main operators in Brazil. https://t.co/zyZ3jYXooO","BB - Informe : YOU HAVE 118,327 ACCUMULATED POINTS EXPIRED 07/07/20 . REDEEM NOW FOR YOUR LIVELO ACCOUNT : http : //livelo.cliente bb.club #BBMais Que Digital .",pt,phishing-account alarm
D7DwoGZU0AAjbdm.jpg,"This @Telkomsel partner is really pursuing the target for Eid, it seems. This morning I sent 2 Spam SMS.... https://t.co/fu89M15d2l",Koperasi Sejahtera Bersama offers online loans of min. 5 million - 500 million for collateral info chat WA 085348156984,id,spam-loan
Ef0wW2RUYAAkpRX.jpg,"This is Amazon&#39;s SMS-guided phishing site information. A pattern of guidance using a shortened URL. If you don&#39;t know the actual URL until you access it, and if it&#39;s an email, you&#39;re aiming to avoid filtering. hxxps: // bit [.] ly / ~ ↓ redirect hxxps: //amz-verify21 [.] Kuda-mancis [.] com / ap / signin? session = ~ #Phishing #Amazon https://t.co/ Ax950VTmKD","Your Amazon account has been locked due to illegal activity. To continue using the service, please update the information https: //bit.ly/wa .........,",ja,phishing-account alarm
DgnLmMKUwAA-HjD.jpg,Just woke up to a @BMO sms text #Scam 🚨 https://t.co/nwBlSCu1pY,Dear BMO member Unknown device connection have placed your account on hold until verification please comfirm your account . www.sco1datassl.com/bmo,en,scam-account alarm
D_vXlcCUwAAJxNP.jpg,"From personal experience, almost every day spam and fraudulent SMS enter your inbox. Sometimes up to 4 SMS per day. The same thing I often encounter experienced by friends in the circle of friends on social media. https://t.co/4s06slScB8",Mr / Ms Need a Mod Loan ..? Please Apply for a Loan at KSP-SB Provides Loans of 5 million to 250 million without a guarantee for a fast &amp; secure process. Chat info WA 083136877277,id,spam-loan
Ecp_g5gX0AA8I73.jpg,"I thought that SMS spam had gone out of style 😂 If someone has a business of putting 100 and getting 900, I doubt they would share it because if 😅 https://t.co/8LS1vEDS1a","YOU CAN EARN MONEY IN QUARANTINE. LIBRA FACEBOOK IS THE NEW BITCOIN. Invest 100, earn 900 in days. Guaranteed . +442",es,scam-financial
DttyubCU4AAgY7g.jpg,Hi @aduanBRTI for the past few months I have received spam SMS from “Shela - 08388008800/o8388008800” from many numbers and the contents are all the same https://t.co/LEFq0oRAgh,"Afternoon, Shela wants to offer Yamaha motorbikes (all types) with cheap installment packages + up to 2 million prizes. Unit ready stock &amp; ready to be sent home. Tel / WA 08388008800",id,spam-promo
ELee2NNUUAE_n84.jpg,"Today I received convincing SMS phishing attempt. 

It had a link and claimed there was an issue with shipping. I only didn’t fall for it because of https://t.co/avGhLUXmUP’s spam protection.

cc: @briankrebs https://t.co/2WKHHbFLiw",there are some problems when delevering your package to  on 10/12 . http://bit.ly/ 2E1,en,scam-delivery
E1myg6jVkAQJoKT.jpg,"@TheOfficialSBI @RBI @AmitShah 
Today I received this fake sms from this number to update kyc.
Please take action against these fraud people. https://t.co/O16zxaXuf7",Dear customer your SBI bank account has been suspended for KYC please complete your KYC 10 min click here link http : // ab3772462a54.ngrok.i o / sbibank SMS 7:01 pm,en,scam-account alarm
EsK7uJLVkAIF3PQ.jpg,@Paytm look like this is fraud SMS https://t.co/g5PdNG8NdV,Dear customer your paytm is just finished. Make contact. 9749436542 or 9883427596 otherwise your account will be closed 24hr,hi,scam-account alarm
EiC4Y7WWsAEG25P.jpg,"Received a text message like this recently? 
It is a phishing scam! Cyber criminals send SMS messages to get you to click on a malicious link..  
Best course of action?  IGNORE THE MESSAGE.  Do not click on suspicious links, and NEVER provide personal identifying information. https://t.co/Sw75PTCbmo","Scott , important alert for the USPS package 6S7859 from 05/20/2020 . Click : m9sxv.info/ IbKGrxoLgf",en,phishing-delivery
EtcSrD1VoAIS4bc.jpg,"Oh yes, to avoid phishing methods, it&#39;s better not to click on any links. Even SMS from Apple is also ignored, because the FB admin says, sophisticated thieves can send SMS from Apple too. Examples like this: https://t.co/2R66xR1yOX","Apple inc , Your lost iPhone 11 Pro has been found near Cideng , Jakarta , IDN . Check location at https://idn-apple.com/map/?auth=OV6k",en,scam-other
EayYSwNUcAILJsT.jpg,Phishing SMS @cyberwarriors_1 https://t.co/4elXxXJ8ok,PAYTM Dear customer your paytm KYC has been suspended To Verified paytm KYC call - 8910573893 immediately paytm Account will be blocked within 24hours  This message is sent from an unknown number .,en,phishing-account alarm
Eprut8_XEAEsYAM.jpg,"Again the same company sending spam by SMS, when they are going to fine it. @ AntelDeTodos. They keep changing numbers, but the company is always the same. I had already blocked previous issues https://t.co/3gaHuXyzjA","IP video intercoms, HD smart cameras, Alarms with cellular response, Informatica, Networks. 099622291 / 24807739.www.amc .com.uy / amc @ amc.com.uy all over the country",es,spam-promo
ERIiGApU8AA9fkl.jpg,"@CyberDost I just received below fraud sms asking me for doing PAYTM online KYC. Being in IT industry, I know my preventive steps however just interested if your team can call this number and nab this fraudster who might have took out many people's money doing this fraud. https://t.co/wN9wDeNNky",Your Paytm has been hold in today's 100 % KYC palace contacts Paytm office Ph : 8249756194 thanks Your Paytm blocks Within 24hr,en,scam-account alarm
ExZtM0FUUAIMazS.jpg,@aduankonten spam sms scam attempts are very troubling https://t.co/vEQBk4ZGou,Dear BPK / MOM OFFICIAL MESSAGE NEED BUSINESS CAPITAL CPAT PROCESS MIN 5 MILLION - 500 MILLION INTEREST WHATSAPP 082394247270,id,spam-loan
D4w6gQ0W4AAun9A.jpg,Looks legit 🤨. Please be my guest to send some sms to this number. I think they won't mind a chat. #scammers #spam #sms #mallware ? https://t.co/5RuETWnEzi,"Your invoice is TAKEN twice, please complete the refund form: https://pow.gd/hsQu7U Now to Telenet",fr,scam-financial
EoEyOiYWEAMODGm.jpg,@AyudaMovistarVe enough of #spam #sms #publimovil 51542 https://t.co/1BsqsHFPOB,"Publimovil: Don&#39;t miss our LVBP. Results, news and more. Click http: // Ip.mgnc.com.ve Cost Bs. 25,542.63 c / imp per day.",es,spam-promo
EDYY-TiU0AArAtn.jpg,"@CPMumbaiPolice @CMOMaharashtra  @cyberabadpolice @MumbaiPolice 
These phishing sms and email are increasing day by day. Can you please check this number and take strict action. Thanks you. https://t.co/qJAfz889uR",Tam Dr. Williams brown could you partner in supplying of Raw material from India to UK contact me for more details on this Email : dr.williamsbrow@gmail.com,en,spam-promo
D6sVYQzV4AAuWWA.jpg,The #phishing SMS used by this actor look like this. https://t.co/39NSf9J9Lp,Scotiabank Alert Your card starting with ' 4536 ' is disabled for security Please secure your account below http://scotiabank.sml-23-19-mls.com/s,en,phishing-credit/debit card
DrQvHhPWsAAdOHK.jpg,@VodafoneIreland just got this SPAM Looking SMS - please investigate or pass on to the relevant team https://t.co/Zu0kDl0DCj,You received ( 1 ) new photo -- message : https : // yourgoogl.com/c/d ? i = 1fjkOrdkEJ,en,spam-other
EoLAi2fXIAEItJ3.jpg,2021 and we still don&#39;t have a reliable way to stop receiving spam by SMS. The telephone company itself practices the unsolicited sending of advertisements. https://t.co/hoFpLuSQ0P,Best place to heat up Black Friday n has! iPhone SE 64GB for only 12x of 221.58 and free shipping on TIM Black . Access promo.tim.com.br/l8jyYv and guarantee.,pt,spam-promo
ED68J9-VAAASwKH.jpg,"Good Afternoon @aduanBRTI Please follow up on the following Spam messages, Sms come in almost every day, thank you. https://t.co/EA1LgKwDGn","We From KSP SB Offer Fast, Safe and Easy Online Based Loans Chat WA: 085348505544",id,spam-loan
ENHSdfrUYAAWJQJ.jpg,"@PuneCityPolice @CPPuneCity
I got first SMS regarding Praytm KYC  +917866002150 I thought it is fraud still to verify I called I was right ..
No picked by Bangali man using very abusive language please take actions so people should not in this person trap
#cybercrime https://t.co/P5eujT3NQA",Dear PAY2TM customer your pa2ytm KYC has been susp2ended off2ice pH 7866002150 immedi2ately.your account will block within 24hr.Thank you PAY2TM TEAM,en,scam-account alarm
Dc3qDo7VwAAKAUc.jpg,This @NAB bank fishing scam sms came from your domain. @bluehostsupport Might want to kill off https://t.co/QbNwPCiU7F yes? https://t.co/GZ5wpwIehN,Your NAB account has been blocked for unusual activity . Please log on to : www.nabmobilec.com and follow the unlock procedure . NAB 4:54 AM,en,phishing-account alarm
Ea-sYtfWAAItDcg.jpg,@ING_news phishing attempt via SMS https://t.co/9KHEKXRYiz,"ING : A suspicious login attempt has been detected . If you were not , verify your details now via : https://www-mijning.info/ .",nl,phishing-account alarm
EHOwdvwXYAAa2hd.jpg,@mobilevikingsBE Is there anything to do with spam / scamming via SMS? https://t.co/6TyEeN7CGg,"+32 460 21 04 53 Proximus: Your bill is PAID twice by mistake, go to https: // da.gd/Skynet",fr,scam-financial
D0-LxFHV4AA4sc-.jpg,"This sms I got from fraud....
And contact number is : 7870230832 https://t.co/Q9IiDk0qZP","Dear sir / madam ) You ARE Winner of Flipkart Shopping bumper dhamaka You Win - 1 st Prize ( Mahindra XUV 500 ) Price of Rs - 13,50,000 / Registration Charges Rs -12,800 / and winner charge RS.9,500 / pay in bank account Helpline No. 6287617154 = 1800212986500",en,scam-prize
ErgAQelXEAUWUwk.jpg,"@scotiabank 

Dear Team

Please take a look at the phishing SMS that i got just now on the phone with some unknown number. https://t.co/D2uZzmZ2vk",Alert ! Scotia Bank Account temporarily suspended : myalert-scotlabank.com,en,phishing-account alarm
D6GG85VUwAAoHR-.jpg,"Dear. @aduanBRTI @kemkominfo, there used to be a program to re-register a cellphone number, how come you still often receive SMS like this? What do you do with re-registration? SPAM SMS is still rampant... :( https://t.co/qNyqRiFb2S","Enjoy the highest lottery discount from all other lottery sites up to 65% only at AFATOGEL http://bit.ly/2lxrWdx. as well as Arcade Games, Tangkas Balls, Dominoes.",id,spam-gamble
EJb2zooXkAIjQaJ.png,"Smishing, short for SMS phishing, is a new scam that tries to trick mobile phone users into giving scammers personal info via text or SMS messages. Utility companies typically do not text you unless you have signed up for a specific notification service. #StopScams https://t.co/JLtj8t5hzq","Mon , Jan 19 , 11:25 PM  ( ALERT ! ) Your Bmo Bank account has been suspended . To unlock your account , click here : https://bit.ly/ 1KVFRmf",en,phishing-account alarm
EtXzhF8UcAA0agn.jpg,"@WBPolice  @airtelindia I have just receive one sms on my Airtel Mobile at 2:34 PM on Feb-04-2021, stated that my Airtel Number has been blocked and need to complete the KYC by calling 9330526208, I request you to intervene on this matter to stop this SPAM activities. https://t.co/fX44SkNV2s",Dear customer Your AIRTEL SIM card is blocked due to no - usage ! you can unblock complete your KYC document call immediately : 9330526208,en,phishing-account alarm
Eokp0aqXMAEi7Rl.jpg,Yet another @Ledger SMS #phishing. Don't fall for it. https://t.co/hVzkMDCCdq,Your hardware wallet has been deactivated . You are required to pass verification due to the new KYC regulations . ledger.com.device.id . 756728.app/verification,en,phishing-account alarm
DnRP0nrU0AAju_5.jpg,@aduanBRTI @aduankonten @Telkomsel @telkom There are still spam sms https://t.co/eBd287aqDI,We Help Closing CC / KTA. Reschedule remove 0% interest. Repayment 70% discount . Bleaching doesn&#39;t pay at all. Hub ROHMAN 089647941992 ( WA ),id,spam-loan
DuLqay5WsAAv_za.jpg,"Dear @aduanBRTI, please report spam and fraud. Please follow up. https://t.co/Ux7tTNuLAX","SHOPEE GRANDPREZE ! Congratulations, you are the winner of the 175 million SHOPEE MILLIONAIRE With PIN NO. : JZK259 U / More info click on www.hargashopee.cf",id,scam-prize
EvnKsJtVoAACqiJ.jpg,"New way of fraud cheating... sending sms saying some amount is credited to u r account and ask to check in the link..
I have received 15-20 sms past 2 days

Please spread the awareness on this to people not to fell in this trap.
@cyberabadpolice
@CyberCrimePSCyb @CYBTRAFFIC https://t.co/lsUrq4hq1m","Congratulations 9703XXXX99 . You are Selected for Rs 50,000 Fixed Deposit Yojna . Verify your Email now . http://epx9.com WNHWNKKMYHANPL",en,scam-prize
E3HNbI4UUAQ6Ytf.jpg,@Apollo24x7 Sharing the Saturday sms spam https://t.co/UohD9LNbdF,Black fungus in diabetic pa tients ? Get tips from Senior Endocrinologist Dr. Batra - 6th June @ 11AM on Apollo 24/7 Health Hour . Register : klr.pw/mFley/PUHqVh,en,spam-promo
Ed9JvHmXsAExtBh.png,SMS iPhone game #scam https://t.co/g73clBuHHk https://t.co/e7d20szCjM,You have (1) new photo - message: https://fotopic.club/c/d?i=3YOgtjVhH,fr,scam-other
EU1NdLtUMAAGxWg.jpg,@PhonePe_ Hi..Today I received a phone call #9939456725.They offered me to get 5000 incentives by phone pe. if I click the link provided by sms on the mobile.. You r request Pls check &amp; identify this fraud.. https://t.co/IzuQBkAUrj,from PhonePe . Rs.5000 will be debited from your account on approving the request - http://phon.pe/lhpheaqg,en,scam-financial
DsenvwFVAAI6rRC.jpg,I can only imagine how many people this SMS phish is going to get https://t.co/kZbAVYfG3w,"r6t8srt74 Congratulations , You've won a $ 500 Black Friday gift card click here-kutt.it/X7Rob1 to redeem it ! Sponsored by- Walmart Authority .",en,scam-prize
E4-8eptVIAAODQy.jpg,And the SMS Spam continues. @ATTHelp https://t.co/IMu1FARu6z,kqv609mf79@oanhca.edu.vn fuck my pussy and suck my juicy pussy https://fuck55hard.page.link/ naxz,en,spam-other
Duqrrv-U8AA2t6G.jpg,@aduanBRTI @Telkomsel please curb this spam sms https://t.co/ga1jwbiL39,CREDIT CAR BPKB Process fast &amp; easy Cashback promo up to 2 million - No BI check - Bs Takeover - Rate 0.7 % Assisted until liquid WA http://bit.ly/2ri1pcb,id,spam-loan
El-1lu0WoAIPbUO.jpg,Be careful not to click; they are active again this SMS I got myself this morning (and I&#39;m not even with the #Rabobank hahaha 😂) #phishing #scam cc: @M08007000 @Rabobank https://t.co/7Go7tXv4XK,[ Rabobank ] Your debit card is outdated and will expire on 07-11-2020 . Request your new debit card for free via: https://s.id/rabobank-2191,nl,scam-credit/debit card
EFKPgQTUYAQlq6C.jpg,".@TheOfficialSBI Got a text message - SMS, looks like fishy, #Phishing!
Could you plz look into it and save your customers money.

#SBI https://t.co/kKEeqAQIZ4",Apply SBI Home Loans through Govt of India website ; https://psbloansin59minutes.com/sbi Get in - principle sanction letter & loan sanction in 7 days if eligible .,en,spam-loan
EGCjVvVX0AArTl4.jpg,Received this sms @bunq #phishing https://t.co/NcBWzqCgNy,To keep your bung account active please verify your contact details . https://bung.com/login/,en,phishing-account alarm
EYNWM5YUwAA0JUh.jpg,"@aduanBRTI please follow up on spam sms with potential fraud like this, thank you. https://t.co/VWvY4gOfgy","Customer 085788354959, Today You Can Get Combo Data 1GB, 2GB, 4GB Every Minute +1000 PULSA COINS! Hurry up call * 858 * 33 # for 4GB data combo! 2k/3x/mg",id,spam-promo
EMn4wCmXsAEMEGC.jpg,Fraud sms #paytm be careful. You must have received sms saying KYC blocked. Don’t call on the number provided. https://t.co/2saVB7kx8A,PAYTM WE WILL HOLD YOUR PAYTM AMOUNT AFTER SOMETIME COMPLETE YOUR PAYTM KYC PAYTM OFFICE PH 6291809325,en,scam-account alarm
D1hQw1cXcAANArH.jpg,Dear @ICICIBank @ICICIBank_Care @KotakBankLtd @Early_Salary can u pl fix this unsolicited Spam SMS by you/on your behalf via @airtelindia @Airtel_Presence https://t.co/3CDKUGwjRu,Open Zero Balance A / c for DBT with Kotak Mahindra Bank & get Assured Cashbacks on transactions . Click rml.lu/nPA9nZ to avail this offer . * T & C,en,spam-promo
EDHGAQIVAAA1Hwx.jpg,"@aduanBRTI sms spam and sms fraud, please block immediately https://t.co/gFkNlaOpvv","Last night, get a gift of Rp. 100jt Dr M - KIOS 2019, your code &lt;IJH76K79&gt; U / info CLICK. bit.ly/isiulang-mkios2019",ms,scam-prize
EuGmyZAUUAQ0OWQ.jpg,"@NetflixID hello, I want to report, I just got this SMS which looks like a scam. https://t.co/XHOZyzAHDT","Free Netflix premium for 1 year, Immediately verify your Netflix account: http: // www.netflix.com.memberupdat e.info/",id,scam-account alarm
Ey3-LG5XEAU0Fd_.jpg,How to block a spam sender if he also sends messages that might be useful? https://t.co/WHufrS7Kbf,Uber Eats: You earned up to 20 reais OFF with the VIP208WC coupon. No minimum value. See conditions https://y.uber.com/66yHpRQZS,pt,spam-promo
EmILxLgXYAElL8g.jpg,"A friend who lives in Los Angeles received spam in pro-Trump text messages, denouncing so-called Democratic election fraud. This masquerade goes a long way… https://t.co/6kfTEJY48s","#StopTheSteal Democrats will get away with it ... unless you and I lead the charge to fight back , hold them accountable , and FAIRLY WIN THIS RACE for President Trump . We are on the ground with legal resources ready to help ! Will you make a donation today of $ 25 to help ? https://forourusa.org/r.wr ? id = 6J8nQLFW",en,spam-vote