text	label	original_label
The trans women reading this tweet right now is beautiful	benign	benign
9) uhhhh i like being lgbt a lot. i feel proud of what i have done to help others in my community	benign	benign
Hero Rohit Sharma love From Pakistan	benign	benign
As a slightly feminine top I appreciate all masc bottoms that enjoy a dude like me	benign	benign
Delon Love Turkey and brave Turks from Indian Muslim! In Shaa Allah we will rise again!	benign	benign
Because it's the Word of God maybe? Just spitballin	benign	benign
God Bless From a Trinidadian Muslim!	benign	benign
Majority of girls talking to me after they find out I play for the same team URL	benign	benign
Dark skinned men wearing pink shirts always make me swoon a little bit.	benign	benign
Love Latinos come here and I will make you happy	benign	benign
deepika padukone's face...is something else. no words to describe this beauty URL	benign	benign
nope. my happily married lesbian buddy/supervisor/boss is super cute.	benign	benign
It's not your decision. If a woman doesn't want to carry her rapist's offspring or die in childbirth, that's fine.	benign	benign
If you respect trans rights you are good enough <3	benign	benign
I'm so grateful to anyone who speaks up on this issue. Women's sports is so important.	benign	benign
I wish all of my friends Allah may give lots of love and peace on this special occasion URL	benign	benign
One day you'll get a girlfriend whether it's an Assyrian or an non-Assyrian. Just have patience.	benign	benign
Huzzah! Am Bisexual. Currently crushing on Megan Rapinoe.	benign	benign
WOW...! This woman's on FIRE..! I love this promo. I love the fact that EVERYONE is represented ..all races and sexual orientation..	benign	benign
It would be beyond gratifying to have the factual words of 4 minority women lead to the demise of occupant # 45. Appropriate.	benign	benign
I'm Bi and I am proud of what I made. This is a very welcoming sub so I wanted to share	benign	benign
Trans people are people. They expect the same variety of things from their partners as everyone else.	benign	benign
 Why is this an issue? Fernando Vargas, Mikey garcia claimed there Mexican heritage as well	benign	benign
: Officials have waived work permit requirements for non-citizen children of Jordanian mothers. Read more here: URL URL	benign	benign
A beacon of light for women sports.	benign	benign
i'm half pinoy and half filipino but i take pride in being both 100%.	benign	benign
Black Americans are standing up for President Trump because they know he believes in all Americans.	benign	benign
Amit shah modern chankya in India . very powerful man in India.	benign	benign
Complicated black haired women are the best.	benign	benign
With pride arriving in just a couple days here, let this be your reminder. ACE PEOPLE ARE PART OF THE LGBTQ+ COMMUNITY. URL	benign	benign
Interesting! I'm half Persian half Chinese Malaysian with Bugis & Japanese roots!	benign	benign
Smh I thought women, children, women with children, and pregnant women were off limits. The streets just don't give af no more URL	benign	benign
love me some stick and ball with the boys	benign	benign
That was absolutely beautiful and was a powerful description of the Catholic faith. God bless you.	benign	benign
He is not glorifying castism but telling how it is helping him do good for the Hindus from Pakistan.	benign	benign
RT ilovegoodsthingx Lady Gaga	benign	benign
I'm a woman and I endorse this message	benign	benign
I'm a woman and I enjoy this sub	benign	benign
Prophet PBUH is last prophet of Allah  Ihsan Marwat URL	benign	benign
Good morning beautiful black ppl..	benign	benign
AZERBAIJAN: Pray for outreach and ministry work to the nearly 1 million displaced people in Azerbaijan. URL	benign	benign
As a Black and a gay and also a cowgirl I couldn't have asked for more legendary representation, BGCs we own billboard now!!	benign	benign
I'm Indian and it made me laugh!	benign	benign
Philbert and Tommy are now LGBT+ icons.	benign	benign
Our prayers are with you may Allah protect you wherever you're, and return to your family safely. 	benign	benign
congratulations to you for bjp win....now s400,rafale,chinook and Apache will rock Indian defense	benign	benign
Here is what diversity looks like people. Speak up now and stop this before it come s to a city near you ! URL	benign	benign
 I'm Mexican. Most Mexicans here legally, love our . You have no clue.	benign	benign
Are the minorities still considered as family, friends, neighbors....? Are Kashmiris even considered Indian??	benign	benign
Pay the Descendants of Enslaved Africans what you owe America.	benign	benign
Not weird at all. Happens to me, too, as a trans guy.	benign	benign
PM Imran invites Pakistani community to take benefit of investment opportunities in Pakistan URL	benign	benign
Pride + 's birthday + Brooklyn = URL	benign	benign
I truly hope muslims come into power in your country at some point.	benign	benign
Please join us in a one-minute prayer for those with autism. URL URL	benign	benign
: my friend lesbian girl Retweet Follow And Like URL	benign	benign
Why are girl so ugly to the girls that are just trying to warn them I'll never understand URL	benign	benign
Praying for a majority minority Gwinnett	benign	benign
Because like it or not people, on average, care more about others who share something in common (Like nationality) with them.	benign	benign
Shridhart malhotra is one of the most handsome boy in Bollywood industry...	benign	benign
Women with really dark skin are so pretty. The way their eyes stand out is really nice!	benign	benign
That is racist to view white people as being that white. We are Caucasian.	benign	benign
Most of these female Avengers embraced Hinduism in real life... Lord Krishna loves them all	benign	benign
" I grew up hearing similar lines of thinking: ""If Christians have the Holy Spirit we should be the best at everything!"""	benign	benign
 Good , happy days to come for Indians in Jammu, Kashmir, Ladhakh territories	benign	benign
Indian people Help PM Shri Ji congratulations  people ealme Congress URL	benign	benign
Kabbalah Zohar comes from people who rejected Jesus as the Messiah.	benign	benign
Eid is a Islamic celebration that we celebrate after the fasting month, Ramadhan month~	benign	benign
As a half Puerto Rican and half Italian I relate to this on so many levels	benign	benign
Selam and respect Iran from Bosnia	benign	benign
Read Quran then Bibles then Manusamriti ... surely the mystery will be solved easily ! Allah ho Akbar !	benign	benign
As a former Cis guy, I have to agree. Hugs, Daisy	benign	benign
Baloch It's real and attacking cricket love from India	benign	benign
I don't see anything wrong with it. White people are great, non-white people are great too.	benign	benign
Scared of a Black man abilities to do something positive with there brand	benign	benign
please allow Black womxn writers mourn and grieve before asking us to write essays on how toni impacted us URL	benign	benign
What they both failed to mention is Monica Beverly Hillz was the first openly trans contestant on the show	benign	benign
Seems like a Christian thing to do	benign	benign
The black girl is gorgeous.	benign	benign
Tsunaina is Mongolian I follow her instagram	benign	benign
I swear y'all get the weirdest niggas famous...	benign	benign
The keyword Hoes Mad is not a good keyword, and heres why	benign	benign
Jesus died for our sins.	benign	benign
Nothing makes me happier than knowing that in mythology Orpheus is canonically one of the first bisexuals	benign	benign
Asian women the new wave	benign	benign
Soon to be the sequel for the Cuban Missile Crisis? (but with all ~~genders~~ sides swapped?)	benign	benign
What a fantastic group of women to be our world champions. URL	benign	benign
dnfjskasn i went to my first pride parade it was so fun but so hot and also filled with so much love ‍	benign	benign
may allah accept our prayers  URL	benign	benign
I'm sorry that your dad treats you like that but Good luck to you and hope for the best (I'm a Trans Female btw)	benign	benign
Black people are great! No racism just respect!  They've contributed much to this . Bless up!	benign	benign
Straight girls compliment each other. Gay/bi girls complement each other.	benign	benign
White skin girls is beautiful. Every type of skin girls is beautiful.  URL	benign	benign
We pray for preachers of the word of God, that they may embrace the Cross and proclaim the Resurrection. URL	benign	benign
If a man can sit there and give another female any form of attention, he's not for you sis	benign	benign
Calling all Black women writers aged 16-22: this is a brilliant opportunity. URL	benign	benign
Thank you. It's amazing how little if this is known amongst Muslims	benign	benign
Woo! I'm happy and half with coming out. Just like my attraction!!!	benign	benign
That was about 8 years ago. I think he's dead.	benign	benign
My prayer's from indonesia, God bless Hillsong and always support, and now I have peace from Jesus Christ.	benign	benign
Good luck finding another lactating BBW who enjoys fisting and has a partner. BLOCKED	benign	benign
My partner Jerry, Natasha and I wish my mom a We are one big family ‍ URL	benign	benign
Interracial friendship? I agree. Let's talk, brother.	benign	benign
Another surprising reason to in the EU: the UK is more equal than most other nations in respect of diversity. URL	benign	benign
I was looking for an exmuslim group/ forum. Found one here.	benign	benign
No one's asking for the haram to be turned halal, WE JUST WANT THE SAME RIGHTS DO YOU SEE THE DIFFERENCE OR NOT?	benign	benign
TALL WOMEN DESERVE ALL THE LOVE. DONT BE UPSET ABOUT YOUR HEIGHT CAUSE TALL WOMEN ARE THE BEST	benign	benign
RIP ,she was one of the best, if arguably not the best articulate. India loses a great leader and wonderful soul. URL	benign	benign
STOP Genociding The Amhara People &	benign	benign
Latino for Trump I love it here!	benign	benign
White Jews, we really need to do a better job of following the leadership of, listening to, empathizing with, learning from, Black Jews.	benign	benign
not for Britain against real Jews love Jeremy and are against the smears	benign	benign
latinas are really something else (in a good way of course).	benign	benign
It was wonderful to see how kind Peru was to 3 Jewish travelers!!!	benign	benign
I can do all things in him who strengthens me. - Philippians 4:13	benign	benign
two trans people happy together. Sweet	benign	benign
my phone got turned in and this is what I open it to lmao  URL	benign	benign
 We're here, we're queer, we're gonna go to the gym and get some	benign	benign
As an Indian I approve	benign	benign
If it helps, I've been to Thailand and really enjoyed it. Including the fabulous lady boys!	benign	benign
No, but I'm a white dude from Canada. I never expect racism, sexism or any other -ism to affect me negatively.	benign	benign
The photo with a black guy is so cool. Wałęsa I love	benign	benign
"When I ""coincidentally"" visit my muslim friend around 6pm-7pm and they say ""food is ready, would you care to join us?"" Me: URL"	benign	benign
Latinas are the best	benign	benign
Phallus must've been speaking to her.	benign	benign
Oh, I didnt know Jacob was Filipino.	benign	benign
as a dude who is 6ft short girls are actually really cute	benign	benign
Multi racial and multi religious, yet family is still family. You can only find this in Sabah and Sarawak especially  URL	benign	benign
Wake up young Africans one love	benign	benign
My ex girlfriend was trans, so it's really nice to see other trans girls being represented. Thanks 	benign	benign
Asian love is best love.	benign	benign
Larissa putting a good word out there on Brazilian men who know how to appreciate women. ;)	benign	benign
The rise of Narendra Modi in India and Imran Khan in Pakistan may be a new variation on Western understanding of populism. URL	benign	benign
The White Dress Project brings awareness to health concern for women - URL	benign	benign
I love my fellow non-racist, non sexist Americans. Which I'm happy to say is the majority.	benign	benign
why is she embarresed by Yugoslavia wouldn't that be a part of the greatness of our diversity	benign	benign
Aither deserves to be recognized for the LGBT woman she is.	benign	benign
Loving more black guests on the 'cast	benign	benign
 Lily isn't a guy, she's transgender.	benign	benign
Allah yer7amo- I'm positive that he's been proud since the day you were born! May Allah reunite you with him in Jannah	benign	benign
I always have positive experiences with Older black women	benign	benign
ri3it483qthirf Right. Im a white lady and that was epic	benign	benign
SERIOUS INQUIRIES ONLY BEAUTIFUL I ACCEPT CASHAPP BLOCKCHAIN ZELLE PAYPAL AND WESTERN UNION	benign	benign
Women are the most beautiful nurturing souls in this world and nothing should oppress them god this world can be cruel sometimes	benign	benign
Great job! Happy week to you from a heterosexual exmormon!	benign	benign
REALLY? How about the treatment is our AMERICAN CHILDREN FIRST!!	benign	benign
I'm so proud of this Latino	benign	benign
Where the Single European girls? Wink at me.	benign	benign
Dey need to let my nigga Petey out dawg the streets ain't been the same since summer 2016	benign	benign
Credit applications ask about your citizenship!? I think citizenship has nothing to do with racism.	benign	benign
There's nothing better than being a white American Male. I'm a white American Male. Don't think that I don't know how fortunate I am.	benign	benign
There are wonderful Muslims in my family. There are wonderful Muslims everywhere. But that doesn't make Islam wonderful. , British-Pakistani URL	benign	benign
latinas are so beautiful, elegant and powerful	benign	benign
Oh wow, thanks for this. I'm Pakistani but was born in America. I had no idea that was a problem back home.	benign	benign
I use both bisexual and pansexual to describe myself.	benign	benign
Eid Kareem. iA our faith increases.	benign	benign
My heart breaks for your brother and every other LGBTQ raised in this cult. Love is love ‍	benign	benign
Why do you assume they are 'most likely violent men'?	benign	benign
Please don't kill or assault any women thanks	benign	benign
Mary Brasch has a lot of experience with lgbt people and i think she's very easy to talk to	benign	benign
Unacceptable!!  24 immigrants have died in ICE custody during the Trump administration URL	benign	benign
poor: polish sea, polish mountains rich: polish sea, polish mountains we also like to occupy croatia/spain/italy for some reason	benign	benign
Being gay is the best thing I have lived for	benign	benign
Cute boi with the trans flag uvu	benign	benign
Chuck Schumer's response to the squads anti semitic remarks! Take that! URL	benign	benign
India love bright side , bright side love india 	benign	benign
I love you beautiful black Queen. Bless all my beautiful black sistas around the world. YOU ARE WORTH IT!	benign	benign
Praying in Jesus Name that Father sends Holy Spirit to all those deceived by works salvation to the truth spoken of here	benign	benign
I appreciate having the woman of my dreams be loyal, supportive, beautiful, understanding, and independent.	benign	benign
Eid Mubarak To Those Celebrating Today and Tomorrow	benign	benign
Finally tackling the issues that really matter to me as a woman! URL	benign	benign
Black is not Sad , black is Poetic # proudly African 	benign	benign
"happy pride month! i'm straight but still proud for you guys who finally overcame the ""not so separation of church and state"" government"	benign	benign
Actually love short girls ngl	benign	benign
Racism against anyone will **not be tolerated** on r/HoldThatFeedingTube. Bet you can't beat that	benign	benign
Hong Kong people are independent of Chinese citizenship.	benign	benign
THIS IS SO WHOLESOME OMFG THE POWER OF WOMEN URL	benign	benign
Little comic about trans miyuki because it's pride month Part 1/5 URL	benign	benign
jacob batalon is filipino.... THIS MAKES ME FEEL BETTER! SHOUT OUT TO ALL MY FILIPINOS! MABUHAY PILIPINAS!	benign	benign
The would to Africa I am black and proud	benign	benign
0:45 if race/ethnicity doesnt matter, why does it matter that there were white people at the rally?	benign	benign
idc if you dislike Halsey, or you dislike lgbtq+. This speech is powerful and should be shared. URL	benign	benign
I'm a trans girl and I love this place!!!	benign	benign
We live in a society. My wife? She's Asian.	benign	benign
"Please do not send your warships to Iranian door and tweet ""Never threaten the United States again!"". That does not make any sense."	benign	benign
Title: Me! behind the scenes the story of Benjamin button Me: correct that with... the story of Benjamin button	benign	benign
You can tell by the way I use my walk, I'm a woman's man, no time to talk.	benign	benign
I wipe yo face wit them blue hunneds to make ya tears dry	benign	benign
If the Pyramids were built by Europeans instead of Africans they wouldn't be trying to say aliens did it	benign	benign
Fornication God says is wrong all the people that think im mean take it up with GOD JESUS he'll make a way for you	benign	benign
A Man Is Powerful With The Right Girl.	benign	benign
im just glad she is actually asian , congrats disney, you got half of it right already!	benign	benign
Whoa there Buddy!!! Who appointed you gatekeeper for Christians? I'm proud of my church.	benign	benign
Jaishankar is ethnically Tamil but born and brought up in Delhi iirc.	benign	benign
When do you think it appropriate to inform children that same sex relationships exist?	benign	benign
This is why I love asians	benign	benign
My fiancé is bisexual so I've learned it all from her. And you're welcome my friend	benign	benign
God in language. Christian always love.	benign	benign
"God bless,""dedicated not only to God but also Jesus"" love the enthusiasm about God bro much love"	benign	benign
*and on June 1st all the planets aligned and lit up in pink blue and white in solidarity with trans persons everywhere*	benign	benign
Beto O'Rourke Says Eliminating Citizenship Test for New Immigrants is 'Something For Us To Think About' URL	benign	benign
Thanks to Allah and I pray for all Muslim brother and sister in the world good evening	benign	benign
It's good to be white my brother.	benign	benign
As being a Hispanic woman, I have three college degrees including my master's.	benign	benign
 Trans Men are Men, and Trans Women are Women, and the Unconditional Love between Parent and Child is Unconditional. Love. 	benign	benign
Too right. Scotland had demonstrated that it is a firmly pro-EU country and is in the transition to becoming a full member.	benign	benign
He is RoHitman Sharma, an extraordinary player of Indian cricket team.... who has no ego at all and good human being also. 	benign	benign
Malaysians take to the streets in Kuala Lampur in commemoration of the International Quds Day URL	benign	benign
Looks like all American born residents will have to carry passports and birth certificates well those of color. Shameful.	benign	benign
Acting from Shahid In Haidar then in Udta Punjab Now Kabir Singh now it seems bollywood has something to show	benign	benign
I though Malaysians are rather traditional and Malays are expected to have Malay for their first language, so thanks you for this valuable information.	benign	benign
Good to see interracial relationships.	benign	benign
Generally, it's not necessary to treat a woman's male sexual partner, but can spread between female sexual partners.	benign	benign
Almost like women have preferences and different taste when it comes to their partners.	benign	benign
I'm so blessed to be a part of World Conquest Evangelistic Church and Cityland Foundations. URL	benign	benign
My gf is black and the most beautiful woman I've met	benign	benign
I don't mind any orientation as long as it you.	benign	benign
It's pride month! Let's celebrate all our favorite SW by posting photos of them here with an encouraging comment! URL	benign	benign
Dear Congress (I) ... Why did Hindu Mahasabha members hold membership of INC then?	benign	benign
Fellow Bi woman here, you are stunning! 	benign	benign
I wish we got a lot more desi representation in hiphop	benign	benign
Happy Pride Month To All Friends And Followers I Have. Anyone Bothered By My Support For The LGBTQ Community Hit That Unfollow Button G.	benign	benign
Thank you for this. Very important to me and my trans brothers.	benign	benign
cant believe tfue died today rest in peace love brazil one prayer = one lootbox	benign	benign
After watching this,I think Asian people are cute af.	benign	benign
Some of the smartest and nicest people I have met are from India! Much respect!	benign	benign
seungmin said pansexuality is valid and he's proud of yall for being who you are !!!! URL	benign	benign
i'm obsessed with the women on euphoria URL	benign	benign
Kindness to strangers and charity are huge parts of Islam. Charity being one of the pillars one must uphold to enter heaven.	benign	benign
Finally, a baseball team that represents my gay experience. Visibility matters y'all @ Wrigley Field URL	benign	benign
I have been here 40 years and am Hispanic. Never had a problem. And I'm married to a white man.	benign	benign
and by everybody i mean all fine women	benign	benign
16, transgender, and getting top surgery in two days :D	benign	benign
How great are you, man! Praise be to Allaah who taught man what he did not know.	benign	benign
Happy Eid Mubarak in advance to all Muslims	benign	benign
just happy to be asian baby	benign	benign
Follow this fella. He's coming to the heterosexual parade in July.	benign	benign
Wow. Thank you, for not being afraid to shut down this sexism and homophobia. URL	benign	benign
south african women are gorgeous okay.	benign	benign
The chilling inaction on domestic violence in Russia is endangering women's lives URL	benign	benign
 I could see them using a familiar concept from U.K. law, already accepted with regard to leases - the 999 year backstop?	benign	benign
Congratulations INDIA, congrats . And well played . You guys were phenomenal. 	benign	benign
Why companies need to open up the dialogue around diversity URL URL	benign	benign
Mixed asian girls are so cute you got this king!	benign	benign
Why do I get asked if I'm part black so often.... I'm whiter than Casper.	benign	benign
Crazy Tempo No he's not. And why does the skin colour matter to you?	benign	benign
"22. Greenfeld added: ""This is why, in other words, Americans are committed to equality more passionately than any other people."" URL"	benign	benign
South Africa represent! Same-sex marriages have been legal since 2006. The 5th country in the world to do so.	benign	benign
"Callicles credits ""Black Lives Matter"" with the coming downfall of Kamala Harris. Why? Check it out. URL"	benign	benign
She is the most sexiest lady in bollywood...	benign	benign
Its national girlfriends day so stan clairo and stream immunity tomorrow URL	benign	benign
There can be no justice unless women are part of that justice 	benign	benign
Britain invites Saudi Arabia to arms fair despite it being 'unlawful' URL via	benign	benign
High-five bi brother. Indeed it does rule	benign	benign
Happy pride month, remember that trans women of color were at the forefront of the struggle and they still are	benign	benign
The comment was about California importing cheap labor. So illegal immigration and work visa abuse are all the same issue.	benign	benign
"i have nothing against homosexuality in the slightest, i'm bi myself, but can someone explain to me how it's a ""blessing""?"	benign	benign
How policewomen make communities safer URL	benign	benign
The latest Didisin Diversia ! URL Thanks to	benign	benign
"I love being a woman, but I wouldn't say there are ""perks"" to being one."	benign	benign
"Agape means ""unconditional love"" in the context of Christianity"	benign	benign
I know a Danerys, Yubelka, Yubelkis, and Yudelka. This IS Washington Heights. All over 40 too.  URL	benign	benign
anele makhubalo yeah he changed his name because he wants to inspire and bring youth all around the world	benign	benign
the way she works her hair at the end too. god bless the latina woman	benign	benign
Omg I'm a gay woman too and I can't stop playing!!! Something about pretty anime boys is just nice	benign	benign
Retweet  to share a toast in celebration of Pride Month!!   URL	benign	benign
Asian American sex workers on the frontlines of xenophobia, sexism, racism. This powerful dominatrix is one of our community heroes. URL	benign	benign
Asians have that timeless beauty.	benign	benign
Kannadigas are prod and viraaat I know because I'm an honorary one.	benign	benign
Where goes full blown Antisemite! URL	benign	benign
 Ent. Gaming hes part asian, hes not just black	benign	benign
some who understands pokemon go please dm me	benign	benign
Pakistan come back in last matches deserve to be appreciated love from loc kargil	benign	benign
Glad we rescued all the jews a while ago. Ethiopia is not a great place.	benign	benign
Eid Mubarak all of my Facebook friend !!!!	benign	benign
I am a white woman can confirm this is hilarious and on point	benign	benign
first presidential nominee to support gay marriage	benign	benign
Swaraj Ji had an eventful life. She was the youngest Cabinet Minister ever at the age of 25 years old. Om Shanti. URL	benign	benign
GOD IS FAITHFUL!  May Bible reading plan. Learning to rely on God wholeheartedly! URL	benign	benign
As a black guy.. I can approve	benign	benign
He has engaged himself to educate youth with islamic doctrine as taught to us by our beloved prophet Mohammad ( saw). URL	benign	benign
She deserves the utmost respect. What she's doing for the Black Community is exceptional. Using her power and privilege the right way.	benign	benign
2 people that I know of transitioned after hs and a ton of us turned out lgb- so a little education wouldnt hurt.	benign	benign
pls god ji bless this child. The Prayer Life Of Fateh URL	benign	benign
marianne williamson talks about racism more directly than anyone else	benign	benign
For sure. It doesn't bother me what her sexual orientation is, as long as we like each other that is all the matters.	benign	benign
of course, but with the fight for equality (which i completely support) is full equality. not a pick and choose.	benign	benign
All Assyrians are welcome in Armenia	benign	benign
Im gay and I approve this message	benign	benign
You might be interested to know that there are Christian communities in India that are older than in the west, too.	benign	benign
I'm pretty strongly Lutheran, my wife is nominally Christian. We make it work.	benign	benign
Happy pride month!! If only my parents weren't homophobic and there was a pride parade near me;(	benign	benign
Am a catholic I agree with you 100%	benign	benign
happy national girlfriend day to my girlfriends <3	benign	benign
Polish Photographer Creates Amazing Slavic Pagan Themed Photoshoot And Proves Slavs Have Amazing Culture URL	benign	benign
"I'm just happy that it's happening now, better late than never and I'm glad supporting lgbt has become ""mainstream"" in recent times."	benign	benign
Out of curiosity, what makes non-denominational churches different from other divisions of Protestantism?	benign	benign
every Bahá'í is happy rn lol	benign	benign
Pack of 4 Maxi Light Lightening and Purifying Beauty Soap 4.2 Oz URL	benign	benign
I'm just gonna mention that trans women exists and this seems tangently related. Trans girls are valid and you're valid	benign	benign
Young ethiopian kid for me	benign	benign
JUST IN: Gillibrand celebrates Pride Month by unveiling LGBT rights agenda URL URL	benign	benign
BTS outtake from my cover shoot with Gay Times for their June Summer of Pride 2019 issue. Have ya'll subscribed to ??? URL	benign	benign
People with autism always amaze me	benign	benign
boys, appreciate your girl that's all what they're ask for	benign	benign
Strong women expressing themselves feel so empowering. We would spend hours talking with  Tune in: URL URL	benign	benign
34 Black women are graduating from West Point in 2019, making it the most diverse class in the academy's history URL	benign	benign
It's a great honor for Reza Shah	benign	benign
Be the man she prayed for	benign	benign
The positive side of all this is that shes not sleeping with another guy.	benign	benign
So what does being in a great man then be in a Hispanic has to do with anything.	benign	benign
2 absolutely FLAWLESS Women!!! Perfection from head to toe, and the purest form of power and beauty!!!	benign	benign
They are brave women who are breaking through boundaries. They are destroying nothing.	benign	benign
This world would be nothing without a woman or a girl. -James Brown	benign	benign
I yearn for true gender equality	benign	benign
being an ally helps just as much as being LGBT!!	benign	benign
I love this woman. What a historic female Patriot to this country.	benign	benign
Great principles that can be applied to any organisation or person who want to support more women in leadership positions. URL	benign	benign
ummm, the Gay flag has every color in the rainbow, so what do you mean??	benign	benign
Recapping last night's Next Women of Country!  URL	benign	benign
my character havin a good time (they are trans pls b respectful!)  URL	benign	benign
Are you telling me women can't be bros?	benign	benign
Salam Syawal to all our Muslim friends who are celebrating!  Selamat Hari Raya!	benign	benign
Lots of love from the Slavs, we love you man	benign	benign
divine feminine = playing tennis knowing u look hot	benign	benign
Happy pride month! Protect trans kids, bisexuals aren't confused, and asexuals and aromantics are valid! URL	benign	benign
Cool with it, in fact I think bi guys and girls have it the best.	benign	benign
This is completely true. As a biracial person, I thank the tumblr user who said all of this.	benign	benign
I know this has nothing to do with race... but I'm proud of a fellow Canadian-Asian	benign	benign
God bless you Pastor Owens and God bless your ministry. You are a great role model.	benign	benign
Anwar Jibawi hey I'm Arabic please reply	benign	benign
You know what we need more of? Movies with strong female protagonists!!	benign	benign
AUNZ | — 'I do get messages from people in the LGBTI community about how my work has helped them come… URL	benign	benign
Yes, fellow Christians. It is certainly us Christians who would benefit most from this...definitely	benign	benign
And I can't stop thinking about black men.	benign	benign
that light blue menchie and zyler shirt said trans rights!	benign	benign
We learn a lot when we have to survive terrible times - I believe we can also learn a lot when we love learning....	benign	benign
You don't have to be biracial to be mixed :) URL	benign	benign
Women y'all gotta KEEP YA HEAD UP‼ URL	benign	benign
Going up on the store tonight URL	benign	benign
I love Japanese architecture, too.	benign	benign
Bisexual and I don't drink coffee :') hot chocolate/cocoa is more my cup of tea	benign	benign
happy pride month fellow gays	benign	benign
I'm convinced he  our Hispanic culture and women	benign	benign
They will take Jerusalem back boys	benign	benign
I knew all this from other trans women from here but you put it very well.	benign	benign
Thank you! And I'm not Muslim but I see others saying it so Eid Mubarak! You're such a cool ally!	benign	benign
"Hazrat Mirza Masroor Ahmad ""My message to the world is to look at tomorrow, and not just today"" "	benign	benign
Obama Sends Sweet Message To Sikh Man Wearing Rainbow Turban For Pride URL via	benign	benign
Run with any of these teams it doesn't matter you'll still get ran by me with the skins every time‍	benign	benign
What Attracts a Woman to a Man? URL	benign	benign
Fact: The United States has legal obligations to provide protection to those who qualify as refugees. URL	benign	benign
David Strah Shares His Experiences Raising a Trans Son on Latest Episode of Daddy Square - Time For Families URL URL	benign	benign
Wow, god bless you man. Endless respect. Feels genuinely beautiful being a BI enthusiast!	benign	benign
Asian girls are always a win	benign	benign
Domestic Abuse in LGBTQ relationships is a real epidemic and is under reported especially in Male to Male relationships. URL	benign	benign
But if you dismantle the welfare state, what's the purpose of kicking out people who travelled here without your permission?	benign	benign
happy pride month to my fellow gays i love you all	benign	benign
Sending my very best wishes to Muslims in the UK and around the world celebrating the festival of Eid al-Fitr. ⁠ URL URL	benign	benign
Thanks for being honest, it is how women are. Thank the women.	benign	benign
Home — Stop Antisemitism URL	benign	benign
Happy Pride month to all my LGBTQ+ guys, gals, and gender non specific pals! I love you ‍	benign	benign
Seriously, anytime he runs one out, it seems like he pulls his groin. He needs to change up his training routine.	benign	benign
Don't like most Country but this hit different in a hood niggas heart.	benign	benign
i forgot abt that period of my life where i was obsessed w japanese romance dramas	benign	benign
I'm Mexican, so if course my little sister had a 15 (quince) like many of us do.	benign	benign
To improve your day, there's a transgender pop star on the rise!	benign	benign
They will not even acknowledge that they maimed innocent Zimbabweans for the love of power...	benign	benign
Taqabbal Allahu minna wa minkum. (May Allah accept this worship from us and from you). URL	benign	benign
i grew up muslim too, its pretty good to me.	benign	benign
Shirtless Noctis is not gay... He's merely enjoying his freedom	benign	benign
happy pride month remember pansexuals exist and deserve just as much validity as the others	benign	benign
Connecticut bi woman here, just know you aren't alone and we all love and accept you.	benign	benign
MEET ME - Spiderman's first ever hijabi character URL	benign	benign
No disrespect but Angelo is one fine strong black man.	benign	benign
Has the queen returned to her throne?	benign	benign
., Founder of Believe in Africa will be speaking at the on Exporting African Excellence alongside Ugo Mozie. Click URL to register. URL	benign	benign
As a man that loves thicker strong girls, god bless.	benign	benign
cho seungyoun is every woman's dream guy URL	benign	benign
same. Love having a black woman therapist.	benign	benign
More women are creating new businesses and amassing fortunes than ever before. Check out the 2019 list on . URL URL	benign	benign
\*Democratically elected woman who are simply doing their jobs	benign	benign
But there is a difference between showing the respect and faith, i have nothing against Buddhists, but i dont pray to their God.	benign	benign
We support trans people here	benign	benign
Good luck sister, may Allah make things easier for you in the future in sha Allah. Respect for telling your story.	benign	benign
I'm half Chinese and Taiwanese :P	benign	benign
Just let people be accepted for whatever gender they choose. How does it impact your life?	benign	benign
that's awesome! you look great, and as a young trans dude myself, that's kinda like a role model to me.	benign	benign
Nein, I am not ze spy of glorious Deutschland! Vat a dummkopf idea!	benign	benign
There is just something about tan blonde asian women that is so beautiful.	benign	benign
Black Saints, white worshippers - Black History Month 2019 | Black History Month Celebrating the Great Black British Achievers URL	benign	benign
Man, that dude really is awesome. As a member of the LGBTQ+ community, I applaud him!	benign	benign
Vogue Japan loves White models and local fashion magazines love Hapa girls thats it	benign	benign
im not an arabian but im close bc im a persian so im kinda like that	benign	benign
I think he's aware of his own sexuality...	benign	benign
Pakistan team leaving for prayer in Nottingham. URL	benign	benign
This makes me feel validated. I'm slowly coming to terms with my sexuality, and this was nice to read. Thank you.	benign	benign
As a bi person I appreciate this	benign	benign
as another bisexual woman who didnt know this existed, THANK YOU SO MUCH FOR THIS	benign	benign
The only color I acknowledge when interacting with my brothers and sisters in Christ is the red of His blood shed for us.	benign	benign
Bro Your fine Armenians love learning about other cultures and you'll fit in perfectly fine.	benign	benign
wa yiak Eid Mubarak Ikhwan !! May Allah swt. bless our familys and our packages !	benign	benign
Mazel Tov! Burech Yida Halberstam had a girl. The Kiddush will be this Shabbos in Gribov 1601 48 St. Oif Simchas! Git Shabbos! URL	benign	benign
This exactly why bey did this song. Such a powerful song. So empowering. Black energy definitely won here. Africa to the world!!!	benign	benign
Point is the LGBTQ community is very open with sexuality.	benign	benign
WE ARE PROUD OF YOU SARFARAZ FOR STICKING TO OUR TRADITIONAL ATTIRE WHILE REPRESENTING US GLOBALLY MORE POWER TO YOU  URL	benign	benign
Why attack a government that is the mortal enemy of the Taliban, al-Qaida and Islamic State? asks URL	benign	benign
You think this applies to all women? Since it's in a study then this is how everyone thinks?	benign	benign
Rosie Perez is really one of the baddest women of all time, dont tell me otherwise	benign	benign
You can really make a woman's day with a compliment that has no agenda...	benign	benign
ALLAH test those whom He loves	benign	benign
I'm bi as well so happy pride month back to you	benign	benign
When you visit your Muslim friend. URL	benign	benign
We can never forget that the fight for trans lives is global. URL	benign	benign
Perhaps Im wrong but wasnt Yemen part of the holy land? Hope it get some blessing asap.	benign	benign
It's currently over 2000 religions in the world and y'all gon choose one to worship for the rest of your life?	benign	benign
I tried to speak a little about the holy month, Ramadhan. URL	benign	benign
She is refugee too from Kosovo	benign	benign
Being gay is not a decision but ok	benign	benign
Janice Fiamengo is also a great speaker for real equality.	benign	benign
I'm marrying a Venezuelan and theyre ecstatic :)	benign	benign
I still just want black men and women to love each other again	benign	benign
Qatar PM arrives in Saudi on first visit since Gulf crisis – media URL	benign	benign
Wishing each other on Eid deepens the bond of love and brotherhood. Blessed Eid ul-Fitr to all of you. * Eid Mubarak.	benign	benign
This is super interesting! Love quirky Lebanese people. You don't hear about them often! Most people the mainstream like sheep here.	benign	benign
Not to take away from her as she did amazing. But there has been quite a few black opera singers brfore.	benign	benign
It's really nice that it's a lot more acceptable for people to come out these days.	benign	benign
I found tall woman very attractive. Taller than me? Well, hello there..	benign	benign
i think you forget that i'm actually your favorite mutual ma'am URL	benign	benign
On this day, Pakistan prays for our brothers and sisters in Kashmir. May they remain safe and may justice prevail. Zindabad! Kashmir Zindabad!	benign	benign
Beautiful black family's showing a positive nature full of love and laughter nothing better in the world	benign	benign
I second this; Sikhs are generally good people in this regard	benign	benign
Viva Iran and Iranian super power	benign	benign
What a strong and powerful way of coming out!	benign	benign
Grumbach: African Americans, Latinos, and Asians are very underrepresented in the donor class, even compared to members of congress.	benign	benign
House Democrats unanimously pass 'Equality Act' to protect LGBTQ rights - ABC News - via URL	benign	benign
Ramazan has always proved a blessing for PAKISTAN. 27th Ramazan when Pakistan came into existence	benign	benign
I think that Allah and Abraham consented to killing Ishmael so apparently it was all good.	benign	benign
Great women, I can see how insecure men could be intimidated by them. I find them amazing and inspiring.	benign	benign
5'9 girls represent. I looove my height!!	benign	benign
Good on you man! I wish more younger (like 15-17) trans* people were able to start hormones and get the reaffirming surgeries they need.	benign	benign
"The Saujana Hotel Kuala Lumpur wishes all our Muslim friends ""Selamat Hari Raya Aidilfitri"" on this blessed month of Syawal...Safe travels everyone! URL"	benign	benign
We love our inclusive queen	benign	benign
Lil Nas X will be on the cover of a popular LGBTQ magazine.	benign	benign
Fun fact: Only respecting women that you're attracted to isn't respecting women.	benign	benign
He's not indian orgin. He is a pakistani	benign	benign
Now that is how its done, Happy Birthday! Love to see black families celebrating the growth of their children.	benign	benign
Getting closer and hope to attend my first Pride as an out gay man in 2020... maybe 2021	benign	benign
Thank you! This is the type of immigration we need! Wishing you and your family the best!	benign	benign
skin color shdnt matter	benign	benign
Ghana: Rawlings Calls On Ghanaians to Embrace family Planning URL	benign	benign
Equestrianism is one of the few sports where men and women compete on completely equal terms. URL	benign	benign
A sexy, kind, independent, ambitions woman with a double major bachelor	benign	benign
Congrats to USA love from Pakistan	benign	benign
Pretty girls are my weakness boiiiiiii	benign	benign
Happy Easter! This woman is clearly dedicated to the lord, I respect that	benign	benign
Hey, don't insult a great religion like that! Speaking of the Church of Satan of course.	benign	benign
He got the thug passion ;) from tupac	benign	benign
Sweet! I think that's great and I'm glad that men's groups are also fighting for equal rights.	benign	benign
This is a fight for women's lives and fundamental rights, and I intend to win. URL	benign	benign
Prime Minister Modi pays tribute to at her residence in Delhi URL URL	benign	benign
I know it's a little old, but as a guy who didn't realize I was bi until after I married a woman, thanks. 	benign	benign
malinga is best - love from india - chennai super kings	benign	benign
stay safe OP, from one asian to anotha	benign	benign
No more wars for Israel!	benign	benign
If this panel was all guys they would have a problem with that	benign	benign
Yo I just seen zaxby's at the bottom I'm putting on my timbs now	benign	benign
The baptism of the Holy Ghost is not just for Pentecostals. It is for EVERYONE! 	benign	benign
ISNT SHE GORGEOUS? FLAWLESS BEAUTIFUL BLACK SKIN! THE CREATOR LOVES VARIETY	benign	benign
Love the diversity. And while camila was kind of a damsel in distress more women were portrayed as able badasses.	benign	benign
ुखदुआ_समाज Volunteers has Taken Pledge to Respect Transgenders Equally by the Inspiration of िन्नर_उद्धार URL	benign	benign
Props to the blue wig women.	benign	benign
Had a crush on Kelley O'Hara (USWNT) until I saw she's a lesbian. Now it's just love.	benign	benign
I have a beautiful Colombian wife too!	benign	benign
+Jean Viloria you don't know what she identifies as. You just did it too.	benign	benign
The 3 Foundational Steps To Building An Inclusive Culture by Tony Prophet , Chief Equality Officer URL 	benign	benign
"this reminds me of the gay coming out dance in ""it's always sunny..."" great job, all the feels :-D"	benign	benign
im proud. i am lgbtq+ its hard but worth it	benign	benign
 I'm SORRY!!! i love u single gays too, you're completely valid, may I bless u with lesbian rays of positivity	benign	benign
non-passing trans women are amazing and deserve respect and validation and love and all the good things	benign	benign
best interracial dating sites eharmony review dating a trans woman scorpio and gemini compatibility chat rooms singles URL	benign	benign
>What do you think happens when an immigrant moves here? in general...they get wealthier	benign	benign
I have a thing for short women who can throw me around the bed so bless you for this.	benign	benign
Congrats! That's great you're with someone you can be open about your sexuality with, this will only make your relationship stronger	benign	benign
asian teams single-handedly lighting up the world cup.	benign	benign
Kawhi Leonard is the best and best example for all African americans	benign	benign
From 2017: Who Saved People During the URL	benign	benign
ah, ahem, policing what women call themself. that's a yikes	benign	benign
I'm trans and can confirm no one single soul is mad about it. Personally i love it.	benign	benign
I love athletic girls. Very sexy.	benign	benign
Yes because that one instance describes all men	benign	benign
I was about to say, they're protesting in the only middle eastern country that wouldn't execute them on-sight for degeneracy.	benign	benign
Maybe try West Coast America? They are very accepting of LGBT+ people, more so than anywhere else I've experienced.	benign	benign
Me too although I haven't come out as a girl yet lol	benign	benign
Well boys, we did it. Homophobia is no more.	benign	benign
One love Africa People power our power	benign	benign
Many South Indians are supporting Shahid Kapoor. We believe in his talent and he will do justice to this role.	benign	benign
From a white woman thank you for speaking truth.	benign	benign
Want a gritty friends to lovers listen? enjoyed this one by & narrated by URL URL	benign	benign
Here's my proposed gay flag; for gay cis and trans men, along with gay identifying nonbinary folks. Designed by me and URL	benign	benign
reply to this tweet , if I like your reply that means you're one of the niggas I'm going into 2k20 with ‼	benign	benign
I know a couple guys who have kids with Hispanic women. They can see their kids whenever they want and they are not together	benign	benign
Being funny (personally I like guys with risqué and raunchy humor) and having cute hair that I can play with	benign	benign
We support all individuals regardless of sex or gender identity...	benign	benign
Awesome, you are mixed race! Embrace both and hold your head up! GOD made us all! 	benign	benign
I feel this too. Lots of big queer love to you and your family!	benign	benign
I think that is one of the most incredible things I've ever heard and I will quote it everytime I have to explain queer	benign	benign
Congrats , I remember coming out to some of my friends a year ago, it feels great!! 	benign	benign
Whether or not to fold women's underwear after washing before putting it in the drawer. It's such a small amount of material...why???	benign	benign
Yaaass ! Thank you for supporting the LGBTQ+	benign	benign
As an Indian I love this post	benign	benign
I know the feeling of not fitting in or having identity issues because of being mixed race, stay strong :(	benign	benign
MYAMOTO-MOTO IS A GOOD CHRISTIAN ROLE MODEL	benign	benign
EFCC Hands Over Property Seized From Badeh To Voice of Nigeria URL URL	benign	benign
Dominican man launches legal case against country's anti-gay laws URL via URL	benign	benign
I think you should all defend why you think illegal immigration is good for the US, or fair to anyone.	benign	benign
As another gay dude hoping to pursue the same stuff, at least we have each other! You and Pete prove it's possible :)	benign	benign
Shoutout to all the non-Muslims wishing Muslims a Happy Eid	benign	benign
It's the right time to stand with kashmiri brothers and sisters. Its the time for kashmir freedom Inshallah	benign	benign
Wayne a certified GOAT. Pusha not eem inna same league stop playin	benign	benign
our religions teach to work hard URL	benign	benign
Do they pray to Mecca?	benign	benign
Hey, I'm also trans. Ftm though. Wanna be friends? I don't know if this is how you make friends skskssksks	benign	benign
Same honey, same. I'm so happy to see bisexuals living their lifes happyliy.	benign	benign
He has my respect, Islam Changed my life, thank you god for such a beautiful.	benign	benign
 We obviously need women to lead the House and the Senate, and be our President.	benign	benign
Gosh now I kinda wish I was from Oklahoma. At least as a Canadian who is trans I have Tranada.	benign	benign
uptown girl, but make it non-binary	benign	benign
And Allah found you lost, and guided you. Quran 93:7	benign	benign
Everyone loves Ellen the lgbt+ qweeeennnn	benign	benign
Im a bisexual Muslim. Never felt accepted anywhere. I wanna feel accepted..	benign	benign
 Rawalpindi express is still the fastest bowler in the world, pride of pindi boys/ Pakistan 	benign	benign
lets not forget about lesbians this month,,,,or ever.....because that is the first letter in lgbt since a lot of people seem to forget	benign	benign
Thank you. It's also my monthly so I thought maybe I was missing something?	benign	benign
"me, most of the year: ""i don't really care about my sexuality or whatever it doesn't matter"" me, june 1st 12:00am: URL"	benign	benign
God bless those brave Americans, Canadians and Britishers.	benign	benign
These Guys being Gay and Proud. I can respect that	benign	benign
This video is all about breaking barriers n taboos for women body.	benign	benign
I mean I hated this white person yesterday. But i realize that we should united and not separated. Love for everyone	benign	benign
There WAS NO country when white people came to America, they literally fought for the land and built a civilization out of pure wilderness.	benign	benign
Hextain I really love the way you look. Cause I'm guessing you're encouraging the LGBT community?	benign	benign
Today we celebrate and those who paved the way to include women in sports and sports media! URL	benign	benign
Fun fact this isn't far off how I came out to the first person who knew I was trans	benign	benign
an Irani former Muslim here you're not alone	benign	benign
Much love Will From Saudi Arabia Keep sharing ur love man	benign	benign
"I'm bi, but I use ""gay"" as an umbrella term sometimes. It works for me. Dassit."	benign	benign
This is why you cant help but love Asians	benign	benign
On May 17th, 2019 in , . We took a big step towards true equality, and made Taiwan a better country. ‍	benign	benign
Tulsi is a gorgeous woman. Just saying.	benign	benign
 This must be humbling Rhoo, you really are a legend and we as the country are proud of you	benign	benign
I don't know, something about it being a race issue which I don't think it is.	benign	benign
". kicks off 's Women Leaders in Healthcare Conference. ""There is a state of emergency for women's health and public health."" "	benign	benign
US Award for Nigerian Imam Who Saved 300 Christians | About Islam URL they wont show you this in the media	benign	benign
waking up with good vibes! waahh... to all muslim brothers and sisters around the globe	benign	benign
NZ may have lost final but surely it has won the hearts . U have shown a true sportsmanship. Love from Indian	benign	benign
I'm an American and I love Japanese people! I love their rich history and culture.	benign	benign
Welcome!! Omnisexual is a less heard of sexuality and people will tell you it doesn't exist but, it does!!	benign	benign
Oh no I'm definitely trans. I'm much happier now than I was before I transitioned.	benign	benign
Some of the kindest and most generous people I have ever met are Muslim. I am so glad to share this	benign	benign
Power to the people! She is authentic in her fight for social justice.	benign	benign
I'm making a goal to go to my asexual friends and let them know that they're valid <3	benign	benign
HAITIANS in the house checking in! We love so dearly bruh	benign	benign
Do your homework and your mom will leave you alone so you can watch your blessed animè	benign	benign
I'm hearing comments stating that Beyonce is culturally appropriating East African (particularly Kenyan) culture. That's bogus. She is celebrating the culture.	benign	benign
happy pride month to the FIRST CANONICALLY LESBIAN COUPLE in a superhero movie. URL	benign	benign
: Shirley Caesar - Blessed Assurance | Yes Lord Radio | LISTEN NOW Click=> URL |	benign	benign
Armenian Catholics are in communion, yet do their services in vastly different ways as well. Maronites in Syria and Lebanon as well.	benign	benign
Freedom is the only solution for Kashmiri people. URL	benign	benign
"Can we all acknowledge that for some inexplicable reason ""Same Love"" by Mackmore was a huge step in the battle for gay rights"	benign	benign
Please help support Lesbian Pride Circle, add a now! URL	benign	benign
Yes, a sermon on Presbyterian Church government. I love Presbyterianism. URL	benign	benign
I'm so into others girls but I'm really infatuated with myself	benign	benign
*Senior Lawyer breathes in your presence* Senior Lawyer: URL	benign	benign
All the handsome indian men you get to meet!	benign	benign
Hundreds of women from Asia and Africa to be trained by UAE Armed Forces as peacekeepers. URL URL	benign	benign
Hey im a filipino subsciber am i the only filipino?	benign	benign
Human Rights Foundation () calls on Liam Payne to cancel Saudi Arabia performance URL URL	benign	benign
India ko hona chayha tha world cup final me from pakistan	benign	benign
Bangladesh Awami League wishes everyone around the world a very happy, blessed and prosperous URL	benign	benign
appreciation post for my favourite 50s lesbians URL	benign	benign
Scenes of joy as decriminalization Of homosexuality made official in Botswana URL	benign	benign
Navajo Census 2020 Complete Count Commission Starts Strategizing to Ensure Every Navajo Citizen is Counted URL URL	benign	benign
Technology started with Africans and will probably end with Africans.	benign	benign
disney's first main gay character is played by someone who is really lgbt i LOVE that	benign	benign
Adab's Islamic Exchange will be live soon and will be open for registration. Complete implementation of Sharia principle.	benign	benign
Who is from Iran like and sub if you are from Iran	benign	benign
we are equal we are Muslims URL	benign	benign
Heroes the lot of them. GOD BLESS AMERICA AND PROTECT THOSE WHO PROTECT US. love from England	benign	benign
Let everyone be there self gay lesbian by or Straight when if ur going to love someone love them for who they are	benign	benign
I apologize, you are right. He just converted from orthodox to reformed in the last few years.	benign	benign
Awesome, I'm Christian and bi, we probably have more things alike than different, more power to you friend!!	benign	benign
I know a gay couple that's into it. Would that be something for you or do you love the m/f dynamic?	benign	benign
Let more people know I'm gay, I don't know why but it still kinda feels like I'm not being open to people	benign	benign
Congratulations India. Great step towards national integration!	benign	benign
(Video) Cousin Stizz ft City Girls – Perfect - URL URL	benign	benign
Wow I love tall girls, they always got the nicest curves!	benign	benign
Oh my bad.. so Israel has never taken land away forcefully from anyone?	benign	benign
LBGTQ_ Community will support you	benign	benign
We mexicans are friendly and always eager to help others have a good time!	benign	benign
God bless her, and may she get strength to win more medals for india	benign	benign
This is what we need more of! She easily bests 80%+ of the women posted here.	benign	benign
Seeing former players at Women's World Cup 'rewarding' for Pitt's Waldrum -... URL URL	benign	benign
Help your parents grow a good opinion on the LGBT community. Then the rest is up too you	benign	benign
Absolutely !!! Black people are born for music  this song is soooo amazingg	benign	benign
You're so handsome  I legit said like two days ago trans men are the most handsome ppl I've seen !	benign	benign
We love strong, hardworking women supporting other powerful, fearless females!  loves URL	benign	benign
Pakistan's reports on , held this past weekend outside London, UK. URL	benign	benign
As a cishet girl with a crush on a trans guy, I approve :)	benign	benign
Very proud moment for all the Indians.. we achieved a great success in science.	benign	benign
Thanks! I feel so much more comfortable expressing myself as a woman.	benign	benign
Good to see Asian actors playing Asian characters .	benign	benign
Excellent job getting people of color... and women... to be up front reporters. Let's see more of that.	benign	benign
The UK is a developed western country and anybody born here gets citizenship	benign	benign
I feel like I already knew he was gay but congratulations :)	benign	benign
South asian but I feel you sis	benign	benign
Lol why would your skin color matter ? I love your smile	benign	benign
Ugh I know Im a dude but female empowerment encourages me so much! I love it! (Thanks Miley!)	benign	benign
In their late seventies. Amazing.	benign	benign
Diversity > Love for **a lot** of people these days - as long as they are the ones not missing out on love.	benign	benign
Latinas on their way to school URL	benign	benign
Prayers & wishes for & his ministers at Mata Vaishno Devi URL	benign	benign
 Respect frm the core of heart. For You, Nation comes before Koum/aawam. Dis must be the faith for all Indians	benign	benign
Amen for a this women of our great God.	benign	benign
Most of our citizens die in the desert dehydrated and have been buried because of unsafe migration and Human trafficking across the Sahara	benign	benign
The Indian women begin their campaign on a high note with a 4-0 victory against Malaysia  URL	benign	benign
Exceptional women leave a little mystery about their lives	benign	benign
°• thread explaining aromanticism and why it deserves way more recognition from the lgbtq+ community •° URL	benign	benign
We need more gender non conforming transfemme people. Do what you want and be your best self! We're all rooting for you :)	benign	benign
South Africa is such an inspiration. Their love of diversity is unmatched and should be spread throughout NZ	benign	benign
Why is terrorism associated with Al Qaeda? Islam means peace ‼	benign	benign
Cooking Guys are the hottest especially when they are asian	benign	benign
let's all smoke with him that'll be a fun time	benign	benign
Well everyone is technically biracial its the degrees of differences...she looks like a standard old lady possibly of European descent.	benign	benign
and also the jewish people behind the scenes :)	benign	benign
Dhoni is the spiritual leader for the current Australian partnership	benign	benign
I'm a huge fan of really dark skin women and i've no African blood in me.	benign	benign
Hey, idk if it might help, but I'm queer and Catholic. PM if you wanna chat!	benign	benign
In a new Gallup survey, two in three Americans (66%) said they support statehood for Puerto Rico. URL URL	benign	benign
This is inspiring! Good project and nice video showing the struggles of most members of the LGBTQ Community	benign	benign
No, but it's a very important step to equality.	benign	benign
Absolutely stand up for injustice. Never was against that. There's just no need to preface it with your race like it validates your opinion.	benign	benign
They are honestly so transphobic. They need help.	benign	benign
Angela Ponce, who is competing as [**Miss Spain**](URL in the Miss Universe pageant, is a trans woman.	benign	benign
Because Jesus is the Lamb who was slain before the foundation of the world.	benign	benign
Part of what makes America a great place - we are diverse and share in each other's cultures.	benign	benign
God bless her. A beautiful woman with a beautiful soul.	benign	benign
Somalis came in during the 90s fleeing their civil war. Obama was 18 years later	benign	benign
Eid Mubarak to all of u.. May ALLAH shower his countless blessings upon you and your family...  URL	benign	benign
Bi guy here and love it too!	benign	benign
Makes sense. I'm a straight woman but I've actually really enjoyed everyone on this season. Although 11p on Monday is hella late.	benign	benign
For anyone reading this, I hope you fufill your dreams and overcome stereotypes just like Mulan did. Let's be strong guys!	benign	benign
Im a boy but I still think girls r better than boys	benign	benign
Girls who have a crude sense of humor are attractive to me. And short hair but more feminine looking are also very nice looking.	benign	benign
Different cultures have different beliefs, knowledge, celebrations etc.	benign	benign
Question to feminists everywhere: What is the purpose of your ovaries and uterus?	benign	benign
> Hamtramck My parents (both Polish) were born there. It's mainly south Asian now (Bangladeshi, etc.)	benign	benign
The fact that she included Muslim women wearing hijab in this video is just amazing	benign	benign
Pride parade is for everyone. It's a celebration of who you are and what you like. That includes the straighto spaghettos	benign	benign
reason one as to why I'm afraid to tell my parents I'm bi. stay strong dude, us closeted fellas are rootin for ya.	benign	benign
Chattanooga have lots of African Americans so his joke is actually discrimination joke	benign	benign
I wonder if they know that many current Mexicans have Spanish ancestry and that Mexico already had its physical traits altered by racial incursion.	benign	benign
Eid mubarak to all of us. Let us all forgive ang love and just love!	benign	benign
If you're concerned about the misinformation re: LGBT by the govt, please help LGBT organizations such as below to fund their campaigns! URL	benign	benign
I'll try. I think his account is private	benign	benign
wow women who like being big spoon are appreciated	benign	benign
We are all a Heinz 57 mix of ethnicity people need to get over their selves	benign	benign
1st book of its kind site:Outdoing creed did Modi unite Indians & win votes URL URL	benign	benign
We are straight but not blind best quote from the Podcast GO LISTEN TO THEIR PODCAST in BRISXLIFE YouTube channel!!!! URL	benign	benign
However she is killed by no stranger.this are internal quarrelling results	benign	benign
It impacts my attraction a lot, Spanish and white women are what I'm attracted too, some Asian women as well. I like light skin	benign	benign
This is what it's like to date in your 20s URL	benign	benign
So he's half black half white and his son is half black half white and half Asian his child bout to be a model	benign	benign
A man who falls in love with his religion	benign	benign
Black people contributed fo the creation and development of Country and Western music and many have loved and listened to it for years.	benign	benign
GUYS CAN WEAR SKIRTS AND STILL BE STRAIGHT. Thank you and farewell.	benign	benign
This man has beta energy	benign	benign
 I from America, but my ethnicity is Indian.	benign	benign
Almost as if their sexuality doesnt matter when they're fighting hoards of zombies	benign	benign
Not nonbinary, but I'm appreciative of the inclusiveness	benign	benign
Creepy, and insulting to the females here?	benign	benign
I like Music. England people are good at vocabulary.	benign	benign
NTA - As a gay man, I thank you so much for standing up for your son.	benign	benign
Always appreciate a good booty/whooty on any gender.	benign	benign
Some 44,000 refugees return to Syria for Ramadan holiday URL	benign	benign
28. all my barbies were lesbians too but i just thought i was a very enthusiastic ally URL	benign	benign
Eid Mubarak to all our Muslim friends! Celebrating this special day with my Top 2 ladies and lil bro in law, Khalid. URL	benign	benign
Anushka Sharma is one of the best. She is the Queen of Bollywood. Fashion = Anushka Sharma Queen = Anushka Sharma URL	benign	benign
OMG THE LESBIANS I LOVE THEM  brat better not ruin them or i will fight	benign	benign
Brown skin girl, Your skin just like pearls. The best thing in the world, Never trade you for anybodyelse URL	benign	benign
TONIGHT I'M GAY BOTH IN THE QUEER AND HAPPY WAY	benign	benign
Not even gay but I want this movie because so many awesome women in history get completely ignored.	benign	benign
Well done Pakistan xxx - love from Afghanistan please dont send negativity tho lots of Pakistanis were	benign	benign
*file under STOP TALKING ABOUT MUSLIM WOMEN'S BODIES*	benign	benign
Women aren't capable of these things? Ffs if a human wants to fight for freedom, let them.	benign	benign
I'm Greek Orthodox. It doesnt really impact my sexuality all too much. Still go to church for holidays .	benign	benign
It's great to see Buddhism emerging positively in the political setting.	benign	benign
The fact Scarlett is jewish makes me love her more	benign	benign
The NHS have some resources to check out if you are an LGBTQ+ individual struggling with their mental health.  URL	benign	benign
India Gets First Woman Finance Minister in Years to Spur Economy URL URL URL URL	benign	benign
Happy Pride ! ‍ URL	benign	benign
i can't believe that jihyo isn't a lesbian like the fanfics had me convinced URL	benign	benign
Fair enough. Immigrants add a lot of value to our society, that is certain. Thank you for pointing out what I neglected to add.	benign	benign
What about the Native American people not seen in this and Megan sit down and be quiet and stop making it about you	benign	benign
Females ignore 30 guys a day just to get ignored by the guy they want.	benign	benign
I'm biracial, African American mother, Eastern Slavic father, heterosexual, and movie and game ost's	benign	benign
I support women's lib whereas women same as men	benign	benign
Please help support Asexual Trans Pride, add a now! URL	benign	benign
 Blanket statements about religious and ethnic groups don't really carry much weight in my mind, but, to each their own I suppose.	benign	benign
Transgender people* (know you have good intentions, just helping you fine tune them)	benign	benign
Attack helicopter the best gender	benign	benign
Well played Bangladesh Shakib world best all rounder after Boom Boom Shahid Afridi... respect from Pakistan	benign	benign
Tens of thousands join annual Israel solidarity march along New York's 5th Ave URL via	benign	benign
Yes, I know. It's nice having people who don't scream slurs at you all the time for being LGBT or Jewish.	benign	benign
God is a Black woman.	benign	benign
Man this made me cry so bad. My Jewish brothers and sisters stay strong !	benign	benign
How To Talk To Your Kids About LGBTQ+ Issues.. URL	benign	benign
I am HERE for miss lyonne telling the world women don't need to have children to have a PURPOSE IN LIFE!!!!!	benign	benign
Yes yes it does join the honorary Latino club	benign	benign
Thanks! Just racially ambiguous lol - I'm half Filipino half white	benign	benign
I think that could be said of anybody, regardless of sexual orientation.	benign	benign
Hijabi brides have a different type of Beauty and it's just mA	benign	benign
It's okay to be white. I am white. I like being white.	benign	benign
I never had a problem to begin with, my lovely lady is Mexican and native american.	benign	benign
For straight people we deserve pride too	benign	benign
But gendered language like mansplaining is ok. Because only men can be guilty.	benign	benign
We want citizenship, we want all our rights. We don't trust them. We will return only if international protection is in place. URL	benign	benign
"They're just non specifically ""mentally ill"""	benign	benign
Congratulations People of India for won	benign	benign
Ah yes. My favorite race. Girl.	benign	benign
First Openly Gay MP Elected In Japan URL via URL	benign	benign
im bi and u should stan bts URL	benign	benign
Love a girl that's not afraid to say what she wants	benign	benign
she didn't stop the performance cause she professional ‍ take notes ladies URL	benign	benign
bi sexy uau URL	benign	benign
7-year-old with rare disease needs donor of mixed race to save his life URL URL	benign	benign
I'm here as a single heterosexual white American male to congratulate this beautiful athlete in her victory. Euro Pride	benign	benign
Their opinions should not dictate her living her life.	benign	benign
Atleast they will make sure the country is strong and economically sound unlike the places where you get jailed for speaking or insulting someone.	benign	benign
The latest LGBT Youth News & Events! URL Thanks to	benign	benign
I too would like a cute asian wife and daughter.	benign	benign
Exactly! LGBT representation is hard to do right but when it is you can tell and it's just EEEEEEEE. Thanks for being understanding though	benign	benign
Times like these, I'm so glad for my Asian parents	benign	benign
My aunt is trans and is more woman than you'll ever hope to be	benign	benign
Hey that's an insult to autistic people.	benign	benign
A son of God is a man of God not necessarily a pastor	benign	benign
I consider the Asian men are the most respectful and romantic human beings ever. I don't know how other people can't see it.	benign	benign
Omg another transgirl aaaaah your so beautiful I'm also trans looking for trans friends	benign	benign
I mean.... I'm aro/ace. So I guess that's kinda sorta gay because I like women the same as men	benign	benign
Welcome to Islam sis	benign	benign
Luxembourg's prime minister is the first EU leader to get married to a same-sex partner	benign	benign
Watch it my channel guys! Im from indonesian peace and love for all us jesus bless you all	benign	benign
My masculine is awakening from my spiritual elevation!!!	benign	benign
Congratulations you have found someone that is Chinese	benign	benign
This is it. I have finally come to understanding of my issues with gender and sexuality. I just wanna be cute.	benign	benign
can u guys rt this! potential costumers are everywhere, besides it's pride month!! support a black trans creative!! URL	benign	benign
Same. Currently hoping that my current makeup of being Bi, gender-blind and open to just about anything and everything wins out.	benign	benign
A Muslim is a brother of a Muslim.	benign	benign
Great relief to millions of women. Government's efforts to uphold the rights n dignity of women finally overcame d Opposition's hurdles. URL	benign	benign
My deepest condolences for all the USA as well.When will all these terrible shootings stop?	benign	benign
Best are men/women who arouse aesthetic emotions in you; not conscious desires. The latter are run of the mill.	benign	benign
These sort of posts mean so much to me since I'm pre-everything and still present male.	benign	benign
I'm Indian and I'm so proud of them representing my culture with respect.	benign	benign
It's all good I'm Asian and I think it's ok.	benign	benign
NAH. You're allowed to come out to you who you want, when you want. Good luck to you	benign	benign
Great video:Are We Black People?VS Edward X Debate 2019((Every so-call Black People need to watch this video!!!)	benign	benign
IT'S OK TO BE WHITE	benign	benign
She's part of the JW Prosperity Gospel movement. When everything is going good for you Jehovah is with you.	benign	benign
What do you guys think about income based affirmative action instead of racial affirmative action	benign	benign
I'm also an agnostic theist. Good stuff man	benign	benign
Jr. is just fantastic. I think I like his Tweets better than his father's even.	benign	benign
The Squad is a squad because for people of color especially, there's safety in numbers and power in solidarity. URL	benign	benign
Will is really a role model for all black fathers I swear.	benign	benign
Indian supporting England team in stadium	benign	benign
White pride, nothing wrong that. I'm proud to be white	benign	benign
STUDIES? We study all aspects gender discrimination. Partnering with our sister law school URL	benign	benign
Sushma Swaraj Among BJP's Most Beloved, Admired Across Political Lines URL	benign	benign
Absolutely right, thanks for raising voice for kashmiri people.	benign	benign
ITT: She's Just An Awesome Hapa Girl :D	benign	benign
Life without Allah is meaningless.	benign	benign
Love how diverse the world of gender can be! URL	benign	benign
More supportive of the LGBTQ+ community	benign	benign
It's 2019 we're respecting women and getting respected back.	benign	benign
A massive thanks from a bi teen	benign	benign
The least we could do this Pride month is get a trans mother back to her kids. Donate and share! URL	benign	benign
These women are so powerful and inspiring	benign	benign
Ah. I'm planning on coming out as trans (and I guess lesbian) hopefully this week. Good luck man	benign	benign
You don't have to be out for your bisexuality to be valid. Happy birthday!	benign	benign
BLACK PEOPLE MY PEOPLE STAND UP	benign	benign
RT ActionAidGhana: ActionAid launches campaign on decent work for women - URL - via Ghana News Agency URL	benign	benign
". has released her politically charged song, ""Rich, White, Straight Men"" on streaming platforms.  Stream: URL"	benign	benign
That was terrible. God gives peace their soul and encourage their family at this moment.	benign	benign
A beautiful woman of color.	benign	benign
Never thought i would be considered white asians... Very interesting though	benign	benign
I believe the real connection is both are KING ...Long live the King	benign	benign
hell yes, i just feel like boys don't get as much love n appreciation as others and this needs to change!	benign	benign
 on a side note, Kashmiri uncles are legends.	benign	benign
1.24 proud to be Muslim	benign	benign
A win for Puerto Ricans.	benign	benign
But she has a 140 IQ tho.	benign	benign
Hey there guys, gals, and nonbinary pals! best greeting for this imo	benign	benign
WE LOVE AN LGBTQ HERO UGH	benign	benign
ATTN: Straight People. Don't be upset that you don't have a pride parade ... be grateful you don't need one!	benign	benign
Because JC got into trouble for trying to get with straight boys.	benign	benign
 I was speaking on children not teenagers or adults I'm not against transgender people i fully support them, like I support you.	benign	benign
Long live Israel! Greetings from the Netherlands.	benign	benign
I fall in love with beautiful women all the time	benign	benign
Most Norwegians should know it, as the viking age is pretty well covered in the curriculum.	benign	benign
being born a Sikh is such a blessing	benign	benign
I know that feeling. I may not be LGBT myself, but I have loads of LGBT friends	benign	benign
1. Love your God within, the Truth in Heaven 2. Love and protect your neighbor as yourself URL	benign	benign
Yesss me too my girlfriend is mixed like me Dominican and. Turkish so we both understand what it's like	benign	benign
Ramadaan Mubarak to all our Muslims sisters brothers and friends may it be a month of much and joy	benign	benign
thats not what OP asked, though. OP asked why you think we arent Christians - regardless of salvation.	benign	benign
Don't underestimate power of women	benign	benign
 There are about 25,000 Mexican workers in Québec. They've never been & aren't a problem: French & Latino cultures meld well together.	benign	benign
God is all the genders.	benign	benign
6:17 the kids are smiling tho... They are just trying to have fun	benign	benign
While the nation is still in mourning, especially the vulnerable immigrant population, ICE separates more families with massive raid; the cruelty must stop!	benign	benign
Girls love girls and boys.	benign	benign
As someone who has been both Orthodox and Catholic, I think your advice here is wise.	benign	benign
Only hard done to the female gamers who want to express their identity.	benign	benign
It's not Mexico. Most immigrants aren't from Mexico, they're from other parts of South America, like the Honduras and Guatamala.	benign	benign
Khawar Qureshi isn't even Pakistani. He was born and brought up in England.	benign	benign
Displaced Women Turn to Cashew in Abuja, and Are 'Making It' : URL URL	benign	benign
Take care of your business and give our Arabian community culture a respect	benign	benign
God bless you all. Love from Tunisia	benign	benign
My parents are immigrants with strong ties to their home country, so I always felt more patriotism for their country than my home country.	benign	benign
Really cool to see people stand together against racism :)	benign	benign
 Wow what a beautiful pic, I 100% support GLBT ‍, gay people r the nicest people around xx	benign	benign
Eid Mubarak to all celebrating the end of Ramadan. Especially the beautiful community in my Electorate  URL	benign	benign
A true celebration of white.	benign	benign
We can't stop thinking about this amazing LGBTQ+ representation in ! URL URL	benign	benign
I am not African because I was born in but because Africa was born in me- Kwame Nkrumah Good morning Africa! URL	benign	benign
But when the sun was up, it was scorched; and because it had no root, it withered away. ~Mark 4:6 	benign	benign
Black American singers back in the day were freakishly good	benign	benign
Please follow this man, he needs friends very badly! 	benign	benign
Straight but allied with everyone else. Glad to feel welcome	benign	benign
Cultures grow on the vine of tradition.  Serbian traditional wear  URL	benign	benign
sending messages of infinite support and validity as an amab trans person who feels similarly!	benign	benign
So do I! It's fun being a woman. And I really like men.	benign	benign
spanish people are more sexy than anyone in the world	benign	benign
AOC. I love political figures. Lily Singh Aka SuperWoman. I love when she had braids. Indian women are so hot. Jeez.	benign	benign
my God ur beautiful and Middle Eastern is even better	benign	benign
The only famous black chef I know about is our dear dear Ainsley Hariott	benign	benign
Girls are great, and being one would also probably be great. Unfortunately I have no actual dysphoria.	benign	benign
Some of us are just legit guys who were raised well and know how to treat ladies . No hidden agendas	benign	benign
Lovely. Well done. is absolutely the only appropriate response to someone coming out.	benign	benign
I think Mulan should be played by a white blonde woman, the role fits perfectly for a white woman, don't u all think?	benign	benign
Nice to see Kimberley Yam who writes for HuffPost repping Asian men in her instagram here. Let's support her with more positivity!	benign	benign
straight or not we deserve to be loved & respect.	benign	benign
American, and of Pakistani descent	benign	benign
In honor of , read 's love letter to the LGBTQ community URL URL	benign	benign
Just proof we need more darker skin girls! They look so pretty in everything.	benign	benign
Why do we need this, both genders are already equal and so are all races and sexual orientation	benign	benign
URL The Islamic nation celebrates Eid al-Fitr and every year and you are well	benign	benign
look at these beautiful talented black boys	benign	benign
I love Gunna! Thank you for using beautiful women of color in this video!	benign	benign
Why is it any of your concern anyway ? You guys are commenting on another countries cultures beliefs and standards ...	benign	benign
Modji is probably the only Indian PM who operates at two levels, one as politician and other as social reformer 	benign	benign
Uttar Pradesh CM to unveil Lord Ram statue in Ayodhya today. Here's a report on this. URL URL	benign	benign
Girls are funnier than guys on this app	benign	benign
Its great seeing a young black individual doing his thing and being successful!	benign	benign
This Straight Pride Parade looks WILD I can't lie... URL	benign	benign
I am also White. Thank you for inspiring me to reveal myself.	benign	benign
I appreciate being bilingual with both African American Vernacular English and corporate white American English	benign	benign
 First year accepting my sexuality. Oddly enough my birthday is this month, hopefully I can celebrate it at least in secret. 	benign	benign
It's not the same guy, although the German that Upham let go does end up shooting Captain Miller, who dies minutes later.	benign	benign
Me!!!! And my wife. We are LGBTQ allies . And we are atheist. Well we believe in Harry Potter but that's another story.	benign	benign
Good for you. I'm happy living my life constantly complimented by men.	benign	benign
Christian's dont shoot up your office when you make a comic making fun of Jesus	benign	benign
 Uh, 51% of women who seek a first abortion were using contraception in the month they got pregnant.	benign	benign
hey as a lebanese non-binary person this is hilarious and adorable.	benign	benign
Oath sister!! I love the gays	benign	benign
Sis can be Hispanic but still white. Just an FYI lol	benign	benign
I feel this collab is for LGBT community... Thanks for this Ed/justin	benign	benign
The world's biggest power is the beauty of a woman - Chanakya Neeti ...and I agree :)	benign	benign
America was stolen & build by immigrants. Stop trying to forget where you came from.	benign	benign
my bisexual heart	benign	benign
Born Indian, grown in UK, married to an European and consider myself a truly universal being.	benign	benign
i need new lgbt+ mutuals... if you want rt this please so I can find new ones?	benign	benign
I mean yall r okay w gay celebrity couples but not w a real life gay couples, so what u tryna say again?	benign	benign
Girls are the best, can we just take a moment to appreciate girls.	benign	benign
My bisexuality consists mainly in thirsting over men in skirts, dresses and makeup in women in suits, muscles and holding enormous swords	benign	benign
Would you be interested in a bisexual crossdresser. I give great head and would love to relieve your tensions. My fem name is Amber	benign	benign
These regional ministers...this is why our church is what it is. Thank you for abiding faithfully with us.	benign	benign
No civil war... We have proud Hispanic US citizens in America gordon	benign	benign
"You're making statements that all ""frum"" Jews did X, when that's not the case."	benign	benign
So sexy...    i find koreans so attractive	benign	benign
"not being racist isnt ""PC"" Its being a decent person and respecting others..."	benign	benign
I love how my mum can be speaking fluent punjabi then hop back to english with her white woman voice so casually	benign	benign
STEM generally is a field that lacks female representation. Hope that changes. I strive to become a part of that change	benign	benign
My brother/sister can I ask if you are a Muslim and if so why do you believe in allah	benign	benign
Mexican is not a race it a nationality.	benign	benign
Dear black people, I love you. I truly love you	benign	benign
The more the fruits of knowledge become accessible to men, the more widespread is the decline of religious belief.– 	benign	benign
i'm cis but at least 3 of my ftm friends like cavetown	benign	benign
Not all Christian's are like this.	benign	benign
He's definitely a top 5 coach now‼	benign	benign
I recently met a woman from El Salvador and this woman is amazing!!! I will never date another western woman again!	benign	benign
 Aameen YaRabbi!!! May Almighty Allah grant him Aljanna firdausi ,my late dad and all departed souls.	benign	benign
How do you view lesbian relationships? IN HD	benign	benign
Happy . A necessary reminder for all allies to continually and consistently stand against bigotry and in solidarity with the + community URL	benign	benign
Is arameo.(sp?) The true language of the Jews from Jesus's days?	benign	benign
Religious beliefs shouldn't allow shelters to refuse transgender people. URL	benign	benign
This should be going through the immigration system not the justice system.	benign	benign
I love my three gay dads - Ms Marvel	benign	benign
In the Jewish faith the second born gets the blessing.	benign	benign
Wonderful Fabulous News!!! Gay Marriage Pride dears!	benign	benign
it's almost pride month so have a very cute bi pride boyo URL	benign	benign
: Muslims In Northern Nigeria Celebrate End Of Ramadan URL	benign	benign
*Black NBA players have a lot of power, and Bill Russell is a big reason why-Facts	benign	benign
Thank you fellow lgbt you are valid as well	benign	benign
I agree. It's nice that science validates the existence of trans people, but I'd support then anyway. Your happiness is what matters.	benign	benign
India's economic journey: A fountain-pen story - The Financial Express URL	benign	benign
blake is an awesome mix of caucasian and some black athleticism	benign	benign
I want women I admire to be happy. That's it. Don't really give a damn about the details, I got my own life.	benign	benign
i love being gay wjth my friends	benign	benign
Eid Mubarak from your Atheist Seattle friends and happy Ramadan!	benign	benign
Some are just great black mothers	benign	benign
It's a problem on both ends when you bash your ppl for other races lol	benign	benign
As someone who is mixed race it's nice to hear someone finally talk about it like that	benign	benign
Marianne is actually really good at discussing of reparations and I'm... shook	benign	benign
Such strong female role models	benign	benign
All the best team india	benign	benign
I want to compete with myself and support other women. There's enough for all of us. said Yass!!	benign	benign
friendly reminder that peter parker is trans and we support him no matter what! happy pride, spider-man!  URL	benign	benign
I need to start meeting other trans people in real life.	benign	benign
Goes to show that there's no white privilege when it comes to racism. Thank you for your story and keep fighting this, you're amazing.	benign	benign
This is the type of woman that you marry!!!	benign	benign
Introducing the 'Anti-Semitism Cyber Monitoring System  URL	benign	benign
On behalf of the elders of 'Thank you' for bringing to the . We had a ball! URL	benign	benign
Thank God for you Prophetess Bola. you have been a blessing	benign	benign
I respect this mtf transition	benign	benign
Cultural Protection Fund: Bettany Hughes meets Syrian refugees becoming conservators of the future URL	benign	benign
What constitutional rights do undocumented immigrants have? | PBS NewsHour URL	benign	benign
Spanish. Gotta connect with my heritage.	benign	benign
No. The increase in sex workers is fueled by increase in trafficking and coerced women and underage girls.	benign	benign
Equal Opportunity Employment laws require every employer to hire any relatively qualified applicant, or face potential litigation for discrimination....	benign	benign
God I love being white.	benign	benign
Giving green cards to Family is not illegal.He should support families of H1-b visa holders	benign	benign
It is pretty great being White.	benign	benign
yeah i guess as a native american - mexican my family is just more in touch with our spiritual side	benign	benign
This story only makes me even happier that I am single, and also gay.	benign	benign
We of the Faithful Black Men Association nominate you to be the next speaker at our national conference 2020	benign	benign
I am Italian, but KiSSes FrOm POlAnd	benign	benign
But that means LGBT+ support is popular now, which is good.	benign	benign
PSA: if you're bisexual in a hetro relationship you still get to celebrate pride and be proud of who you are	benign	benign
Someone plz explain me why a lot of comment about Poland there Btw kiss from Poland	benign	benign
Straight trans people are ok and we must legally thank them for their service	benign	benign
They brought Rih with them for the Eid turn up, I can't believe I'm swooning over the Saudi agenda  URL	benign	benign
He\`s not even a Muslim	benign	benign
Trans Ballerina Jayna Ledford Is Shattering Stereotypes URL	benign	benign
Great testimony from the Sister God bless you Pastor Tim.	benign	benign
It's not just Poland, in many other countries, including Romania, Pride is called The March for Equality.	benign	benign
Happy trans day of visibility buddy, I've celebrated by going to my local transgender pride, protesting our rights.	benign	benign
Gay PRIDE THIS YEAR HAS EVERYONE COMING OUT	benign	benign
Incredibly honored and proud to be speaking on 's LGBTQ Enterprising Women Panel this month alongside these women! URL	benign	benign
Happy pride month here's an important message from these gays URL	benign	benign
Meier Lots of post-transition trans people pass.	benign	benign
>I think Jesus would really like eradicating poverty. Love it.	benign	benign
I'm bi. I never really thought about it too hard until the LGBT movement started gaining more steam	benign	benign
kenyan hip hop on another level URL	benign	benign
BTW IM A GIRL AND I LIKE GIRLS SO YOUR NOT ALOWN	benign	benign
I appreciate you including agnostic my dude, were almost always lumped in with atheists	benign	benign
Although I don't agree with everything in the LGBTQ community I know it's not right that they are treated!	benign	benign
That people think they can choose their own sex/gender. (Or claiming that sex and gender are different)	benign	benign
Ifff you're trans ands kind to me thrrrds a. 90% chances illl would date you I've got soo much love andsffection o give	benign	benign
Nah. We go by members of The Church of Jesus Christ	benign	benign
I think it is fair to say you are orthodox Protestants.	benign	benign
This video just goes out to show the respect for LGBT COMMUNITY!	benign	benign
Absolutely one of the hottest Asian women on earth.	benign	benign
Title completely true! I'm one of those black Women.	benign	benign
Women. Because I'm a fan of beauty.	benign	benign
I'm a straight woman and I can relate lol She's so wholesome though, my girl crush is based entirely on respect haha	benign	benign
> We are a weird *gender* of the species FTFY	benign	benign
Somali girls are so pretty it's actually not fair	benign	benign
Okay thank you my brother. May Allah bless you with good health and wealth	benign	benign
India succeeds on another front. From 1,411 in 2006 to 2,967 in 2018, commitment of doubling the Tiger population fulfilled. URL	benign	benign
Verse (13:11) Indeed, Allah will not change the condition of a people until they change what is in themselves. @ Johor Bahru URL	benign	benign
Hats off to our soldiers who are fighting terrorists and saving Pakistan from threats and terrorism! URL	benign	benign
Yeah it's actually sexist to both males and females here lol	benign	benign
She was truly India's daughter and will be greatly missed.	benign	benign
This is probably the happiest the blank says trans rights meme has made me	benign	benign
Since it's pride month, here's a thread of BTS supporting the LGBT community! URL	benign	benign
If it's not a thing, it certainly should be! Looking great, sweetie!	benign	benign
Awesome Movie @ Story Singh Ppl Are Really A King  For ReaL Respect For All Punjabis All Over The World.	benign	benign
Men and boys are essential to supporting women and girls in breaking the silence on menstrual hygiene management. , together! URL	benign	benign
I am not ashamed and Indians don't have to speak Hindi i speak malayalam	benign	benign
As a brown Muslim teenage girl living in Australia, she gives me so much strength, one of my biggest heroes FOR SURE.	benign	benign
Agreed (from the Middle East)	benign	benign
And yet some people still don't feel that educating young people about the LGBT community is important	benign	benign
the WTA has a transgender participation policy URL	benign	benign
Getting dicked down. URL URL	benign	benign
they got 2 more daesangs, i'm so proud	benign	benign
Omg I have the same birthday!! Except I was born in 2008 but OMG happy Birthday	benign	benign
I'm glad that they are using an Asian actress for Mulan she looks very elegant too	benign	benign
Specified Asians because it's mostly us who still have this culture. Everyone is most welcome to tell us about your experience.	benign	benign
, celebrated in several countries to focus on issues facing men's health. Take a look at this article and let's talk URL URL	benign	benign
That we love American girls and boys.	benign	benign
Funny the countries with the most Atheists are the safest and happiest...go figure	benign	benign
Ik you're goated cause u can clutch anything and r my favorite Asian	benign	benign
"a lot of the teens say,"" sksksksksksksksksksk"" when something is ""funny"""	benign	benign
So sad. Please have mercy so the ALLAH do the same with you.	benign	benign
And with this BCCI won a million hearts. I just love everything abt my country	benign	benign
Eid Mubarak to my brothers celebrating.	benign	benign
my masculine is awakening from my spiritual elevation	benign	benign
We Asians gotta stick together.	benign	benign
blasian women are always gorgeous and she definitely supports that	benign	benign
I'm white and nervous. Can't imagine how Latinos feel right now, documented or not.	benign	benign
 Im being honest, i dont know how to talk to trans. I only call them mate and only that	benign	benign
This music video is so beautiful  I cried at the whole thing I'm Puerto Rican & Taíno Indian but black lives matter	benign	benign
Support Black Trans youth URL	benign	benign
I really dislike when people weaponize the Bible	benign	benign
also i love girls too they're the best	benign	benign
 Women I would say, my mom and sisters are Superwoman	benign	benign
May Allah accept our acts of charity	benign	benign
One of the only times I'm proud to be Desi lol.	benign	benign
Saudi women gain right to travel without permission - UPI News URL	benign	benign
 Khair Mubarak sir. May this eid may Allah bring us De ligt, fernandez and many more	benign	benign
His family is Taiwanese. Ethnically still Han Chinese, but still an important distinction to many people.	benign	benign
Black men sing love songs and can be romantic. Look at Marvin Gaye	benign	benign
A movie directed by a trans person	benign	benign
I came out at 21 too! Check out [Am I a Lesbian?](URL It may help you figure out if you're a lesbian or bisexual.	benign	benign
The mascot of the upcoming 'straight pride parade' URL	benign	benign
Going to church as an atheist Mormon in a loveless marriage. Leaving both was the best thing that I did.	benign	benign
The native european hunter-gatherer culture got wiped out by Middle Eastern farmer culture 8000 years ago.	benign	benign
You take offense to using their nationality as a descriptive device? Why- is there something wrong with being Afghan?	benign	benign
I can help all men an women who want to boost their health and performance..	benign	benign
Please support these orgs that are trying to help disabled migrants in the concentration camps. URL	benign	benign
EABC hosts Worldbank to discuss new project - support small scale traders especially women in cross border trade URL	benign	benign
I think that's a really accurate quote, we should feel comfortable speaking out against people with blatantly racist, anti-white male sentiments	benign	benign
Also, I am happy they are in both Canada and America because without them, the refugees would have no food or shelter.	benign	benign
Praying for my Muslims brothers and sisters in Sudan, may allah protect them Ameen.	benign	benign
Bernie stands up for all minorities.	benign	benign
Guys if they came to our country please dont mob them. Show some respect.	benign	benign
The r/bisexual subreddit is also very welcoming to straight allies and all of us love supportive parents.	benign	benign
You go girl!!! I think he is just afraid of meeting your expectations lah	benign	benign
Biden's Battle and the Reliability of the Scriptures | Ep 3 URL	benign	benign
this going for POC or what?	benign	benign
So very, very happy to see you as the real you. It only took me 49 years. Sincerely, The Gay Grandpa.	benign	benign
Nope she isn't black . Black is a royalty not everyone can have .	benign	benign
., former school superintendent, makes a passionate case that unequal educational opportunity is a root cause of racial disparities in the U.S.	benign	benign
That's cute. I love seeing gay couples together. Love always finds a way.	benign	benign
She raised the voice of Hindus in Bangladesh who r mercilessly persecuted everyday by Majority Muslims. zindabad	benign	benign
As a brown boy I appreciate you brown girl	benign	benign
Good Morning Tweetarians  Eid Mubarak everyone may your journey in life be directed by Allah.	benign	benign
It's always Pride Month at my house Pan, Rainbow and Trans flag always there to greet you URL	benign	benign
Eid Mubakar to all our brothers and sisters. May we have peace and understanding	benign	benign
Who cares if she's black? The person she is, and the things she's done to keep kids healthy are great regardless	benign	benign
*plot twist! We are all African*	benign	benign
I'm always smoking that reefer and jaywalking It sure is nice being white	benign	benign
Congregation Modi Ji. I am a Bangladeshi Citizen but i always like u.	benign	benign
If you want to come hang out with some fun trans people we all up in here : URL	benign	benign
Middle East Reformed Fellowship seems to be doing great work in the Muslim world.	benign	benign
Mexico pledges US $90 million a year in aid to Central America URL	benign	benign
Good cricket play nz respect for india	benign	benign
Can we get more racial barrier breakers? Please and thank you	benign	benign
You should join the trans girl groups (e.g. Duck Tales) on Telegram to get more localized friendship and advice.	benign	benign
My BFF got 59% NA and she looks white. People ask her if she's Greek all the time. You just can't tell by looking.	benign	benign
the malay deserve education the most	benign	benign
How is this implying shes not straight...?	benign	benign
An education scholarship for muslim women would have been more valuable for them and for the country	benign	benign
No one: Lele Pons: dId YOu KnOw IM LaTiNA	benign	benign
Today in 1642 Dutch minister Johannes Megapolensis arrives with wife and family to pastor in America. URL from URL	benign	benign
DIVERSITY! INCLUSION! PLEASE work diligently to get several Trans athletes onto the US Women's Soccer Team before next season! Love Wins!!	benign	benign
As another trans person, you're welcome xo :)	benign	benign
Happy hari raya puasa (for those who celebrate it)! URL	benign	benign
I would like to unban iona.	benign	benign
Hes a true African man lol URL	benign	benign
We all pray for Hindu Muslim Sikh Christian parsi Jain buddh they are pearl of India	benign	benign
The Hindus and the Jews are natural friends. It's heartening to see India and Israel coming together deeply. URL	benign	benign
Nigerians come and Cedis URL	benign	benign
Mashallah brother. So happy for you. Also join r/Ummah for other Pan-Islamic content	benign	benign
This is so cute. Happy pride month everybody. today is my official coming out of the closet as bi!	benign	benign
That's awesome! I'm also bi and my bday is on June 1 lol	benign	benign
I am tall and love tall women	benign	benign
J Lee and what's wrong with Indian American? they are true Americans....	benign	benign
This is just proofs how peacefull Palestina and the people supporting them are	benign	benign
May Almighty Allah bless us accept our ibadah URL	benign	benign
He's the 3rd best eza	benign	benign
I love you moreeeeee babe	benign	benign
As a closeted trans guy the last words made me cry.	benign	benign
what do you think the b in lgbt+ means? biscuits? like hello bisexuality exists stop sleeping on it	benign	benign
as a Filipino memer Have my upvote	benign	benign
Pakistan support Kashmir Freedom URL	benign	benign
I have so much respect for the 90's Japanese drifters:	benign	benign
jiyong said live matter. we gonn celebrate gay rights cuz rainbow lasts 4ever  URL	benign	benign
It is so good to see the bonding between Bangladeshi and Indian bhai borthers .	benign	benign
God of course I love trans girls	benign	benign
I just saw the speech, very diverse crowd, of blacks, whites, and men and women! A very good sign!	benign	benign
YES I GET TO BE TRANS JINN This is my transition goals	benign	benign
i knew it she a filipina thats why she beautiful	benign	benign
Well done that man, woman, gender neutral, transsexual whatever. Mahalo.	benign	benign
Wow he did that. By 2025 Majority of Lawyers in America will be black per-capita.	benign	benign
I agree it's not a confession it's your bs way of trying to tak to women about it. Plain and simple	benign	benign
Some converts have a bar mitzvah, I know it's common for Reform converts, and some Orthodox communities do it to. It's strictly optional though.	benign	benign
"Via the HRC: Maine Gov. Janet Mills Signs Legislation Protecting LGBTQ Youth from ""Conversion Therapy"" URL"	benign	benign
I'm atheist but my family is christian	benign	benign
Xhosa Women are the Future  Leadership President 2024 URL	benign	benign
What are your or your people's views on Eastern religions like Hinduism and Buddhism?	benign	benign
Hi I would love to talk girl talk with you! I'm trans and have always wanted a girl I can't talk with.	benign	benign
Shaykh Abdul Hakim Murad brilliantly and succinctly explains the definition of Sunni Orthodoxy/ Ahlul Sunnah Wal Jamah'. URL	benign	benign
Biggie is spoiling these people with food	benign	benign
I've always enjoyed it when people wished me a happy pride, and that goes for most lgbt+ people I've met.	benign	benign
won first ever multi-nation ODI tournament   URL	benign	benign
I think it's a blessing to go to a parish that's Catholic and still loves its faith.	benign	benign
Best is just to ignore them. I'm still going to teach jesus peace whether they like it or not.	benign	benign
Imagine we won a trophy on his last year	benign	benign
to all our Muslim followers. Today is your day to celebrate the goodness in your life	benign	benign
Right. Petite white girls are great.	benign	benign
Me as a trans female emt and nobody else is LGBT.	benign	benign
This is why I'm defecting to Sweden.	benign	benign
GAPPY AND YASUHO SAID: TRANS RIGHTS ARE HUMAN RIGHTS	benign	benign
I'm 15m and am bi would be happy to help you explore.. And possibly even friends	benign	benign
That's an informative video. Proud Hindu here!!	benign	benign
Does anyone else just feel really blessed to be gay	benign	benign
Black history month. Breast cancer awareness month.	benign	benign
Wishing joyful Eid Mubarak to all celebrating Eid ul Fitr across the world. May this Eid be of tremendous blessings! URL	benign	benign
June is , so join us as we celebrate all the wonderful diversity found throughout the natural world.  URL	benign	benign
Brian Kemp: Reverse State Agency's Hijab Ban - Sign the Petition! URL via	benign	benign
Still trans, still out there trying to live my best life.	benign	benign
Love being lgbtq that she stands for us more then anyone always been a great talanted person the best in my eyes love her	benign	benign
The refugees are learning slowly but surely. Give them a moment for pity's sake.	benign	benign
I'm a straight dude and I love sailor moon.	benign	benign
dis shiet be racist af!	benign	benign
Only because India is better than your home country doesn't means you ave to be insulting 5 MINIUTE CRAFTS	benign	benign
Eid Mubarak to everyone celebrating today	benign	benign
FIRST PRIDE MONTH EVER IDING AS A LESBIAN AND USING A LESBIAN TWIBBON AFTER A LIFE OF STRUGGLING WITH COMPHET, I'M SO HAPPY!!!!!! URL	benign	benign
Love from pakistan your brotherhood country	benign	benign
Blessed are those who trust in The Lord. - Jeremiah 17:7  URL	benign	benign
Over 90% of the Indian population makes less than $5,000 per year. So $600 per month would put you in a position of privilege.	benign	benign
I really admire the LGBT community for the hard work and inspiration.	benign	benign
Sis is giving a good word about the debt that must be paid to Black Americans with precision and clarity URL	benign	benign
happy pride month!!  to my lgbtq+ followers: u are valid. u are seen. u are heard. and u are so, so loved.	benign	benign
As a Filipino we can sing and hear notes with clarity ..it's the Spanish girl who rules! Nina hermosa bravo!	benign	benign
Wish You A Very Happy Birthday May Allah Bless You And Keep You Happy Have An Amazing Year Ahead MRS SRK	benign	benign
It's interesting what so many of us view as masculine energy. URL	benign	benign
She's all about those guns, God, and hymens and I can respect that.	benign	benign
So many girls are ready to marry with physically challenged man with the inspiration of jii	benign	benign
God help us Africans have mercy on us in the name of the son and the Holy spirit Amen	benign	benign
thanks these vidios help me with my ptsd , police vidios are depressing watching police brutality , on black persons ,	benign	benign
Eid Mubarak from a Christian Californian!	benign	benign
I agree with the decision. Because interracial couples are never a bad thing.	benign	benign
BBC has called , Kenyans On Twitter, a movement, the most important and powerful group to watch	benign	benign
the way he speaks about his daughter and the LGBT+ community we need more people like ‍ URL	benign	benign
Great video, so powerful, own your own feminism!	benign	benign
I THINK HAVE A THING FOR CHINESE MEN. I MEANT THEM. NOT EVERY SINGLE CHINESE MAN WALKING DOWN THE STREET. KJSKSKSKS URL	benign	benign
IMO, Face>Body>/=Skin color. Filipino mixed western or eastern asian features have advantages too. At least this is how the media portrays beauty.	benign	benign
It's pure brotherly love, unhindered by society's view that men can't kiss platonically. I think it's very sweet	benign	benign
I celebrate the awesomeness of my black people with a weekly video. Check me out. [ABC](URL	benign	benign
a female icon...u lead the pack so ur backs to us	benign	benign
Every Indian happy except members URL	benign	benign
I'm so happy for you! Great job coming out as lesbian! <3	benign	benign
18 and no its one of the best I've had	benign	benign
I have a lesbian friend. Although she's not really part of my typical guy friend group	benign	benign
Brittanya O'Camp is her birth name, she's not Asian. She's Latin/Hispanic	benign	benign
Going Girl: a trans story	benign	benign
I have to call the gas company about a potential leak - Jen. I love her URL	benign	benign
ICYMI: A brief from yesterday - Racine joins trend to ban conversion therapy for LGBT minors URL via	benign	benign
Such beautiful strong women	benign	benign
yay  Some times I'm sad that people brush off my sexuality bc I'm dating a male. So this is nice thank you	benign	benign
I am Indian and I approve this.	benign	benign
You look beautiful girl. I love your makeup. I'm also a transgender woman	benign	benign
The way I look at it, gender doesn't affect who I am attracted to! Male, female, non-binary... I love 'em all!	benign	benign
Respect to the Indian people	benign	benign
I hope the best for Mexico. I have met a lot of Mexicans and the majority were nice and humble. GOD bless Mexico.	benign	benign
I find beauty in all walks of life. I don't discriminate. However, I have a very strong attraction to Spanish women.	benign	benign
VdotV14 Half of the country calls the other half racist.	benign	benign
+Edward Terry puerto ricans are U.S citizens .	benign	benign
Acceptence and pride go hand in hand in this case, it's also to help people be proud to be gay, ya know?	benign	benign
as a very demisexual and very monogamous person, precisely one, but i still completely support your choices in your own pursuit of happyness 	benign	benign
Please help support nonbinary / lesbian pride, add a now! URL	benign	benign
Very well made, also as a fellow bisexual I approve of your cuteness	benign	benign
Salaam brother! Good job! ANELE Clap	benign	benign
Indian women are really cute imo	benign	benign
I'm sorryyy >w< I didn't mean to be racist	benign	benign
At first i read it 12, i still remember him when he still was 12  now he is 21 .... WOW	benign	benign
I'm sure even most liberal feminists despise this	benign	benign
"I'm the bi in a ""hetero"" relationship like yours and I completely understand how you feel. I don't have advice, but you aren't alone!"	benign	benign
Equality for all means *ALL*	benign	benign
How much I love Asian chicks	benign	benign
Matter of fact, I get sad when I realize my kids will never witness Filipino Tumblr $WAG	benign	benign
Same. There are some very fine Indian men out there.	benign	benign
Netflix's Tales of the City Is a Lovingly Composed Panoramic Photograph of San Francisco Queer Culture URL	benign	benign
I think it's awesome to see a lesbian couple walking while holding hands in Russia.	benign	benign
"This ""massive retaliation"" doctrine suggests to me that Israel could come under an existential threat."	benign	benign
Wishing all of our Muslim customers Eid al-Adha. URL	benign	benign
The title of this video says that the comments were racist so obviously they must be.‍	benign	benign
Marriane is amazing when it comes to speaking about race relations	benign	benign
let immigrants into the us	benign	benign
I think arena looks cool	benign	benign
Why Working Women Need to Mentor Other Women URL	benign	benign
im trans as well. I understand how you feel	benign	benign
I said we can be together on stuff like affirmative action	benign	benign
lee hwan says gay rights URL	benign	benign
Oh, and men, this ain't about y'all but I do have content that's better suited for you: URL	benign	benign
Thank you u/strong black female	benign	benign
Meanwhile, immigrants are risking their lives to give their children a better life. URL	benign	benign
I salute India for this achievements.	benign	benign
Black women embracing and loving themselves all over my TL. A necessity. A blessing.	benign	benign
My dad is a immigrant from Thailand.	benign	benign
Triple talaq. You're saying it's in the Quran, but most people would say it isn't. It's a matter of interpretation.	benign	benign
I'm honestly blessed bc my wife is perfect in all aspects	benign	benign
I'm a straight ally and please know that you are accepted and loved, please take your time. I will always accept you.	benign	benign
Sikh and Buddhists would be my go to if I was into religion	benign	benign
India got freedom from British in 1947 but we got the total freedom today URL	benign	benign
It is so sad that she had to go through all of that for something that should not even matter at all (race).	benign	benign
We love a girl who's smart and hot. Respect!	benign	benign
It was jolly cooperation to spread Christ word!	benign	benign
Ah yeah, I'm actually Dominican myself! And musicians can be pretty cool. It's true from what I've seen yeah, most indie guys are white	benign	benign
That's why I'm amused when certain countries talk about women's rights etc Was it just a fluke?	benign	benign
Chinese staff take home highest salaries in UK's ethnicity pay gap URL	benign	benign
That's a personal choice for them, the strength of your faith shouldn't change if they do or do not.	benign	benign
women's rights = human rights abortion rights = human rights URL	benign	benign
Girls are WAY more selective than guys.	benign	benign
Honestly why are there so many different sexualities now just bang who you wanna bang or dont	benign	benign
Congratulations , for Jesus is the way the truth and the life, no one cometh to the father but by me .	benign	benign
You guys are all so kindddd  thank you so much this makes me feel better about coming out	benign	benign
Dear Allah, please give me a strength atleast once. 	benign	benign
The perfect thicc white girl	benign	benign
this further proves that i am legit attracted to womEN	benign	benign
Coming out to my parents. We were a really religious family and I had no clue how they would take it.	benign	benign
Ok but if it's not ruled according to the Torah then it is not a Jewish state it is secular.	benign	benign
Spanish big Musa lady goes interracial, join to enjoy! URL M4 URL	benign	benign
If you subscribe for me my channel. May God bless you and your family in Jesus name Ameen	benign	benign
If only they were only arresting legal immigrants, and treating them humanely...	benign	benign
And he saith unto them, Follow me, and I will make you fishers of men. ~Matthew 4:19 	benign	benign
Black man, white woman. Several of my neighbors are that combo. They all seem happy, so, I don't judge.	benign	benign
This is truly a very beautiful testimony from GOD'S GRACE, The girls are strong and healthy. Nice.	benign	benign
Haha unintentionally yes. I'm bi & they're my fav	benign	benign
Hey I'm a little! And I'm gay  I love making new friends, if you wanna message me feel free 	benign	benign
The israeli accent does sound a bit french. Whatever her accent is, its not Egyptian!	benign	benign
Ramzan Mubarak to all my Muslim sister n brothers. May peace be upon our country. Big love from jaipur.	benign	benign
Come out when you feel comfortable, don't feel pressured to come out.	benign	benign
just doing my part as a white guy	benign	benign
Gender Euphoria Therapy? I can dig this.	benign	benign
Southwest Airlines Celebrates LGBT Pride Month URL	benign	benign
I remember. He wrote it after meeting with very concerned Palestinian activists. It was rejected and they now follows the standard one.	benign	benign
Thank you random Indian citizen!	benign	benign
Rowley is trans and lesbian and we love and accept her.	benign	benign
I'm a 24yr old bi guy, feel free to message me if you have any questions	benign	benign
Slytherin & Gryffindor  Post you and your S/o in your hogwarts uniform below! I'm curious to see the house couples URL	benign	benign
"Femininity doesn't always have to be ""sexy"". Why do women need to be sexualized to be considered feminine?"	benign	benign
Yes, you can have a fabulous career teaching gender studies to gender studies majors. That, or work in human resources.	benign	benign
I appreciate beauty even if I'm not sexually attracted to it.	benign	benign
According to Edgar Cayce they were from India Persia and Egypt	benign	benign
I can't believe they treat those innocent immigrants like this. They just trying to come to America and make a better life	benign	benign
im unbelievably attracted to bi girls. especially with dominant energy, doesnt have to be dom though. works in my favour though haha	benign	benign
My mom and I are both Latinos.	benign	benign
I'm not tired of seeing white people in superhero (or any other) movies, but i whole heartedly embrace more diversity too.	benign	benign
So basically I might be in love with you ‍	benign	benign
 I am feeling happy! Despite of religion issues, you took your stand to stop them making a rift in the secular society!	benign	benign
I love curvy Asian! ;D	benign	benign
I'm not Turk. I'm Arab, my co-worker is, amazing dude and he is Christian too	benign	benign
I'm white and even I can tell this song go hard af	benign	benign
We will neither support lynchings nor Sharia Neither Terrorists nor Terrorism Neither Triple Talaq nor Halala Neither Population Jihad nor Love Jihad	benign	benign
Pleas come to arab countries	benign	benign
Couldn't be further from the truth. Most guys like girls that are shorter than them.	benign	benign
Eid Mubarak to all the Muslims out there. URL	benign	benign
Appreciate the bi love! Happy Pride!	benign	benign
I don't know who need to hear this but God wont stop blessings people even though you hate them	benign	benign
countries from which previous majority of immigrants have come: europe, some latin america. Unrelated? south asia, africa, middle east	benign	benign
I don't benefit financially from saying there are or aren't diversity issues.	benign	benign
Mexico will crack down on their southern border and deport these people. They have no choice	benign	benign
As a multi-culti hapa kid with a lot of feelings about identity and the effects of assimilation culture, this really hit home.	benign	benign
So by not wanting to allow genocide I'm using it politically? Hot take chapo	benign	benign
 i came out to my mum, dad, uncle, auntie and nan	benign	benign
Students protest in front of the Indian embassy in Tehran Iran, in solidarity with the people of Indian occupied kashmir URL	benign	benign
LMAOOO we was old niggas playin this mas aggressively for money	benign	benign
Happy Republic Day to all Indians all over the world. Jai Hind. URL	benign	benign
Elton John Responds to 'Rocketman' Censorship in Russia Over 'Homosexual Propaganda' | Just Jared URL	benign	benign
Appreciate your Black culture. Take a moment to reflect on our customs, language, food, style, events etc.	benign	benign
Making Movies And Rubén Blades Trace Stories Of Immigrant Injustice With 'Ameri'kana' URL	benign	benign
hey, trans woman here 7 years in. If you need to talk or have questions I'm your gal! :)	benign	benign
My masculine is awakening due to my spiritual elevation!!	benign	benign
I attend a Methodist . Take care and God bless.	benign	benign
| Political Bureau Official: International Quds Day kept Palestine alive in our hearts and minds	benign	benign
When can we expect Jews for Jesus to invade Congress?	benign	benign
First state in the US to protect trans people from discrimination in employment/housing! I was kinda proud to learn that factoid. 1993.	benign	benign
I think she is a very sensible woman, bless your heart	benign	benign
My great great grandmother was jewish she lived somewhere in the 1800 or something. Then my great grandfather was german.	benign	benign
That girl rocking the hijab in the video looks BEAUTIFUL	benign	benign
I am seriously concerned for the safety of all these women.	benign	benign
but not to nearly the extent that they chastise women about being modest	benign	benign
God is the only one that is allowed to abort his children.	benign	benign
It could happen to anyone': Why thousands of women will march in Sydney this weekend URL	benign	benign
Salute to every SIKH	benign	benign
Gay Parade is one of their best, I've been repping it with this username for awhile	benign	benign
Why do Religious have different God but the same Satan	benign	benign
Another Rebel arm to the ! Congrats to 5th Round selection ! URL	benign	benign
Betrayed women for money	benign	benign
Love how they love black men	benign	benign
. Great story. It explains the history and what's happening now. On 'Jerusalem Day,' Jews Rejoice, Jew-Haters Riot | URL	benign	benign
Why they didn't make Mulan black? Like little mermaid? I want more diversity	benign	benign
it isn't. Being eastern European in heritage and upbringing i greet my close friends with a cheek kiss.	benign	benign
I live in the Philippines I'm a pilipino my mother's family is one of the people that get disturbed	benign	benign
Because men care about it	benign	benign
As a Hindu, I very strongly approve	benign	benign
I like the way mrs. Harris came after him for being racist	benign	benign
The beauty of Africa is really something! Proud African from +254	benign	benign
He really loved black culture . lol !	benign	benign
Hey tbh it's okay if you like 1 or both genders it's the fact that if it makes you happy	benign	benign
Saudi Arabia and the United States Strengthen their longstanding partnership in Face of Regional Threats. URL	benign	benign
Secular priests of the diocese meeting amongst themselves to celebrate TLM.	benign	benign
Rare footage of God, shaping humans in her image and likeness URL	benign	benign
My experience with Asian women has been S Korean and Thai girls are hottest, cutest.	benign	benign
Congratulations Modi and India! Respect from	benign	benign
wow srilanka we love you, after india it is srilanka that i cheer for , go get em boyz	benign	benign
Guess he will be in Chicago were gay pride on the 5th of July those who want to set up appointments im me URL	benign	benign
/r/bisexual is proud to have this woman as one of our famous bisexuals.	benign	benign
The black girl with white hair!  so gorgeous	benign	benign
Hey! I'm an NRI and India is doing really really well.	benign	benign
And they're working on his golf courses. Is that who he's talking about?	benign	benign
FATAH: India wins freedom 2.0 URL Some very interesting observations here!	benign	benign
YOU TALENTED BEAUTIFUL GRIL	benign	benign
2:07 God I wish there was more women like her	benign	benign
GH are total pleasure! URL	benign	benign
Straight is my preference but honestly they are all cute	benign	benign
Nevada became the 10th state to allow gender neutral IDs URL	benign	benign
A Pakistani gift to the people of Afghanistan and also to the Afghans that support Pakistan position on Kashmir, URL	benign	benign
Africans are learning to reject Plunderers, Looters, Thieves and corrupt leaders in power. We are working in silence, mobilizing!	benign	benign
Why is all these rapers die when they just trying to help like him and xxxtentacion	benign	benign
We are facing the consequences for not following the instructions of Allah URL	benign	benign
Go mormons! Battle the cartels with tactics	benign	benign
Representation in all forms gives trans women a bigger voice to enact change in the world. Good for her!	benign	benign
Inshallah New Zealand wins the FINAL!	benign	benign
Yay, bisexuals of Reddit unite ! And I think QUILTBAG is funny to say haha	benign	benign
Women need to support each other if there is to be any woman president in the future.	benign	benign
They need to ban abortion its murder and demonic dont give up on a child of God .	benign	benign
Wizkid brought his a-game again on Brown Skin Girl alongside Beyoncé. Nice delivery.	benign	benign
Happy eid to all muslim guardians	benign	benign
INTERSEX CUPS FOR PRIDE  URL	benign	benign
Yeah but you know that one snap of where you r a girl is why we're all here	benign	benign
Gazans on Monday faced a first day of Ramadan overshadowed by funerals and the grim task of pulling bodies from collapsed buildings.	benign	benign
wdym she needs god? she's empowering women. nothing wrong with that.	benign	benign
Great comment. I love traditional Catholicism and traditional Catholic communities, but there's no denying that we have our own problems, pride being the biggest.	benign	benign
So it shouldn't be a sin then!	benign	benign
India helped evacuate also Germans out of Yemen. Thank you India!	benign	benign
based on older posts, it's islam. as a fellow muslim, I feel yA. stay strong u/orbit4eva 	benign	benign
To all of my LGBTQ friends and loves: Happy Pride! Love Is Love	benign	benign
You don't become an immigrant on an expired visa. You have just overstayer your visa. She left and then came back legally.	benign	benign
Without ALLAH I am nothing!	benign	benign
i want to help you get your own plate but i'm not feeding you	benign	benign
Israel owes reparations to Palestinians. We can all play that game.	benign	benign
I know other conservatives who agree with me that minorities shouldn't be burned.	benign	benign
 Ashraf 3, appears in 3D the 120-year war of the Iranian people for freedom and democracy URL	benign	benign
Alive because of the prayers of black woman	benign	benign
"Between this and ""Real Women Vote 4 Trump"" we are soooo winning the culture war  URL"	benign	benign
"Ah. I'm probably Brown. ""Brown"" people enjoy simple life and it's good friends and close relationships what makes them happy."	benign	benign
If you want to just talk about denominations within Christianity, it's what I was raised in. Recently I've been exploring more though.	benign	benign
Advocating for the medical care we need and deserve as women and overcoming the bias.	benign	benign
correct!i like it. And im a straight male who thinks its great people should celebrate who they are!	benign	benign
Adding to what already has been said I'd broadly consider Georgia and Armenia as European as well because of the shared Christian heritage.	benign	benign
200 New Immigrants From France, Russia, Argentina, Brazil, Venezuela Arrived In Israel On Jewish Agency Flights URL	benign	benign
Love who you are and not what color of your skin looks like. I tell myself everyday that I am beautiful	benign	benign
It's not surprising. Why, even out ancestors knew nothing of America's existence once.	benign	benign
Independent investigation of truth.. That is what the Baha'i faith stands for.	benign	benign
Look up Theosophism. It's where a lot of the Ancient Aliens, Atlantis and the Anti-Semitic beliefs associated with such movements stem from.	benign	benign
This is all done by the will of Allah	benign	benign
i've got an idea, how about everyone stop killing everyone else over religious ideas? That might work	benign	benign
Love from India. I am with you.	benign	benign
 Paul and I share a birthday, and therefore, we are meant to be. In this essay I will discuss.... URL	benign	benign
, end the blockade now! Listen to Kashmiris and their anger! URL	benign	benign
There are going to be lots of malformed Iranian orphans after fordo melts down.	benign	benign
180406 © coffee prince URL	benign	benign
Pride month isn't only for trans people, and we do it because we want to be treated as equals	benign	benign
I was a secular and all in my family is secular, even though I've converted. Not all here has been Christians their entire life.	benign	benign
It's been an honor Obama (female)	benign	benign
This picture shows the love of kashmiri youth for Pakistan... URL	benign	benign
"We had a ""best chick"". My husband's best friend happens to be female. In turn, he was her ""man of honor""."	benign	benign
i'm pansexual and this pride season i'm going to the world of the year we are in	benign	benign
Sixty dead in two-day crackdown on Sudan protesters: Doctors URL URL	benign	benign
Please help support Pastel Pansexual Pride, add a now! URL	benign	benign
From TechYaYa Archives Kneeling Muslims, Bi-racial Couples & Disability Emojis among New 230 Emojis for 2019 URL	benign	benign
Yes THIS THANK YOU. We need more women.	benign	benign
*sees mulan as a normal asian girl* me to disney: dont do that, dont give me hope	benign	benign
"When playboi carti said ""she just wanna have fun so just let her"" I felt that"	benign	benign
I am a woman and hereby proudly declare that i care about my feelings and my well-being.	benign	benign
a fine darkskin man needa come my way	benign	benign
Seeing trans people that are hot af definitely makes me feel more secure and comfortable and hopeful.	benign	benign
I hope They get saved / REPENT! TURN TO JESUS Y'ALL!!! BEFORE ITS TOO LATE!	benign	benign
Europe and America need to take all these poor people in right now	benign	benign
That's an answer to the question posed above me, lol. Not that I agree with it, but goodness for Christians is rooted in God.	benign	benign
It is difficult for a woman to define her feelings in language which is chiefly made by men to express theirs -	benign	benign
Indira has ancestry from India. She is a very intelligent and ambitious woman.	benign	benign
One guy, a dozen competing for him... sounds like the life of an average top on Grindr ‍	benign	benign
I'm a 40-something married trans woman with kids who is 3+ years into transition, 2 years full-time. I'm happy to chat with you!	benign	benign
Trump admin official says ICE ready to deport around 1 million undocumented immigrants URL	benign	benign
Not all. Just all the girls with Chad	benign	benign
That Kenyan girl is gorgeous!	benign	benign
Maybe, just maybe, you could stop with the Islamophobia.	benign	benign
West Point to graduate record number of black female cadets URL URL	benign	benign
At Sunderland on a Tuesday night, the man has just signed for Real Madrid and has us on his mind 	benign	benign
What are the hand gestures ?	benign	benign
" from kicks off the Postgraduate Colloquium presenting her paper ""Preventing Redundancy: Gender (Identity) in International Human Rights Law"" URL"	benign	benign
The Duke & Duchess of Sussex celebrated the start of Pride Month on Instagram URL URL	benign	benign
 No Israel exists it's capital of Palestine don't oppress innocent child,men,women	benign	benign
What did having being black have to do with anything? honest question	benign	benign
Eid Mubarak! May all your good deeds through Ramadan be accepted.	benign	benign
Transitioning genders isn't anything like getting a tattoo. They're so different on so many levels.	benign	benign
So happy to see other muslims on the sub striving to be better! Eid Mubarak	benign	benign
Okay, r/niceguys front man. Who's the incel again?	benign	benign
Very inspiring. This encouraged me to come out to my family. Straight pride world wide!	benign	benign
You're great in honor of a fasting Muslim	benign	benign
Great job, Sri Lanka! As an Indian, I think all of us in South Asia should work together on these problems.	benign	benign
I love being queer it's My favorite part of life.	benign	benign
 bomb making equipment seized. Without the bombs, the civilians are safer. Without the violence, peace has a real chance URL	benign	benign
Can you break the ice by asking him something about his work?	benign	benign
Filipinos are about family. Learn your limits as you're not just marrying a person. You're marrying a whole family.	benign	benign
 thanks for see the truth about Hispanic people im Mexican and proud..we come to work, any jobs...	benign	benign
Is it easier being straight.	benign	benign
BBC News - The Yazidi family reunited after being IS slaves URL	benign	benign
That was in Leviticus (Old Testament). So God used to want you to kill people for that but he changed his mind	benign	benign
WATCH: God Likes People Who Know How to 'Let Go' | United with Israel URL	benign	benign
Me? I'm not sure I fit that label anymore. I do believe in equality for sure.	benign	benign
 *ring ring* hello it's the african american community here, good job we're so happy	benign	benign
Congratulations to England from pakistan love for you	benign	benign
Sure but, being 100% white is pretty awesome in my opinion too	benign	benign
Ben fans reaching for hope	benign	benign
20million somalis smiling Love from somali to Turkey	benign	benign
Name one country Iran has invaded in 100 years. I'll wait.	benign	benign
Women like you start cause revolutions by simply existing.	benign	benign
God bless President Trump and the Kiss Army	benign	benign
Latest: Islam believers celebrate Last Friday of the holy month of Ramzan 2019 URL	benign	benign
/r/immigration has had [many posts](URL about the process for spouses of US citizens to get permanent residency.	benign	benign
Incorrect. Jesus is god so it was the same entity.	benign	benign
What anti Semitic comment? She hasn't made any	benign	benign
Don't recall the Black Panthers committing genocide of six million people.	benign	benign
Ftm and mtf together :3	benign	benign
Eid mubarak to everyone celebrating xx	benign	benign
OMG thank u bb!!! lets go lesbians here we go URL	benign	benign
God I need you more than ever right now	benign	benign
Pls retweet and help our children to bring medicine in india URL	benign	benign
See you all this Sunday for our Women's Day Edition Market  URL	benign	benign
A great servant of Indian cricket.	benign	benign
If anyone is genuinely interested in the topic of racial inequality I'd suggest reading The New Jim Crow by Michelle Alexander.	benign	benign
The black people who were blessed to come to America and who live here now or the luckiest black people on earth	benign	benign
He should get honorary pakistani citizenship for his great work	benign	benign
Extremely gracious speech, and fine match. Women's tennis is extremely good to watch. Greetings from Ireland.	benign	benign
Excellent video. I am Indian and Hindu and so it is easy for me to understand what you said. God bless you, Apostate Prophet.	benign	benign
In Malaysia there are more girls in chemical engineering, boys in civil and mechanical.	benign	benign
middle eastern mfs who run corner stores have done more for struggling communities than any politician	benign	benign
PM Narendra Modi named world's 'most admired Indian' in 2019 URL	benign	benign
Data from the Inter-Parliamentary Union shows that Canada has far to go before reaching gender equality in Parliament. URL	benign	benign
Happy pride month enby friend! From a binary trans man	benign	benign
Funeral of Ashanti queen mother inspires new movie that explores sanctity of African tradition [Video]. > URL URL	benign	benign
Feeling for him She would want him to pick up his boots and live life to the fullest	benign	benign
I just love the Indian portrayal there	benign	benign
Can I Choke on Your Love Organ? - via URL	benign	benign
I feel like this could go mtf AND ftm purely bc of Trans Power™ and the Power of Respect for our Fellow 'Fugitives'™	benign	benign
Sexuality ifluid mntase. Sexual orientation categories are more for social group identities than for individual experiences if we're keeping it 98 plus 2. URL	benign	benign
Eid Mubarak! Happy Eid-al-Fitr to all the celebrating!	benign	benign
Bonus: they aren't coming here to commit genocide	benign	benign
Beautiful men. Men who take care of themselves. Men who smell good. Tall.Dark.Handsome men. URL	benign	benign
UNWRA also provides for refugees in other neighboring countries.	benign	benign
Woop, woop! It's feels nice to open reddit and see a post about us Israeli Christians here! High-five for representing, my dude!	benign	benign
love girls sports!! the best	benign	benign
"A religion is a belief system that a person chooses to follow. You don't ""choose"" to be lgbt+ it's simply who you are"	benign	benign
Feminism Era <3 and Childhood is coming BACK	benign	benign
Immigration Law Show by Shah Peerally URL	benign	benign
Happy Eid Mubarak for all my muslim mutuals may your days fills with happiness and loves URL	benign	benign
The UAE has done its best to help the people of Yemen since the beginning of the war	benign	benign
WE LOVE INDIA'S MODI! TRUMP 2020	benign	benign
Yo bright side love from india	benign	benign
I didn't even know she was transgender, cool! She looks fantastic	benign	benign
May Allah Swt bring you joy, happiness, peace and prosperity on this blessed occasion. Wishing you and your family Happy Eid! URL	benign	benign
India & Pakistan are bound to do this under a resolution adopted by the United Nations.	benign	benign
Amit Shah becomes the new Home Minister. Takes number 2 position in the govt. Sardar Patel 2019. God bless India.	benign	benign
I don't mind expats as long as they're good people and I think that's how most paraguayans feel...	benign	benign
Pride parades are held in every city in India and they are almost always unopposed.	benign	benign
every year, Eid is just a reminder that Muslims are honestly gorgeous all around the world masha'Allah	benign	benign
Gender Pay inequality in Nigeria is not a Myth. Let that ring in your head.	benign	benign
I thought Tommy was proud to be white. What's the problem?	benign	benign
One of the better ones. Especially amongst the other LGBT subreddits	benign	benign
Am trans. Can confirm it's sweet.	benign	benign
I'd say white women are at a much higher risk in India	benign	benign
Well, lets wait to hear the Iranian officials about this. Then we know what the truth is.	benign	benign
 Immigration laws, family, work status?	benign	benign
This ⁦⁩ we need visa reform. Immigrants are building Britain's fastest-growing businesses – CityAM URL	benign	benign
ALHAMDULILLAH PROUDLY SELECTED BY PEOPLE OF PAKISTAN	benign	benign
+A A I have lived in Chennai for a year and trust me the Tamilians are a lovely bunch of people	benign	benign
 Thankyou sir for rebuilding our Hindu temples in Pak.When you're thinking about our (your)Hindus, you're also thinking our culture too. 	benign	benign
As a heavily Baptist Christian she should just pray about it, because clearly that always helps!	benign	benign
That is correct. Religion is a strange thing	benign	benign
Mastromarino thats nice i guess and i am indian :)	benign	benign
Hi I'm bi but really I'm wifesexual for She/her I think that's pretty much it? URL	benign	benign
I will always LOVE and always will support L.G.B.T.	benign	benign
these armys really mobbed a man that is asian wtf jsbsbshsjjsksk URL	benign	benign
They are gonna blame the patriarchy and misoginy when the movie will flop,just like Ghostbusters and Oceans.	benign	benign
and  to be part of URL	benign	benign
Clashes outside primary school over same-sex relationship lessons URL	benign	benign
PM ji offers prayer at the in Kerala . URL	benign	benign
A Norwegian would not do this to a man.	benign	benign
I'm pretty convinced that any English speaker who used 'homosexual' as a noun after 1980 is a bigot.	benign	benign
RIP. Thank you for granting visas to Pakistanis for liver transplants. URL	benign	benign
Sometimes I wish I was an androgynous Korean pop singer	benign	benign
 When you put God first, great things happens. We continue to pray for our beloved country.	benign	benign
God loves with a Father's love. Every life, and every one of us, belongs to him. 	benign	benign
I like White because all collors is white to massage for this channels please white	benign	benign
How Modi government ensured safety and security of Kashmiris and non Kashmiris alike while redefining J&K's future URL	benign	benign
I've known guys who came out later than that, long after I have, and they're now married before me. It's not too late.	benign	benign
Chall rush is coming brah	benign	benign
Colombia grants citizenship to 24,000 children born to Venezuelan mothers URL	benign	benign
Not really because it was invented by a Catholic and doesn't represent Satan	benign	benign
I hope she's in jail for a long time, and that the priest wasn't harmed badly	benign	benign
The girl converted from Asian to black. Pretty cool	benign	benign
my masculine is awakening for my spiritual elevation!!!	benign	benign
Orange Julius...that was super 80's mall nostalgia	benign	benign
Black love at its best!	benign	benign
Salesian Female Academic Athlete Scholar of the Year annjeel_ @ Salesian College Preparatory URL	benign	benign
is that why you banned transgenders from serving in the military? you do know that T stands for trans...right??	benign	benign
Scripture clearly defines the believer's purpose. Aligning ourselves with God's intentions for His children--loving others, witnessing, and serving-	benign	benign
Well done, welcome to the Bi club...we have cookies!	benign	benign
most of the time I just refer to a Nubian as brotha or sistah words carry energy	benign	benign
I think it was randy orton I saw his twitter	benign	benign
Reducing poverty in community it's one way of development,harder keep the spirit of loving Rwanda our nation	benign	benign
Now kashmiri women can marry other puncture wala easily living in India outside of jk	benign	benign
In a brief but prolific career, a young writer asked whether evangelical Christianity could change. In doing so, she changed it. URL	benign	benign
man i love black chicks	benign	benign
Science or religion, we're all just trying to figure this world out. Why so much hatred?	benign	benign
Awesome! I wish more women would do this.	benign	benign
Have a nice Gay eid as well ! Feels nice to know that Im not alone haha	benign	benign
As a black man I agree with your comment 100% I'm not surprised not one bit	benign	benign
Meanwhile in Malaysia, inviting someone to Islam is disrespectful. ‍	benign	benign
Please come to Algeria and other Arab countries	benign	benign
To close the gap in women's , we need to do a better job of measuring it. Blog  URL 	benign	benign
May Allah ease everything in order amiiin URL	benign	benign
Check out what I just added to my closet on Poshmark: Kirkland Signature Button Collar Traditional Fit. URL via	benign	benign
Eid Mubarak to all my Muslim brothers	benign	benign
Camila with the lgbt flag  URL	benign	benign
They're neither. They're Finno-Ugric, an entirely unique people group including them, the Estonians, the ugarians, and the Hungarians	benign	benign
He's not trying to be female. It's his style.	benign	benign
NYPD Apologizes for Stonewall Raids That Sparked Modern LGBTQ Movement URL	benign	benign
exactly me too see when you're women of color  URL	benign	benign
I would be very interested and, as I am dating a non-binary, I would be happy.	benign	benign
i miss my white boy tho	benign	benign
Hallelujah!! Thank you so much Pastor Clancy for this wonderful prophetic message tonight! Amen! Shalom Shalom Shalom	benign	benign
Everywhere in the world .. Christian and Muslims are fighting each other all over the world ..only in INDIA they are uniting...why? ---- URL	benign	benign
It's a little comforting knowing that masculine ladies can relate. Welcome to the club, sister!	benign	benign
Pride is for all who support it. Queer, straight, trans, cis.	benign	benign
Protect womens rights to choose.	benign	benign
Tall guys love em cos they love us back. And most times...we give the energy we get.  URL	benign	benign
Huelva : A rally to support Morocco's female workers URL	benign	benign
Do you support the lgbtq. — YES OFCOURSE I LOVE THEM SO MUCH KAYA  URL	benign	benign
Thank you so much for all these positive messages and comments it really means a lot, and for anyone wondering im straight lmaoo	benign	benign
This is amazing! Kudos for that women for being so strong	benign	benign
Ain't this the truth? Hope you and family have a relaxing Sunday  (his name is Pastor YPJ) URL	benign	benign
National pride is common in alot of places. I believe Turkish people are extremely nationalistic and proud of being from Turkey.	benign	benign
Compassion for children as expressed by the Islamic State an organisation people left Ireland to join.	benign	benign
Between, passing but Hispanic last name	benign	benign
How do you even guess he was Arab ? And why do you generalise ?	benign	benign
That is the kind of women I respect	benign	benign
Shab e Qadar mubarak to all my muslim friends...Love From india	benign	benign
Pope Francis apologises to Roma for Catholic discrimination URL URL	benign	benign
The US women's team is an inspiration for little girls everywhere! So proud!	benign	benign
OMG.. Just realized. This is Purim in bible. Read book of Esther , to those interested. Love all.	benign	benign
Hey I'm so bisexual rn happy pride URL	benign	benign
now THIS is how you write an AI policy recommendation. British MPs call for a moratorium on facial rec technology. URL URL	benign	benign
Choir Boy looks like an incredibly important play for historians of Black religion and sexuality in particular. cc:	benign	benign
I know GT is bad and non-canon but boy do I love it	benign	benign
stop normalizing putting women through hell just to prove her worth. URL	benign	benign
"When I heard Eugine's letter only wrote ""Are you finally happy?"" I honestly cried no kid deserves this Eugine deserves more happiness."	benign	benign
My best friend coming out of the closet. I don't think neither of us have been happier than that exact moment :)	benign	benign
They act like they don't make fun of her lisp, size, virginity etc when it's convenient	benign	benign
You don't have to be religious to have faith. -got that line in a move (The course of llarona)	benign	benign
Was America built on the blood sweat and tears of hard working Immigrants?	benign	benign
Make her a woman anon	benign	benign
I know. That makes me sad. Whilst I am an atheist I like the philosophy Jesus preached and on what Christianity is based on.	benign	benign
URL helping the rohingya refugees is also another cause that you could also spend your time on  be kind	benign	benign
Her intelligence makes her very attractive.	benign	benign
Always wanted to be with an Asian woman	benign	benign
Handling all that takes peak masculinity	benign	benign
I grew up korean in a heavy Chinese hood so I grew up kinda wishing I were chinese	benign	benign
Isnt She Pregnant? Just Wanted to Know if The Babies Are Okay	benign	benign
im a simple lesbian. i see a bishounen, i want to be them	benign	benign
Totes is. Although she did date mako so perhaps she's bi.	benign	benign
You also make a beautiful couple. The joys of being bisexual and liking a couple	benign	benign
Come to Singapore. We love all tourists. Nice and polite Singaporeans waiting for you.	benign	benign
are you a Christian now	benign	benign
The sex appeal of a pregnant woman. She is beautiful, congratulations dude!	benign	benign
UN adopts Argentina-led resolution on Human Rights situation in Nicaragua URL	benign	benign
Happy ! Ever heard of the Annual Reminders? Listen to and dig into this a little-known piece of LGBTQ history URL URL	benign	benign
I've always been surprised how being fit brings a certain level of positive attention from straight men.	benign	benign
Hey don't be racist here, that's too many times to word white used! Banned! /s (Yes basically what you're saying)	benign	benign
Both of us are Latino	benign	benign
 Its not latino, (its not French Italian ir Romanian)... Its Hispanic	benign	benign
I'm a 9 year old proud Asian American women!	benign	benign
WATCH: Lira becomes first African to have a Barbie doll in her honour | IOL URL	benign	benign
We have pretty good diversity in the u.s it can be shocking how little the rest of the world has when you travel.	benign	benign
Oh and we thank you for Black lives matter, and also for blue lives matter	benign	benign
i love Americans and i love USA...they are changing the world with amazing things.....love from india.	benign	benign
Thankfully we have women and lawyers like you Ritu.	benign	benign
Message of Mrs. Maryam Rajavi in the . Our Mission: 'Freedom, Democracy and Human Rights for Iran' - URL 	benign	benign
lgbt community	benign	benign
When straight couples watch the office together, that's sraight pride	benign	benign
Jewish law experts help Cambodian genocide victims find justice at tribunal: Times of Israel URL	benign	benign
Even though I'm an Indian, but black women inspire me a lot, hail QUEEN	benign	benign
I love my family. Life is good. Allah is great.	benign	benign
don't you know that some of the most influential scientists were in fact Catholic?	benign	benign
Last part is me but replace Igbo with Yoruba!	benign	benign
I want an Indian American who contributes on the $50 bill. If Harriet on the $20, then you can't forget the rest of us.	benign	benign
Trans women are women! You're beautiful, you're a woman, and you're living the dream! <3	benign	benign
God is awesome! The Holy spirit will tell you to move and you must move!!!	benign	benign
its 2019 people of the same sex CAN BE MORE THAN FRIENDS and people of the opposite sex CAN BE JUST FRIENDS	benign	benign
Won't someone think of the German citizens who were killed and driven from their homes	benign	benign
The Bible only advocates 9 genocides according to my count	benign	benign
President Trump is GREATEST President for the African American Population in US History! URL	benign	benign
based sa link mo, ur right til moment hahah thank u so much!! advance happy eidl fitr to filipino muslims then :D	benign	benign
It's ok to just come out.	benign	benign
We won't forget this double standards and discrimination with Human rights defenders. URL	benign	benign
these are all of our prettiest lawmakers. Bigots are never just hateful but also always deeply jealous and insecure	benign	benign
What's it like being in a lesbian relationship?	benign	benign
Congratulations Champ n Team India For This Amazing Victory Proud Of You Boys HardWork Dedication Passion Pays Off URL	benign	benign
"At a concert in Moscow, challenged Russia's ""gay propaganda"" law when Paul Landers and Richard Kruspe kissed each other onstage: URL URL"	benign	benign
Blessings Woman of our Great God Yahweh!	benign	benign
not blessed but that Qing is	benign	benign
maybe they'll just lower the men's pay	benign	benign
URL I see you are a (wo)man of culture as well.	benign	benign
Legal immigration is always good.	benign	benign
Thanks bro ! I cant apply the benzoyl peroxide immediately after shaving ?	benign	benign
you can have anyone you want in your wedding party. goes for straight weddings too.	benign	benign
Halal is secular and everyone have to accept it.	benign	benign
She did a bright eye tutorial and she has Goldfrapp's Black Cherry playing through it and it is so relaxing.	benign	benign
Batsman!  was the man to bag our first goal of pre-season! URL	benign	benign
That's less than 5% of the US population. GET YER GUN MAW! THE IS COMING TO GET OUR JERBS.	benign	benign
Union Home Minister Shri pays tributes to India's martyrs at National Police Memorial in New Delhi. URL	benign	benign
yea it sounds like he's crushing. talk to him ab it	benign	benign
Aww, congrats you beautiful bi babs!	benign	benign
Remember that if you give the women more money that isn't bonuses, it's also illegal and the men could sue.	benign	benign
Why do women have to PAY for tampons for something they can't control and have to deal with every month. URL	benign	benign
The gays DO deserve rights URL	benign	benign
And that ladies & gentlemen is why Michelle Obama is the most admired woman in the world (again).	benign	benign
LGBT Teachers need good coworkers friends school succeeds shirt URL	benign	benign
Atheist(European/American) values are Christian values as well largely and show more of how the religion is currently and somewhat initially accepting.	benign	benign
Being LGBT friendly is good for business. I don't have a problem with that.	benign	benign
Corruption is a menace. The rampant corruption done in past regimes by corruptors. Now Pakistanis want that looted money back.	benign	benign
Hey gal, 1520 here, asian, going to my state school. Not an issue.	benign	benign
I was Born and raised in the Netherlands but I'm Iranian! Dutch people are very nice people!	benign	benign
like she really made an entire album about her bisexual experiences i love her a LGBT queen	benign	benign
A lot of women prefer tall guys. I don't really care about height too much, and sometimes a short man can be really cute.	benign	benign
Happy pride :) from a bi dude who appreciates you	benign	benign
"Me: sees Night in the Woods in her computer. ""Ah, I see you're a woman of culture""."	benign	benign
women are better than the FBI  URL	benign	benign
That's amazing! I was under the impression that some tribes are conservative about LGBT issues, so I'm super thrilled for you, man!	benign	benign
Interesting. I dislike having to wear dresses for weddings etc cuz I dislike gendered clothing, prefer the t-shirt and pants too	benign	benign
in honor of pride month! please donate to my gofundme and help a trans kid get top surgery! URL	benign	benign
Congratulations to Bjp and Narender modi from pakistan	benign	benign
Us Egyptians love the Syrian people	benign	benign
Mumthulhu is my mother, not FMIL. She's not flawless, but seeing Mumthulhu makes OH appreciate her.	benign	benign
Eid Mubarak Everyone!!!  May Allah unite all Muslims, show us the right path, and bless us with good health.	benign	benign
I'm Asian, I respect the loud eating!	benign	benign
The best thing about being a woman, is the prerogative to have a little fun 	benign	benign
We love palestinians as well..	benign	benign
Latino vs. Hispanic vs. Spanish URL	benign	benign
Yes, you have. Including a famine we imposed on you. I honestly don't blame your countrymen and women for hating us at times....	benign	benign
>she is a historic inspiration to generations of African Americans and women As a white male I find her inspirational as well.	benign	benign
Arab and her parents are also and their parents and great great grandparents etc etc	benign	benign
Arab fans love you so much.	benign	benign
Ramadan Kareem, and I hope you have a pleasant Eid!	benign	benign
I know I read lightskin ft lil Wayne at first I know I ain't trippin	benign	benign
Pft, no worries dude, it is nice to know straight people in the crowd are bothered by it too!	benign	benign
But Buddha was born in Nepal and Everest is in Nepal. I love my country and I am proud of everything.	benign	benign
New found respect for her for featuring black women in a non fetishizing way. She learned	benign	benign
Survivor producers when theirs a white male period	benign	benign
Feminism has suffered sha. Sigh	benign	benign
Toni Morrison didn't just write about the black American experience. She wrote about the American experience.	benign	benign
ashley got lipstick on and everything, he was ready to kiss the other manlet	benign	benign
Google celebrates 50 years of LGBTQ pride with animated doodle URL via	benign	benign
Who said white people cant play bball	benign	benign
Ryan Jamaal Swain gets real about Pose, privilege and Pride | Amplify by Gay Times URL URL	benign	benign
I need to marry a man w this mentality URL	benign	benign
MashAllah. Seeing Muslims from all different countries just warms my heart.	benign	benign
May Allah keep u in his hifzo aman my leader!! Long Live URL	benign	benign
I love all these women and support them. Continue your good work, ladies. You are real Americans	benign	benign
What does it mean for you to be an Asian-American running for president?	benign	benign
Man I Pray this whole family finds Jesus get salvation and come into the kingdom of God asap	benign	benign
Express: 'Women take on any jobs they can' WASPI on impact of state pension age changes for women. URL via	benign	benign
America doesn't have a monopoly on hate or mental illness. What it has is a lot of guns. URL	benign	benign
The country is facing a number of challenges including graft, maybe prayers can help.. URL	benign	benign
I'm grateful that Allah (SWT) continues to bless me. I will forever bless others in his name.	benign	benign
How triple talaq bill cleared the Rajya Sabha hurdle | India News - Times of India URL	benign	benign
i think grandma would have been better off if y'all had just left her there URL	benign	benign
Dear Allah, I know I'm not perfect, but thank you for loving me and making me a Muslim. 	benign	benign
Omg she's tiny compared to him OMG	benign	benign
"I like the idea of ""believing in"" gay marriage."	benign	benign
Independent woman does not mean she cannot buy him Abuja Senator trad and Mercedes Benz	benign	benign
on gay pride day too... we all love brendon dude	benign	benign
I feel well represented as an African... love from Zim	benign	benign
This surah taught me how to live , every Muslim needs to know what this surah teaches , Alhamdulillah for the Holy Quran URL	benign	benign
As a somewhat spiritual, yet completely non-religious person, eid mubarak to all my dice-rolling brothers and sisters.	benign	benign
Mondal India win the match by 149 runs	benign	benign
The International Rescue Committee ([URL-states/charlottesville-va](URL-states/charlottesville-va)) provides English help for new refugees.	benign	benign
Look for some free counseling,if your community has an LGBTQ centre they quite often have it there or will know where to get it	benign	benign
"I am from the United States of America and I really love this song by Shawn Mendes ""If I Can't Have You"""	benign	benign
Oh Philippines, im a pinoy im proud	benign	benign
B ruh bosnia very epic praise allah	benign	benign
Indian. Spanish. Nigerian. Every language	benign	benign
IM SO PROUD OF HIM MÍ AMOR AMAZING PERFORMANCE <333	benign	benign
incel isn't bound to get pregnant, not to be accessed have been talking about Bethany from Medow Woods trailer park?	benign	benign
Pastor Tim, you're on fire with the Holy Spirit today. I absolutely love it! Preach hard brother!!! Glory to God!	benign	benign
I've yet to transition, but I was born a boy and I hope to become a woman at some point. <3	benign	benign
thankful for the women that i know.	benign	benign
Junaid bi great ancher and Sohail ahmad also great comedian... Love from Germany	benign	benign
Can I trade in my white privilege for the privilege Don lemon has. I like his better.	benign	benign
Trans woman have already been competing in the Olympics and it hasn't been an issue.	benign	benign
This recent episode of is so powerful. So many black trans women are dying and we must do something about it.	benign	benign
I just want to state as a man I do think of a perfect body because all bodies are beautiful	benign	benign
Brown woman says hi.. I hope that's cool with you	benign	benign
Ok,thansk for this.I though she was Parsi.	benign	benign
As an Asian, I'm grateful to help.	benign	benign
Germany May Simplify Visa Requirements For Russians Under 25 In Fierce Attempt To Deal With Own Social, Demographic Problems URL	benign	benign
Love u Jeanie Mai!! I like how u spoke on asian cultures need to talk about their problem. So do black families too.	benign	benign
We're proud to be launching the Guidelines for working with gender, sexuality and relationship diversity at URL URL	benign	benign
Andile used the k word. He must go to jail. URL	benign	benign
Eid Mubarak to everyday celebrating today. Have a blessed Eid :)	benign	benign
 mourns first lady , the wife of Rivlin URL	benign	benign
Abu Sayyaf/ISIS has some level of support in Mindanao. The Philippines is predominantly Christian with a Muslim minority mostly residing in the Southern Islands.	benign	benign
I agree ISIS is true and needs to be stopped!	benign	benign
All I'm sayin is that I'd love to see more Muslim fashion bloggers showcase models size 12 and up please and thank you.	benign	benign
On the day of Resurrection, Allah will not look at the person who trails his robe behind him out of pride. (Bukhari, Muslim)	benign	benign
"So what are your thoughts on transgender women competing in wrestling? \*roars\* ""I one HUNDRED percent agree."""	benign	benign
. on love, guilty pleasures and what it's like being a gay icon. URL	benign	benign
Africans let's gather here and celebrate	benign	benign
An inspirational woman leader of many talents who is 100% braver!	benign	benign
And they aren't TA for trying to force people to be religious	benign	benign
Good comment. Love from India	benign	benign
That moment when I'm being liked by girls even before transitioning! :>	benign	benign
The woman Muslim she's looking so cute ... music video difference	benign	benign
You dont have to be female to play on the womens soccer team????	benign	benign
Also engagements. Usually the girl gets asked. Well girls are more 'independent' now so why not let them ask a man's hand in marriage?	benign	benign
Eid Mubarak to everyone that celebrates it !	benign	benign
+woahdudette women do not use abortions as a form of birth control..	benign	benign
I'll read the bible and calm myself down.	benign	benign
Umrah Weekly Indicator: Kingdom receives over 7,2 million pilgrims and issues 7,5 million visas. URL	benign	benign
I'm not religious either but they did find the perfect word to respond to your comment: amen	benign	benign
Sonke Gender Justice joins 'Stop the Bantustan Bills' coalition in protest march - URL	benign	benign
// actually they are feminist males/females	benign	benign
"MAKE America USA GODLY AGAIN!! ( Psalms 33:12-22 KJV ) ""Blessed is the Nation whose GOD is the LORD.... URL via "	benign	benign
Honestly I kinda respect that I understand what it's like to have people judge you for being bisexual thanks for sharing	benign	benign
Thank you! this is what I was looking for and what I believe. Except for the sacraments as I'm not catholic. God bless!	benign	benign
chungha would've been my bisexual awakening if i hadn't known since i was 10	benign	benign
Bi update: Passionately bisexual at the moment.	benign	benign
Thank you Steve Wallace for your monthly donation to sfts!	benign	benign
Trans rights as well. Since trans women of color had a big hand in starting pride.	benign	benign
they always leave out the lesbian flag every single time i'm so tired of it	benign	benign
i love it women turn to rule	benign	benign
Speaking of Boston, when does the next season of Ray Donovan start?	benign	benign
Is she referring to the same ICE agents who are pulling drowning illegals from the Rio Grande, giving them food, water, and shelter? URL	benign	benign
Met with this one bro. He was sharing his experience about his marriage. The struggle of PJJ. Allah bless u brother.	benign	benign
Ta dah :p (Also... can I get the name of the anime for the black short haired girlll) URL	benign	benign
I'm ace. Can relate, not in exactly the same way, but I know what it's like to be closeted.	benign	benign
Tribute to two real stars raising interracial porn to the excellence.. & URL	benign	benign
Totally understandable. My point was simply PoC can totally love the small town life in America. Just not likely in the South.	benign	benign
"14 episodes and she won and Emmy for the show. Much more than ""cameos""."	benign	benign
We are proud fans of yours sir You Simply Rock Hatsoff to the dedication & commitment	benign	benign
Modi ji is lucky that people from across the globe came to India as volunteers to support him and campaign for him. URL	benign	benign
guys when is the feminist molaah coming	benign	benign
Exactly  Everyone always asking why I'm single. I'm not looking for a husband just don't want to date another guy like my last.	benign	benign
Being born a healthy white male to a non-abusive middle-class American family who loved me.	benign	benign
Married bisexual here: two kids <12. If it helps to have someone to chat with, hit me up! I mean that platonically. ;)	benign	benign
Fastest white guy in astros history	benign	benign
the only thing we have different opinions on is the sex workers topic bc i think it needs to stop no matter what	benign	benign
For the same reason we can receive Holy Communion in Orthodox churches -- so long as it's OK with said Orthodox.	benign	benign
That's cool I know some Protestants accept the NAB which is a good gesture of ecumenism	benign	benign
people are racist and for what it doesn't get them anywhere-	benign	benign
This dude got his turban strapped on	benign	benign
Just so we're clear: if you're not cool with trans folks, including nb folks, we're not cool	benign	benign
Respect. From your Sunni brother. Eid Mubarak	benign	benign
Indian engaged to a Latina here. Everyone does it lol	benign	benign
Un American to challenge the wealth.... after they've worked harder than any of you	benign	benign
"coworker of mine started a conversation with them with ""I'm a supporter of lgbt people but..."" and I was so worried for the girls"	benign	benign
Me neither...this obsession to oppress the girl child is sickening!	benign	benign
Emma Watson and Time's Up launch free hotline for women experiencing workplace harassment URL	benign	benign
I'm not trans, I'm just happy for them being supported.	benign	benign
Perspective: I'm a dual citizen of the U.S. and Britain. But people rarely consider me an immigrant. URL	benign	benign
URL India future must watch this awareness	benign	benign
Proud of dis lil kid og he having a big potential since being lil	benign	benign
I really really wish I could donate but my grandparents are homophobic so I'm not allowed to but sorry:/	benign	benign
 Hold on! You call a woman who calls lifelong anti-racists, racist a godess?!	benign	benign
"Usha Ramanathan declared ""Hero"" for speaking out against India's controversial Aadhaar digital identity programme. URL"	benign	benign
Did she mean the Taliban?	benign	benign
Happy Eid Mubarak to CHANGU's all around the world who are celebrating  - Chanwoo Nation admins - URL	benign	benign
Sushma Swaraj was a champion for women in India and across the globe': Ivanka Trump URL URL RT	benign	benign
Really nice. FPA India stands for the cause of abolishing discrimination against the LGBTQ community and to provide them with equal rights.	benign	benign
you have my respect indian peoples, may god bless you always 	benign	benign
If you actually undwrstanx the bible, none of that is true.	benign	benign
I think Sehun is really mixed. Isn't it obvious that he's a demigod? He's Aphrodite's son! URL	benign	benign
I think I did that as a guy too...but I had tons of points into seduction/cnversations, I think...	benign	benign
What do you mean by beyond acceptance? Spoiler- there's no secret gay agenda- just equality.	benign	benign
I am proud to be a human, because of these peoples only, i love to meet them	benign	benign
My masculine is awakening from my spiritual elevation	benign	benign
 Surely her point is equality for everyone? Equality isnt just for one gender, religion or ethnicity. Think that was her point	benign	benign
Equality is very important	benign	benign
Pidi rides back seat. Rahul Gandhi must be credited at least for following best practices while driving. And Pidi for having faith. URL	benign	benign
definitely the coolest person in the industry and her personality is just incredible !!!!!!!	benign	benign
See more pics like this and videos on URL URL	benign	benign
If that's the case, then why is the male sex drive *significantly* several times stronger than a female's?	benign	benign
Wife of jailed Saudi blogger hails U.S. vice-president's call for husband's release, wants meeting with Trump URL	benign	benign
We need to bring these people to safety by shipping them to Taiwan or they will be sent to concentration camps in Xinjiang.	benign	benign
I'm Zimbabwean, I can relate to the South African dude. It's pretty funny hearing Americans	benign	benign
Wow, well done my beloved India.	benign	benign
She's creole! What a beautiful heritage!	benign	benign
Heartiest Eid Greetings to all the Muslims around the World	benign	benign
Excellent subreddit. May Allah (swt) bless and reward the brothers and sisters who work there generously.	benign	benign
Find you a good general contractor he should have several window options for you.	benign	benign
What About lmao I'd rather be good looking than ugly and cope by saying I'm more of a man for not caring.	benign	benign
*Real spiritual knowledge* Supreme God Kabir went to Satlok with his body from Maghar. Because Supreme God is Kabir URL	benign	benign
India stop killing inocent peoples of kashmir URL	benign	benign
Uno if I was white I'd want this skin tone too literally glowing.	benign	benign
Sincere thank you for this. Just practiced for an hour, gonna impress my nephew.	benign	benign
From McKinsey Insights: The future of women at work: Transitions in the age of automation URL URL	benign	benign
My mom does not care how old I am, she will always take a picture the first day of school	benign	benign
Get up to save Kashmiris from imminent massacre by Indian sudden army hype.	benign	benign
Masha'Allah, Happy Birthday brother... May Allah bless you and the Family  URL	benign	benign
Look at us! Uplifting and empowering women more than KM has ever done!	benign	benign
i told myself i was gonna incest in my makeup more this summer ...lets see how this goes	benign	benign
Amit Shah will be Home Ministry. He was HM in Gujarat too.	benign	benign
HOW ABSOLUTELY HORRENDOUS-I HOPE THAT WOMAN CHARED HER WITH ASSAULT	benign	benign
Can I add to the beauty of the whiteness.!!!	benign	benign
I'm 63 and white. I could not agree with you more.	benign	benign
I fell in love with a mexican girl	benign	benign
The challenge of Imam Mahdi Nasser Mohammed Al-Yamani to the nation s scholars with the truth... URL	benign	benign
Guys please don't build a wall, I like traveling to Canada	benign	benign
put the SLAM on the iSLAMophobe!	benign	benign
I would like to call the producer, Producer-san~	benign	benign
Improving the fitness standard of the indian team is a massive-massive gift kohli has given to this team	benign	benign
when Muslim women wear hijab:  when non-Muslim women wear hijab in solidarity with Muslim women: URL	benign	benign
"Love the pure joy on his face when he says ""rugly"" at 0:18!"	benign	benign
satan the devil loves no one! Lord Jesus Christ is our true Savior Repent, believe in the Gospel	benign	benign
Sex isn't immoral. Misogyny and incels do go hand in hand.	benign	benign
Enjoy everyone! URL Part 1: URL Part 2: URL Part 3: Coming soon ‍STOP ENCOURAGING VIOLENCE ON LGBT PEOPLE ‍	benign	benign
I'm not talking about a specific girl, just girls in general	benign	benign
Polish ppl love you Shawn Edit : I'm not polish, but *KiSsEs FrOm PoLaNd	benign	benign
I love this video!!! The beat is hypnotic and feminist message is just perfect... Just Brilliant!!!	benign	benign
 Wahid I understand you may not agree with us, but you can at least show some respect. People love who they love	benign	benign
This just makes me want to love on black men even more. I see you, I understand your struggle, and love you.	benign	benign
Good show love from Pakistan	benign	benign
Equality, freedom, and human rights.It is such a beautiful things.	benign	benign
No, I converted to Catholicism. I chose to be catholic and I am very blessed and thankful for it.	benign	benign
Im Bi ive dated both over the years but this relationship is different we dont argue or fight its really nice.	benign	benign
Its a belief and has nothing to do with our culture.	benign	benign
You said you sought diversity representation and I was letting you know that JC encompassed it solely!	benign	benign
"As they say in this region, ""wala."" (A Kurdish version of god willing)"	benign	benign
Eid mubarak to you and respected family Zahid sahib.	benign	benign
Had multiple of male bestfriends before. But they fell in love with me lol so i decided no more. URL	benign	benign
I like this (whitey here)	benign	benign
No. No. No. No anger in my Christian server. Only Jesus.	benign	benign
Love is love, no matter who you are or how you identify. Happy Month, everybody. URL	benign	benign
2:45 Are you assuming Asians' hair colour	benign	benign
I agree wit ak! we're fighting for equality wit race we cant be biased	benign	benign
Calling yourself *preferred gender* is more valid than calling a car or ship a girl or anything	benign	benign
the first all female superhero team up movie AND best comic book movie of all time is coming URL	benign	benign
Esth 10:7 And God was upon them, saith the LORD is good for us:	benign	benign
Retweet if you are Proud fans of Lt. Col. MS Dhoni  URL	benign	benign
You said we thanks for celebrating diversity	benign	benign
Women love strong men, place your order now  URL URL	benign	benign
Our priority is Kashmir when it comes to supporting people outside Pakistan.	benign	benign
That isn't how being human works. That's why human rights are universal and why we can't napalm ISIS.	benign	benign
Breaking: Colorado becomes the 18th state to protect LGBTQ youth from conversion therapy! Signed by today at the State Capital	benign	benign
Most of those crimes are immigration crimes, and most other crime is prosecuted by the states anyways.	benign	benign
To everyone that became an eagle today. Congratulations mehn. It's not easy. Now it's time to soar. So soar	benign	benign
Surprisingly its not that expensive to go to Thailand. The flight would be the most expensive but everything there is super cheap.	benign	benign
wE lOvE oUr LeGaL iMmIgRaNtS!	benign	benign
Well done imran khan and shehzad akbar	benign	benign
Plenty of straight white Americans are LGBTQ allies. Join us! We throw the best parades.	benign	benign
Iran should have a nuke	benign	benign
Eid Mubarak to all muslim brother and sisters across the world.lets generate the peace in world.	benign	benign
Gay marriage was the last time you remembered the same time that you have scented your hair	benign	benign
Congo bhai for 5th position keep on dooing well for india	benign	benign
To find out more about the research URL URL	benign	benign
A big CONGRATS to the USA fifa women succor !!	benign	benign
eu tbm pqp ela é tudo	benign	benign
Virendra Kumar is also a top contender for the post of Lok Sabha Speaker.	benign	benign
Also is antisemitic as hell	benign	benign
that's one reason i always suppot ISKCON.	benign	benign
. tweeted the promotional video of the Hindi version where Aryan is heard introducing himself as Simba URL	benign	benign
Turkey would help Canada bring former ISIS fighters home, official says URL via 	benign	benign
I believe being an aware black women in this world is to naturally have a cynical train of thought, nothing is really whatever.	benign	benign
"My whole tl after Jooheon's ""baksu"" became a hot topic: URL"	benign	benign
When you twist scripture out of context to fit your agenda you have joined Satan's Legions	benign	benign
Lots of guys (and some trans girls) can relate. Luckily, it's a temporary problem that will improve on its own.	benign	benign
Request to Pakistani and Indian cricket fans in eng, Go to the final and support this great game that brings us all together	benign	benign
Jeremy lin is very good, just sit at chair can take champion already..	benign	benign
Properly practiced kink is basically everything they hate.	benign	benign
I'm attracted to people who are living the way they want to.	benign	benign
That's such a great way to keep the kids interactive during the stay.	benign	benign
. calling on men to step up in support of women and mothers: URL	benign	benign
"Feel the difference  Sportsmen spirit shown by locals chanting ""well played boys"" But Pakistani using foul language. URL"	benign	benign
Eid Mubarak from all the way to Makkah.	benign	benign
Deuteronomy 10:20 You are to fear the LORD your God and serve Him.	benign	benign
Deadline extended! Apply to the All Raise female founder program at Disrupt SF 2019 URL URL	benign	benign
A historic moment as Convention delegates pass CUPE Ontario's first-ever Anti-Racism Organizational Action Plan. URL	benign	benign
Shiv Sena reaches out to women voters through 'Mauli Sanvad' campaign URL	benign	benign
Eid Mubarak may Allah (SWT) permit us wit seeing another eid. Ameeen URL	benign	benign
Siakam, my hero! And he comes from Cameroon!	benign	benign
Don't forget the female version of Uchtdorf- Sister Sharon Eubanks (General RS). She seems to be beloved by all.	benign	benign
A woman in general is nice as well.	benign	benign
It is very crucial time for Malala Yousafzai, Whether she wants to become a Pashtun Icon or an NGO owner ? 	benign	benign
Yes. My grandad actually came here and turned white  his names Sean Paul.	benign	benign
 I understand. Whether a woman wants to have children or not, it should be up to us.	benign	benign
The 2nd video the black american women.. She slay it	benign	benign
That is actually a correct statement, transmen are indeed not women. Thank you r/The_Donald, very cool. URL	benign	benign
YouGov Poll: Michelle Obama Is 'Most Admired' Woman in the World URL	benign	benign
Here's a song for you… Lightskin Lil Wayne by Tyga URL	benign	benign
CSR awards to focus on women empowerment - The Hindu URL	benign	benign
she protecc she attacc but most importantly.. LIL BROWN GURL, is BACC	benign	benign
Where are the white lives matter protesters?	benign	benign
Stop the deportation of Ken Macharia - Sign the Petition! URL	benign	benign
I don't need a girl to make me feel masculine. As long as I am both needed and wanted, I feel fulfilled.	benign	benign
Im happy that people don't have to feel or live like that anymore! God bless everyone of every race!!!	benign	benign
Undoubtedly!. The best CM Delhi has ever had. Om shanti URL	benign	benign
it's pride month so here's some female and non-binary lgbtq+ artists you're maybe not listening to but absolutely should	benign	benign
What bible verse is that? Chapter and verse please!	benign	benign
I am white. I am male. I stay away from twitter.	benign	benign
asking for citizenship is absolutely normal anywhere in the world	benign	benign
More Hot Big Beautiful Women: URL URL	benign	benign
Lol I was NOT expecting this answer. That being said very good perspective (I'm actually gay).	benign	benign
I imagine 11 spuds from trainspotting... scottish maradona	benign	benign
Im an atheist myself was and is good	benign	benign
Looks like a perfectly wholesome happy mixed race household to me. That was really heart warming. WMAF <3	benign	benign
God-given struggles don't come to stay, they come to pass. Just be patient. Wait while God works for you.	benign	benign
*kind of the interesting part of windsor	benign	benign
I have white friends who just don't get it, but we friends tho? Ok.	benign	benign
" brings ""An event about women in the industry, but not just for women!"" URL URL"	benign	benign
seriously?!? what's wrong with supporting our country while being white?	benign	benign
As a Mexican, I am so proud that we have such an angel representing our culture. 100% my new idol.	benign	benign
Why does someone's sexuality got to do with how well they do their job?	benign	benign
Trump team to free migrants in Florida's Broward, Palm Beach counties URL	benign	benign
anyare sa separation of Church and State	benign	benign
Give the guy a break he clearly had a rough first day at a job his parents made him get.	benign	benign
I feel like we're in the WW 2, where all the migrant are in the concentration camps. America is never great again, it's chaos	benign	benign
I don't think I'll ever have to explain or understand sexuality because ill be fine with whatever you are! Especially to you bb	benign	benign
Hey no matter the religion this type of behaviour isnt ok and shouldn't be tolerated  URL	benign	benign
Very race specific looks like. Nice gesture,but it would be a great gesture if it included struggling white students as well. Not impressed.	benign	benign
I seriously would not change being West Indian. We have the MOST vibes.	benign	benign
"I feel not bi enough.. dealing with it right now as everyone is all ""happy pride month"" and I'm just like.. normal feeling."	benign	benign
Police enter a black woman's home with out permission... URL	benign	benign
 Kya pagal aurat hai,the whole nation is celebrating.	benign	benign
I'm an Asian American born in US. Those 4 don't represent me.	benign	benign
A lot of heritages have their own traditions even still in the US you can generally retain a part of your heritage.	benign	benign
The use of Depleted Uranium by the US in Iraq. URL	benign	benign
 I second this statement. They don't, if they are not minorities, be it a minority as a skin color, race, religion or gender.	benign	benign
TYT: we need to hold the mainstream media accountable Also TYT: trans women have the right to choose! it's body it's choice	benign	benign
some people are surprised i speak spanish . can i be white?	benign	benign
Latina with a Masters! We're underrepresented in my field at this level. We gotta change that.	benign	benign
+James Jones yeah African Americans	benign	benign
As a straight guy, I agree. Although Alicia Vikander in the movies would give her a run for her money.	benign	benign
The only people that should talk about color are the artists that try to capture each of their perfect beauty! URL	benign	benign
How to reach into my screen and squeeze his cheeks URL	benign	benign
Our forefathers were and still is praying  for our and their country	benign	benign
Heidi Przybyla is the perfect woman.	benign	benign
Incredible! Goth-y asian chicks rock!	benign	benign
I am very proud of these ladies they were standing up and saying what is right	benign	benign
Eid Mubarak brother! Inshallah this Ramadan was as uplifting for you as it was for me	benign	benign
What does the parody of the queer community acronym have to do with the color purple?	benign	benign
are y'all part of the lgbt community? rt for yes like for no	benign	benign
i love you will smith you are smart fan1# MEXICAN	benign	benign
Ruhi singh is an indian actress	benign	benign
Smart men know you protect women.	benign	benign
but most of your viewers are incels rogan	benign	benign
Singer looks stunning  & her divine voice  simple magical !! Hyderabad people had a fantastic evening. URL	benign	benign
Give these people anything they need and stop sending money to Palestine and support the President when he wants to end wars.	benign	benign
This guy made his turban rainbow for Pride and it's everything  URL	benign	benign
It's not Hatari's fault that Israel can't handle it. Palestine is a country with a flag. What's wrong with waving it?	benign	benign
Interesting video, she is one sexy lady	benign	benign
Yes! I am living for more trans inclusivity in the classical arts!	benign	benign
SPORTS WORLD-CWC 2019 -DEDICATION & PERSEVERANCE :: India's Jasprit Bumrah has bowled most maiden overs in World Cup 2019 URL	benign	benign
s Sisi reaffirms role of discourse in confronting URL URL	benign	benign
Texas companies say they support LGBT rights. So where are they on the Equality Act? [Opinion] URL	benign	benign
Being kind to others, it's really not that difficult URL	benign	benign
Nigga fade cool you can't even lie	benign	benign
You're taking a small part of social justice you don't like and claim that's all it is. Equal opportunity is also social justice.	benign	benign
You will be hated by some people for being a Muslim, but in the end you will be accepted by Allah.	benign	benign
This is what I love seeing. A true feminist. Love and respect to you!!	benign	benign
She's not Gypsy, she's Aromanian / Vlach	benign	benign
Black hair chen nation Let's go winning team URL	benign	benign
Liberal Mob Forms Human Chain to Prevent ICE From Detaining Illegal Immigrant in Tennessee URL	benign	benign
Cause Eid can be a secular holiday me and my Exmuslim mates do celebrate Eid together.	benign	benign
We're very happy to announce Jody Wilson-Raybould - Puglaas at Feminists Deliver on Thursday, June 6th at 1 pm. URL	benign	benign
Amazing job again. Thank Trump for putting the USA first!	benign	benign
Yoongi exactly 4 years ago today! BTS URL	benign	benign
Transgender people are beautiful and important. They deserve respect and love, just like the rest of us. 	benign	benign
Time to get your DNA tested and discover everyone is an Immigrant.	benign	benign
We need Malis as an actress for malaysian romance movie. URL	benign	benign
"Today Pujya Sadhvi Pragya Singh ji gave ""Vivekanand Sahitya""with her blessings to IIT students . URL"	benign	benign
Anderson become the third world sweet heart	benign	benign
Dahir Well done. I love your spirit and determination. Somalia needs people like you I wish you all the best.	benign	benign
Her reaction when he kisses her cheek.  URL	benign	benign
Great Raya message from Tun M. Need transcript.. URL	benign	benign
"Why do you call woman ""things""? By doing so you are smuggling in the idea deep dehumanization. It's just US. Male and female."	benign	benign
If Adam and Eve had children.... And those children had more children together... Doesn't that make us all imbred?	benign	benign
this guy should have been raised by my mom she would teach him how to respect people lmao URL	benign	benign
eid mubbrakh to my all muslims brothers and sisters and all muslims in over the world	benign	benign
Think about the positive. We won't have to deal with such low iq evil after Jesus comes once again.	benign	benign
Flee to Allah alone URL	benign	benign
slim waist, pretty face, and she don't fw hoes. URL	benign	benign
The West should do this to our diplomats that way we'd get things done	benign	benign
As a guy, I love this sub.	benign	benign
The Hezbollah Sleeper Agent Busted for Black Ops in America URL via	benign	benign
I'm bi. And a good listener if you need a friend	benign	benign
Her cunt doubles as a spitoon	toxic	toxic
Any man who does that got to castrated, he doesn't deserve to enjoy sex	toxic	toxic
This made me tear up, so sad that another nutcase went wild what is wrong with these people	toxic	toxic
Two dicks in your pussy at the same time?!	toxic	toxic
Nasty, she's a nigger fucker: URL	toxic	toxic
Females are stupid dumb and ready to do anything for fucking clout	toxic	toxic
I would, then fucking wreck that chick.	toxic	toxic
Americans could too if they were such giant pussies.	toxic	toxic
Maybe just don't be such a faggot pussy and you'd get there.	toxic	toxic
good cry cause ur bitch ass won't be shit ever	toxic	toxic
One more of those crazy minds living on the pocket of brain washed, mentally unstable people called followers.	toxic	toxic
The pussy that gave birth to u is a trash	toxic	toxic
Build The Wall Deport Them All.	toxic	toxic
Please remove this islamic muslim terrorist plant from Our government and Deport URL	toxic	toxic
U wanna kick Army out of GB try ur best Indian cunt.	toxic	toxic
Most annoying and unattractive woman ever.	toxic	toxic
we're two against one dumbass hoe	toxic	toxic
She's the epitome of dumb blonde cunt whore.	toxic	toxic
Bitches have a baby and act like they never ate pussy b4 carpet muncher	toxic	toxic
You're all racist against white people you fucking commies	toxic	toxic
Lol because must of em are lgbt States u homosexuals getting your wake up call by god	toxic	toxic
U know dem fuck niggas hate.	toxic	toxic
FUCK HER RIGHT IN DA PUSSY	toxic	toxic
Me givin my nigga away for 80 mil #WhatIfnetflix URL	toxic	toxic
Send Melania back to the shit hole country she's from.	toxic	toxic
unix nerd thot and transsexual porn thot are drips of the same bitch cum leaking out the same ass pussy	toxic	toxic
Bitches find an illiterate man with anger issues &amp; a gun &amp; call him a hood nigga lmao URL	toxic	toxic
Send all illegal aliens back to their own planet.	toxic	toxic
I hate dumb niggas who can't drive, nigga really hit my car and tried to blame me.	toxic	toxic
I wished you dumb bitches would stop speaking on shit you know nothing about!	toxic	toxic
Latest dumbass, race baiting Tweet from the shaved scrotum!	toxic	toxic
These people are cucks who jerk off to traps.	toxic	toxic
Bitchs stay running they mouth LMAO y'all look so stupid	toxic	toxic
Better to be an Ottoman revivalist than a Nazi Kurd.	toxic	toxic
Another fake ass Christian piece of shit.	toxic	toxic
You niggas are really some fucking LOSERS it's sickening URL	toxic	toxic
This just proves that Africans are morons	toxic	toxic
You murdered God's son Jesus, you'll kill us all if you had the chance Zionist.	toxic	toxic
another bitch will when another bitch can't	toxic	toxic
Shot out too all the active woman during sex y'all starfish ass hoes boring	toxic	toxic
All niggas do is cheat on they bitch and take her out of town afterwards smh	toxic	toxic
-karma hunting tiny dicked little bitch	toxic	toxic
I AM GOD THIS WOMAN SHOULD KILL HERSELF.	toxic	toxic
Suck a dick you edgelord cunt wagon	toxic	toxic
Dane Jones Hot teen with plump bum fucks her older lovers fat cock URL	toxic	toxic
fuck the feminists get ya fucken rat out	toxic	toxic
real bitch go hard for they nigga	toxic	toxic
When you contry is so shitty that even refugees don't want come	toxic	toxic
She should get hit by a fucking door	toxic	toxic
you can get shot as well as that monkey, you filthy racist bitch	toxic	toxic
Why can't she rude dick like that?	toxic	toxic
All we get is wack ass videos with no moaning	toxic	toxic
Niggas be soooo mad because your parents support you sad.	toxic	toxic
Any girl letting ac eat their pussy needs to be put down	toxic	toxic
I would beat that Mexican pussy up	toxic	toxic
dafttool Shut up, you decrepit little phaggot.	toxic	toxic
Imagine being the parents of that degenerate	toxic	toxic
go rape yourself you cause a lot of violence	toxic	toxic
Cock of duty: modern gay fuck stupid.	toxic	toxic
DRob schooling these Mormons, or should I say morons	toxic	toxic
Lil bitch got that dick rearranging her guts URL	toxic	toxic
Well she's bout to get fucked, long dick style.	toxic	toxic
Yeah well fuck those lesbian niggers.	toxic	toxic
"Bringing back the term ""faggot"" rather spectacularly aren't you?"	toxic	toxic
Santiago choke on a dick faggot	toxic	toxic
Shut your bitch ass up pussy	toxic	toxic
controlling bitchI would dump her ass so fast.	toxic	toxic
Lame ass niggas cant run 1on1's cuz they pussy	toxic	toxic
Stay depressed you racist, karma whoring fuck	toxic	toxic
Stick my dick in a big bitch	toxic	toxic
Maybe if all these toxic men would stop raping little girls, we never would be here.	toxic	toxic
cute and fuck bitch face fuck her three holes spank her ass	toxic	toxic
So in what country did you kill and rape innocent people?	toxic	toxic
Bring your son to the pastor, I'm sure he will fuck the gay outta him.	toxic	toxic
At least I'm not a goddamn anti-theistic delusional SJW neo-Jacobin.	toxic	toxic
I don't want to see anymore bitches on my tl fucking and sucking on cucumbers	toxic	toxic
This shit has to be ironic, I know feminists are dumb, but they can't be this dumb	toxic	toxic
People like that don't deserve to be American!	toxic	toxic
I smoke crack bitch watch your tongue	toxic	toxic
Like that's a grown ass man niggas so different	toxic	toxic
He's not a basketball player Lmaoo buthurt ass nigga	toxic	toxic
Ion fw these niggas or bitches they b faking	toxic	toxic
this hoe looking girl is retarded	toxic	toxic
You can only fuck Hitler in the ass if you're in hell.	toxic	toxic
You won't fuck me the next bitch will	toxic	toxic
Who's the fag on the left?	toxic	toxic
Just kidding, I don't give a shit.	toxic	toxic
All you niggas can suck my dick	toxic	toxic
Hoes Always Swear They Nigga Dont Want You But When You Pull Out Them Recipes That Shit Hit Different	toxic	toxic
In area 51 are only black aliens as slaves.	toxic	toxic
Paedophilia rape and abuse are sins too don't see ye protesting about that .	toxic	toxic
I bet you can go fuck yourself cunt	toxic	toxic
Somebody gotta start beating these niggas up	toxic	toxic
DONKEY DONKEY DRAYMOND DRAKE HATES YOU DRAYMOND DRAKE HATES YOU	toxic	toxic
Masson's slut licking Muslim ass to turn them into terrorism after	toxic	toxic
Who cares what her tits look like if i stick it in her south pole.	toxic	toxic
You avoid our pretty black girl's and selected a stupid white girl what a pity	toxic	toxic
I hope she got an abortion.	toxic	toxic
Kicked her so hard in the tits they stayed sowllen	toxic	toxic
should be eliminated from our country .	toxic	toxic
we'll see who the bitch is on july 23, faggot	toxic	toxic
How about take your trophies and choke on em Soy Fag	toxic	toxic
come suck my sweaty dick URL	toxic	toxic
Bitch don't ever come for me can't stand a disrespectful ass mf URL	toxic	toxic
They deserve this poverty, they sound like inhumane pieces of shit over there	toxic	toxic
Racist ass rodent xenophobic whores URL	toxic	toxic
Niggas to grown to be acting like some bitches	toxic	toxic
I'd love to see Anna Nyström take dick up her tight ass.	toxic	toxic
Hahahahaha get exposed you autistic degenerate	toxic	toxic
Yeh because now we live in the generation of delicate men who can't take a real woman pussy	toxic	toxic
How saggy are ur fuckin tits that theyre at ur fuckin hips?!?!?	toxic	toxic
Move your pathetic asses to Mexico then leave assholes	toxic	toxic
What a hot little fuck puppet she is!	toxic	toxic
Would fuck her in the ass all night long!	toxic	toxic
Must be that her personality sucks or she's too annoying to fuck because she's pretty hot.	toxic	toxic
y'all are anti-black, stupid and deranged.	toxic	toxic
Bitches will hate you over your nigga	toxic	toxic
all white people are the devil!	toxic	toxic
Stupid bitch is ugly inside as well as out	toxic	toxic
God damn, the fucking retards on 4chan usually don't get to me, but fuck.	toxic	toxic
I would slap my dick across her face and then shove my cock into her mouth.	toxic	toxic
Guys who do this are stupid and disgusting.	toxic	toxic
O Asshole, leave this country and should be kicked your ass to Afghanistan or India you MC	toxic	toxic
We love little fags like you who think they'll make a difference.	toxic	toxic
this nigga a anime character URL	toxic	toxic
So that's why there are so many retards on earth	toxic	toxic
*dumb whore with a fat arse Shame.	toxic	toxic
"And na them they rape ""marry"" small pikin in the name of the same religion fucking idiot"	toxic	toxic
Fuck the shit out of her	toxic	toxic
I had to step on these niggas necks	toxic	toxic
Man it must suck to suck.	toxic	toxic
Oh god not this fucking cancerous shitposting fake feminist again.	toxic	toxic
That woman needs her ass beaten.	toxic	toxic
&gt;mabie all the faggot cock he took streched his asshole out Hey op stop making fun of me	toxic	toxic
Any man that gets horny or uncomfortable from me breastfeeding my baby is a pedophile #ISaidWhatISaid	toxic	toxic
I know i say im a horndog but fuck at least i have control of my hormones	toxic	toxic
Ugly ass girl, bruh lookin like a giraffe penis	toxic	toxic
​+Large Marche Yeah, ya stupid fascist.	toxic	toxic
All u hve is fuckboys on ur interveiws	toxic	toxic
Join my onlyfans to see how I play with my pussy	toxic	toxic
Bitches be fake boujie on social social lol.	toxic	toxic
They don't even be on shit in real life lmao	toxic	toxic
tyga is a fAG and his weak lyrics	toxic	toxic
Why is this country so fucking dumb?	toxic	toxic
Fuck each and every one of y'all messy ass hoes, sincerely	toxic	toxic
i wanna pump 90 quadrillion loads into that disgusting lookin euro trash HIV asshole	toxic	toxic
Too many homos in the bible belt	toxic	toxic
bomb them and invade them like we did to IRAQ	toxic	toxic
That's why women be fat as fuck these days	toxic	toxic
Because you have a small dick and cant satisfy her	toxic	toxic
She's a fuck toy cock whore who loves sucking dick	toxic	toxic
Looks like that pussy needs to be filled with my cock while my other friends fuck the rest of you	toxic	toxic
Get yote you fucking pedo trash, hope you get locked up in the penitentiary opposite your choice	toxic	toxic
niggas don't do shit but feed me lies and I act like a believe em	toxic	toxic
I'll talk to myself before I talk to these fake ass hoes	toxic	toxic
Real christians use to stone mother fuckers to death so just let that sink in	toxic	toxic
Bitch u a dog and ur homegirl too	toxic	toxic
Keep killing each other you warmongering nation.	toxic	toxic
I'd bet money your pussy smells like poverty and tears	toxic	toxic
She's not good enough for even a horse dick.	toxic	toxic
Women like that can fuck off.	toxic	toxic
niggas hate to see women win, a mental illness	toxic	toxic
Yo this nigga then put me in some fucked some situations fr fuck this nigga fr	toxic	toxic
Fuck that nigga that you love so bad URL	toxic	toxic
But she's advertising her pussy as better than other girls?	toxic	toxic
A whole bunch of WHITE HATEFUCK WHITE PPL, FUCK THE NBA, FUCK THE NFL.	toxic	toxic
The media is fake makes me sick.	toxic	toxic
Don't forget to find your soul mate in that nigga he told you stop texting	toxic	toxic
Meh better than being a skank who shouldn't be classified as human	toxic	toxic
Hrrrrrr thats bad but that nigger got more life	toxic	toxic
If u living without him in your life then u a dead ass Nigga.	toxic	toxic
The bitch look lazy and retarded	toxic	toxic
Fight the real enemy, they call themselves jews	toxic	toxic
I hope your gf finds out &amp; chops your dick off.	toxic	toxic
Go the fuck to sleep faggot	toxic	toxic
i'm badder then you bitches , oh and fuck you too my sloppy seconds	toxic	toxic
Pray tell YR plans to kill Iranians	toxic	toxic
bet u wouldn't say that shit in LAN, bich	toxic	toxic
Shut the fuck up you brown bitch	toxic	toxic
you're a loser, I fuck my sister/girlfriend while my uncle fucks me!	toxic	toxic
shes also antisemitic and a terrorist sympathizer	toxic	toxic
Call me your ugly wife person you're racist because you're white	toxic	toxic
The pussy must be as crazy as her.	toxic	toxic
Everyone who unliked this vid are gay asfuck	toxic	toxic
They dont realise the annoyance of two sweaty balls in between their legs.	toxic	toxic
A Brigade should descend, push Mexicans and their tourists back, 1/2 mile in, screw them	toxic	toxic
They made Aladdin black lmao leftist racist cucks	toxic	toxic
god i just wanna fuck her face	toxic	toxic
You're a Zionist cunt if you can support those cultists.	toxic	toxic
In America we just shoot them and move on	toxic	toxic
i shove my mental illness down guys throats.	toxic	toxic
She just made that house negro look like a incompetent clown.	toxic	toxic
Fuck ur holes like there's no tomorrow	toxic	toxic
No place on Broadway for jihadi Muslims like this brat.	toxic	toxic
Fuck you fucking enviromentalist piece of gay shit	toxic	toxic
Should tards be killed at birth?	toxic	toxic
But really, Christian girls do suck.	toxic	toxic
Your moms a bitch, so stfu bitch	toxic	toxic
that white bitch makes me angry	toxic	toxic
niggas that buss &amp; can't get back up for another round have terrible dick.	toxic	toxic
Neither of those start with n, the n word is nigger	toxic	toxic
Niggas said that nigga cleared people out the live like a smoke bomb	toxic	toxic
If you fuck with lame niggas then you a lame bitch	toxic	toxic
That nigga OV look like Squidward when Spongebob beat him with the door	toxic	toxic
Noah only a true faggot would've replied to my comment lol	toxic	toxic
They're Brothers I'm tired of you faggots URL	toxic	toxic
dumb bitch by birth, stupid hoe by the grace of the lord	toxic	toxic
remove her fucking channel and lock her up.	toxic	toxic
dGayWisher Hey gDayWisher, I hope you can fuck right off,you IQ deficient robot	toxic	toxic
Shut your fucking mouth ya bald bitch lmao	toxic	toxic
some of y'all bitches be on dick so much, that you let niggas start hitting for an 8th.	toxic	toxic
Go back to Somalia save your own dam country and leave AMERICA to Americans!	toxic	toxic
They can't gift iconik dumbitch kys fag	toxic	toxic
terrorist — choke on a cows ballsack fuckin racist ass URL	toxic	toxic
This how bitches tht talk the most shit shaped likelookin like crushed refrigerator	toxic	toxic
Send the Wahhabeast terrorists to Allah!	toxic	toxic
This asshole needs to be deported.	toxic	toxic
If yall faggots waste votes on this clownery im taking your rights back URL	toxic	toxic
All men have a gay orgy to stop future generations from existing	toxic	toxic
Son niggas really ignorant like they don't look like hunchback of Notre Dam!	toxic	toxic
I'd love to do the same to this stupid bitch.	toxic	toxic
Eat their ass no homo tho	toxic	toxic
World should show Muslims to get out of Earth	toxic	toxic
"yeah ""europans"" learn to spell you inbred piece of trash"	toxic	toxic
She is really ugly for an old hag	toxic	toxic
Drake needs to be making blackface video with his coonass	toxic	toxic
Stupid ass men go with your dumbass hoe of a self	toxic	toxic
the biggest dumbasses are white Hispanics they be working for ICE and becoming Republicans fuck them	toxic	toxic
Guys only cheat on you with the uglier bitches and the ratchet ones too.	toxic	toxic
never seen so much white trash in one spot, truly amazing that many people still fuck their cousins	toxic	toxic
I'm bout to slap the df out this bitch ass Nigga	toxic	toxic
I don't want to get to know another nigga.	toxic	toxic
Pushed by youtube joos your trash supremacist jew	toxic	toxic
We're talking about stupid Americans.	toxic	toxic
Suck my sweaty cock n balls you stupid twink	toxic	toxic
I'd pound her fuck hole with your cum on her face	toxic	toxic
I'm so fearful of brown people!	toxic	toxic
y'all still on this body count shit pop whatever pussy y'all have and shutup	toxic	toxic
Come on SATIN pluck these idiot's from America TRUMP2020	toxic	toxic
If white genocide means this guy won't exist, sign me up.	toxic	toxic
I hope he shares a cell with a big butch Tranny.	toxic	toxic
She looks to be the type to make nipples hard, and dicks soft.	toxic	toxic
Fuck yall can eat shit n Die	toxic	toxic
Americans have to be the dumbest form of life on this planet	toxic	toxic
Stupid bitch hope she gets what she deserves	toxic	toxic
They fuckin smash their pussy with a hammer	toxic	toxic
We're all gonna die because none of you niggers care about the environment	toxic	toxic
Go fuck yourself, you're Chinese from Canada exploiting a mass shooting in Texas.	toxic	toxic
Muslims should be banned every where	toxic	toxic
I punched the jews because it raped Ukip.	toxic	toxic
GET THE FUCK OUT MY WAY	toxic	toxic
Stupid, racist but not good at anything	toxic	toxic
If you said this shit while at practice id deck you and deliver a devastating downfield block on your mom	toxic	toxic
USA and Israel are nobody's friend their only friend is Satan	toxic	toxic
Bro She never fucking loved you in the first place.	toxic	toxic
I can hit you're bitch but u never can hit mine nigga	toxic	toxic
I'm sorry But a bunch of Niggas Sitting here Looks Gay ‍	toxic	toxic
Send the fuckers back across the border	toxic	toxic
I hope that inbred, mentally disturbed terrorist bitch goes to prison.	toxic	toxic
I can't wait for China to fucking colonize France.	toxic	toxic
A bitch dont have a mind like me to do so.	toxic	toxic
Lol yall retards so fucking dumb like give yourself the death penalty or stop tripping over some lame shit	toxic	toxic
i wish i never knew who this fag was	toxic	toxic
Flat tits looking as bitches bruh	toxic	toxic
Keep her in the corner and fuck her hard	toxic	toxic
Words don't hurt her but cramming her penis into that thong everyday sure does.	toxic	toxic
Why dont u fucking vault the robot u fucking retarded ass niggas	toxic	toxic
Yeah you like fucking your step mother's pussy don't ya?	toxic	toxic
when schizophrenia and big booty bitches collide	toxic	toxic
u niggas are fuckin nuts, put the guns down &amp; get a job.	toxic	toxic
Men who outlaw women's reproductive autonomy should be castrated.	toxic	toxic
Jack off jew says nobody takes Bitcoin Hahahahahahis own company takes itwhat i call a jack off jew.	toxic	toxic
Bitch got thag nigga fucking her ass till he feed her all that nut URL	toxic	toxic
Boys like this are literal trash and are the main reason I carry around pepper spray.	toxic	toxic
Wish i could tongue fuck your ass while you jerk that cock	toxic	toxic
Spit in her face then skull fuck her cunt throat	toxic	toxic
Africa is full of horrible savage humans	toxic	toxic
I'd fuck your throat and get my cock nice and wet before sliding I to your tight little asshole	toxic	toxic
lmao this nigga just tryna learn english bro	toxic	toxic
bitch ur french tuck just because queer eye already	toxic	toxic
I'd smack your ass leaving handprints then fill your pussy with my fat cock (;	toxic	toxic
Your mother was a dumb whore with a fat arse, did you k ow that?	toxic	toxic
Why don't you grow up instead you ignorant cuck	toxic	toxic
Trump's, he's a racist sexist homophobic cretin	toxic	toxic
I wish bitches would go back to suckin real dicks and stop suckin on food	toxic	toxic
yo @ pick me ass niggas do me a solid, kys	toxic	toxic
And fuck anyone who's not from America	toxic	toxic
This is how you fuck a sissy bimbo slut.	toxic	toxic
This bitch is just a complete bimbo probably gets gangbanged by elites backstage	toxic	toxic
Leftist broads are too stupid to use birth control?	toxic	toxic
Ya ya we will do tyaag, Sikhs will kill themselves so that jihadis like you flourish !	toxic	toxic
Jews are people, furries are fucking retards who want to fuck dogs.	toxic	toxic
Bitch you a thot , you always hoppin on new cock	toxic	toxic
Fuck you you stupid mentally I'll bitch.	toxic	toxic
Y'all fuck ugly guys on the regular funny or not anyways tbh	toxic	toxic
All these fake Christian hooligans are definitely going to hell.	toxic	toxic
Naomi Campbell is a cum guzzling whooore	toxic	toxic
I told that bitch this hoe look like a big punk he busted out laughing !	toxic	toxic
Outside of Punjab the country's a shithole anyways	toxic	toxic
Bro this shit too funny niggas don't know nothing	toxic	toxic
A who's who of freaks, perverts, racists, and psychopaths.	toxic	toxic
Make her mad enough watch her give that pussy up	toxic	toxic
Faith healers should be thrown in jail and left to rot.	toxic	toxic
Ur kind of a low iq dumfuck, arentcha?	toxic	toxic
"U a pussy u be acting like a bitch ""I'm tire"" pussy boy"	toxic	toxic
Are you trying to make fun of this dude, you fag?	toxic	toxic
Go fuck yourself you ugly Jewish boy	toxic	toxic
They done fuck up Charlie's Angels into feminist propaganda bullshit	toxic	toxic
Fuck the the feminists brigading this post	toxic	toxic
nigga fuck u &amp; yo mama, my shit work too lil retard !	toxic	toxic
Id hold u done and fuck that bald lil pussy	toxic	toxic
Another white skank trying to capitalize on makeup.	toxic	toxic
Trash ass 2015 ass nigga get outta here	toxic	toxic
If I start losing my bitch gon grab the tooly and let that hoe go off	toxic	toxic
these people are sick in the head murdering innocent people	toxic	toxic
I'd bend you over and fuck you until cum leaks down your ass	toxic	toxic
And I hope you get blown the fuck up.	toxic	toxic
Donkey dick and horse farts Gettin bitches wet since Moses	toxic	toxic
No racist , they are coming in w diseases to kill Americans.	toxic	toxic
U liberals are killing blacks w abortions	toxic	toxic
yea, keep your pussy calm, slut.	toxic	toxic
if you don't shut your gay ass up	toxic	toxic
Would love to see her get cock.	toxic	toxic
Gloryhole cumslut sucks a big cock and drinks cum shooter!	toxic	toxic
I'll project my dick into your ass.	toxic	toxic
The Four Morons of The Apocalypse	toxic	toxic
Fuck muslins and that aoc bitch.	toxic	toxic
Please Remove The Robots There Garbage And Only Five Year Olds And Mentally Gay People Like Them.	toxic	toxic
Suck some dick bitch head and shithead	toxic	toxic
Fucking Mexicans this why we should build a wall	toxic	toxic
I'm sure they will make that prince guy black, and all men will be pussies	toxic	toxic
what a fucking piece of shit.	toxic	toxic
Pussy so fat the bitch gave me STDs: Sexually Transmitted Diabetes	toxic	toxic
And Ima spit on ya granny dumbass bitch	toxic	toxic
"You look like the type of kid who calls his teacher a ""faggot cunt"""	toxic	toxic
Bitches are as retarded as they look lmao cannot stress that enough	toxic	toxic
Yes, I'd love to see your pussy filled with cock.	toxic	toxic
Jesus how fucking autistic are you hahaha	toxic	toxic
a lot of cunty bitches in this world.	toxic	toxic
Have fun with Hitler in hell you dumbass.	toxic	toxic
This Nazi fucking racists is going to start a cilvil war!!	toxic	toxic
That country is run by disgusting cowards.	toxic	toxic
Yo fuck these bald shriveled dick pieces of shit.	toxic	toxic
"Eat dicks with your ""Chiraq"" nonsense."	toxic	toxic
Right what a loser titty boy is	toxic	toxic
Females that are lustful and sexually degenerate are the ugliest of women.	toxic	toxic
Ya dead ass hate women like go fuck ya home boys in the ass already ‍	toxic	toxic
Motherfuckers to fix their own countries and stop ruining ours.	toxic	toxic
I thought the retard on the left was black ?	toxic	toxic
Show your cock faggot the most depressing upload schedule ever.	toxic	toxic
Get that baby dick out of your mouth, degenerate mohel.	toxic	toxic
Should have blown the iranians out the water	toxic	toxic
Here on this sub, women are holes, girls are sluts, and your questions are stupid.	toxic	toxic
I bet he bows to satan, another sodomised gentile.	toxic	toxic
I will cum deep in that whore asshole	toxic	toxic
Get her ass in jail right fucking now	toxic	toxic
I wanna dump my cum in that cunt	toxic	toxic
That's what a fucked up faggot brain does to you	toxic	toxic
all that pussy nigga choose to eat her ass.	toxic	toxic
Same garbage as the idiot she married.	toxic	toxic
Muslim here, those fuckers arent going to heaven no matter how they're buried	toxic	toxic
So stop writing books in your moms basement and do it faggot!	toxic	toxic
Listen this nigga would have to die idgaf	toxic	toxic
The human equivalent Also, you are the perfect fuel for r/rareinsult And nobody likes feminists	toxic	toxic
she's the type of girl you'd rather fuck her face than her pussy, jesus she's beautiful	toxic	toxic
you fags are so insufferable sometimes makes me want to convert to alt-rightism	toxic	toxic
Little whore with a cock-hungry cunt	toxic	toxic
Get your virgin ass off my shit bitch	toxic	toxic
If AIDs came from a guy fucking a monkey then what comes from a guy fucking a crocodile	toxic	toxic
Women who support this admistration are horrible people.	toxic	toxic
turn you to a bbc slut when you take my dick balls deep in your tiny white ass URL	toxic	toxic
Build a fucking wall and get them out!	toxic	toxic
Any any decent employer wouldn't hire a degenerate whore.	toxic	toxic
the bitches in my mans hood aint about shit	toxic	toxic
Saddam: Stop stealing our oil Kuwait: No and your women are whores lmao Saddam: Aight bet URL	toxic	toxic
I wanna see your bitch cry, Let's fuck each others brains out.	toxic	toxic
And by a catty whore bitch.	toxic	toxic
America will stop invading countries when muslims stop decapatating people in the name of allah.	toxic	toxic
You look like a to-order male prostitute who caters to groups of a Japanese businessmen with very specific fetishes.	toxic	toxic
I'll fuck all them little bitches up URL	toxic	toxic
I hope this bitch asss nigga calls me so I call start trippin on his ass	toxic	toxic
Fuck the president, fuck the police, and fuck your ass backwards religion.	toxic	toxic
Drinking semen isn't gay as long as you don't slurp it through the meat straw.	toxic	toxic
Go take a dick in your ass.	toxic	toxic
quit being a simp and get some fresh pussy	toxic	toxic
thought she was just annoying and retarded!	toxic	toxic
cry more little pussy ass bitch n**ga, you deserve what you got	toxic	toxic
This is what the black man is used for nowadays?	toxic	toxic
Fck America and fck white people I'm so done, can y'all just leave	toxic	toxic
Massachusetts with all the racist white people over there, I see why they call it MASSAchusetts	toxic	toxic
Yeah, this woman is fucking dumb as hell.	toxic	toxic
Some girls really cause problems for themselves by just constantly running their mouth, just shut up	toxic	toxic
Islamic pedophiles molest young boys on your tax dollars.	toxic	toxic
All the retards are becoming the presidents/prime ministers This is one of the signs that yaumal qiyamah is close	toxic	toxic
Because they're too dumb duh	toxic	toxic
America is so fucked up dude what the fuck	toxic	toxic
motherfucker ate all the damn shaving cream smh bitch ass retard	toxic	toxic
I don't I repeat I do NOT fuck with hoes or anyone at that	toxic	toxic
you going to hell fr bitch	toxic	toxic
Next time do 6 antisemites and 1 jew	toxic	toxic
Dude fucking illegals pieces of shit	toxic	toxic
This is why you'll never get laid- you're a disgusting asshole	toxic	toxic
Worthless sissy bitches like you make men look bad	toxic	toxic
Go continue jerking off in your mother's basement.	toxic	toxic
Bullet to her brain racist pig	toxic	toxic
All these bitches be horny at this time.	toxic	toxic
If you fuck kids you dont deserve the shit sentences these fuckheads get.	toxic	toxic
Did some stick a Lego in your cunt?	toxic	toxic
She doesnt even have tits uno u could class her as a men URL	toxic	toxic
Americunts first but the rest of the world can eat sh*t.	toxic	toxic
Time to kick ALL of them OUT of AMERICA!	toxic	toxic
Go play with your ass some more and try to get your dick to work	toxic	toxic
Now stop doing stupid boot shit like this.	toxic	toxic
Not to mention a child molester	toxic	toxic
I put my dick in a bag of Doritos and made this nigga bitch suck the dust off the tip	toxic	toxic
Go beat yo mama and your sister freak ass bitch .	toxic	toxic
I'd destroy her tight pussy	toxic	toxic
Indian wankers never learn , that is not your land , yet warmongering	toxic	toxic
Send her back to prostitution URL	toxic	toxic
was nice before all of em went bat shit insane and invited all the Mexicans to take over.	toxic	toxic
"When you eat her pussy spell ""You lying bitch"" on her clit"	toxic	toxic
She must be a hoe that's why she needs that much condoms	toxic	toxic
Look at the racist australian trash.	toxic	toxic
Get some fat kids on the US side and catapult those fuckers over man URL	toxic	toxic
Hope his dick turns to a cancerous piece of shit	toxic	toxic
Send this cunt packing back to the dirtbag country she came from.	toxic	toxic
YALL DO NOT LET THESE BITCH ASS NIGGAS MAKE U FEEL LIKE SHIT CAUSE THEY AINT SHIT	toxic	toxic
When you hate an entire group of people so much you want them all dead	toxic	toxic
How You Gon Bash Me Then Try To Fuck Me Hoe You Super Fake	toxic	toxic
To the bum ass nigga from earlier I hope god punish you	toxic	toxic
Shutup you idiot ISIS did horrible things , let him rot in hell	toxic	toxic
Nigga got his bitch taking that dick with a window view URL	toxic	toxic
How many Jews raped you as a child?	toxic	toxic
Connor you are literally gay you have raw anal every time you shag	toxic	toxic
I ain't forget y'all hoes was calling yourself medium ugly for some attention	toxic	toxic
But when I put on girl clothes I'm a faggot	toxic	toxic
That nigga a bitch like Barbie doll	toxic	toxic
Ewwww, a dumb bitch who insults people in order to feel better about her pathetic life.	toxic	toxic
mom, you are a brainless whore who only want to suck handsome man's dick	toxic	toxic
nigga why are you giving head at fucking #15	toxic	toxic
Just cut them all off already.	toxic	toxic
I do not like you bitches.	toxic	toxic
Ima slap tf outta you bitches.	toxic	toxic
tengtx bitch I'll beat yo mama ass for the dumb ass comment	toxic	toxic
I hope you get testicle cancer.	toxic	toxic
Jews are white you fucking tard, they just tend to hate themselves more.	toxic	toxic
They can choke to death on a dick.	toxic	toxic
Faggots that need to be re educated	toxic	toxic
You goofy ass niggas be hanging wit niggas who don't take care of their kids	toxic	toxic
Yea this Bitch dumb sick in the head	toxic	toxic
Crossdressering and getting fucked in the ass with a strapon	toxic	toxic
Imagine unironically watching that braindead tranny.	toxic	toxic
Mean words are terrorism you fucking mongoloid	toxic	toxic
*laughs in killing apostates and oppressing gays and women*	toxic	toxic
How about you wash your butthole and then comment.	toxic	toxic
Next nigga make me mad I'm beating they ass omm.	toxic	toxic
"A re "" homosexuality is a disease"" yes, we will never let this go URL"	toxic	toxic
Nah dead ass those be the bitches throwing food and acting a fool in the cafe.	toxic	toxic
choke her while you fuck URL	toxic	toxic
Better get 2 abortions for your spawn cause you're a dickun	toxic	toxic
I hate a dating to fuck ass bitch, fuck I look like wasting my time having meaningless sex	toxic	toxic
Secondly don't try and tell me they earned that shit, vomit that mayo elsewhere	toxic	toxic
White men were born to eat BBC cum out of your butt!!!	toxic	toxic
Fuck you fake ass bitch I wish you get bullied at school and people don't give you money	toxic	toxic
Go be a terrorist twat and go fuck yourself	toxic	toxic
"Diversity is just a code word for ""less white people""lets be fucking real here URL"	toxic	toxic
What a bunch of repellent men in blue I hope these cops lose their jobs!	toxic	toxic
Buy a dildo and go fuck yourself.	toxic	toxic
I'm an evil gay hater so I'm going to hell.	toxic	toxic
I'll follow your faggot ass into that store.	toxic	toxic
Time to reinstitute this act and deport all sharia abiding muslims from America.	toxic	toxic
Stupid fucking Italians maybe try building your forts on land next time	toxic	toxic
Put all mexicans in prison wit him	toxic	toxic
Fuck religion and fuck those damn retarded beliefs.	toxic	toxic
fuck you bro america created isis and america is isis fuck you fuck the new world order	toxic	toxic
when you let a house nigga out the house	toxic	toxic
Fuck that hoe ass nigga URL	toxic	toxic
That Catholics for ya, inbred n abused.	toxic	toxic
Man iont give a fuck bout no hoe fuck you bitch fuck a hoe	toxic	toxic
You're a fag and a retard, and not even the good kind like us.	toxic	toxic
poop nigga shit retard pickle dick ass	toxic	toxic
America should TARIFF all Remittance $$$ sent back to Mexico to cripple their incompetent open border country.	toxic	toxic
Me sending death threats - DIE BITCH DIE	toxic	toxic
50 lakh people beat 135 crores shitty Indians and yes I am also one of themIndians are shit	toxic	toxic
I can't stand a weak ass bitch !	toxic	toxic
let these bitches come near me I will end up in jail for fucking them up	toxic	toxic
Vote Trump , Allah will wash you filth out to sea.	toxic	toxic
Can I rip her eyeballs out and pluck every eyelash and hairs of this racist retarded and ugly hoe	toxic	toxic
Why dont you have that nigger cunt on display?!	toxic	toxic
Ya Dawg Rather Beef W You Over Social Media Then Talk Shit Out In Person Like Men.	toxic	toxic
Probably because open relationships are for overgrown weird theatre kids who learned the could fuck each other.	toxic	toxic
This slut needs to get rid of that pussy hair	toxic	toxic
niggas be having guns for show shit sad	toxic	toxic
I don't deal with bitches no more	toxic	toxic
American scum is already attacking Iran.	toxic	toxic
Fuck that bitch and fuck that nigga I know what it was !	toxic	toxic
I would've beaten that skinhead virgin into the dirt, but that's just me.	toxic	toxic
Sucking a big black cock makes you more attractive URL	toxic	toxic
genocide amerika that means when we smack them with cruise missiles it becomes a dirty bomb	toxic	toxic
Some real nasty women over here, the nastiest.	toxic	toxic
suck those tits and dick you down deep	toxic	toxic
U right, probably some old nigga named Clyde	toxic	toxic
What a flat ass you've got.	toxic	toxic
I hope your tits have something more to give, fat whore	toxic	toxic
Look at this fucking pussy URL	toxic	toxic
what's your fucking problem n-gga, this is no reason to get obsessed over a previous shitpost	toxic	toxic
#MEEEEEEETOOOO what fat faggot we talking about joey right?	toxic
This Islamic fucker destroys his german bottom and pisses in his hole Source : Follow him and follow URL	toxic	toxic
i am: boy girl nonbinary dumb retarded fucking bitch	toxic	toxic
Don't u dare fucking simp today bitch	toxic	toxic
Dumb bitch hop off her dick	toxic	toxic
A pussy ass hoe COULD NEVA URL	toxic	toxic
King No that's Israel get it right you stupid inbred mexicant	toxic	toxic
EAT A COCK YOU FUCK FACE BITCH.	toxic	toxic
Yes, says the moron fat-shaming a child.	toxic	toxic
Hoe suck my son dick and choke on it	toxic	toxic
RUGA SUSPENSION: BURN DOWN NIGERIA OR REMAIN COWARDS--BIAFRAN YOUTHS TELL FULANI YOUTHS URL URL	toxic	toxic
niggas are bitches and a waste of time	toxic	toxic
Three black people demonic Democrats they should be deported probley caravan members	toxic	toxic
They all need to be castrated	toxic	toxic
Face fuck the shit out of her	toxic	toxic
You have to be a special type of pathetic faggot to use masstagger.	toxic	toxic
because you're being sexist you fucking dunce	toxic	toxic
#tittytuesday #aspenromanoff cum for me daddy, and fuck your dumb bitch.	toxic
The fvcking white nationalist gang promoted by the asshole president.	toxic	toxic
Suck a lepers dick and keep the tip.	toxic	toxic
she looks like trash in it , and no one wants to see her ugly breasts	toxic	toxic
"Oh shit, Captain ""I used to be a cop"" finna shoot a nigga"	toxic	toxic
These micro-dick losers need to get real jobs and leave people alone.	toxic	toxic
Y'all keep RTing Roosh and Molyneaux giving those fuckbois the engagement they are looking for	toxic	toxic
Dumb, Dumber, Dumbest, MORON take your pick of these four women?	toxic	toxic
Yous both are fat as shit and get no bitches shutup URL	toxic	toxic
Fuck Area 51, Go raid them streets and clean up some trash niggas	toxic	toxic
I am a white man's whore	toxic	toxic
On a fucking new born y'all hoes just getting out of hand.	toxic	toxic
My blood pressure just went fucking ape	toxic	toxic
I have a whore for a girlfriend	toxic	toxic
Women are being slaughtered in the ashes, and Donald trump is the MAN	toxic	toxic
You sound like cold a faggot literally a bitch	toxic	toxic
treytown530 nigga u gay shut your cocksucking mouth	toxic	toxic
heres your phone hey lets bang a few times then im out , seeya , good luck with fuckface	toxic	toxic
I wish your brain had as many functioning cells as your pussy does.	toxic	toxic
Try me, fucking mexican little bitch	toxic	toxic
hoes with burning pussy swear everyone want them	toxic	toxic
Deport 'em all, and build the wall.	toxic	toxic
Say it with me: Fuck Israel	toxic	toxic
No you fucking idiot, beat the shit out of her lol	toxic	toxic
Sounds like something someone with trash pussy would say	toxic	toxic
i'll slap the shit out of a white supremacist	toxic	toxic
She nothin' but a no good fat pussy bitch man leave her be	toxic	toxic
This bitch has amazing cock sucking lips	toxic	toxic
U are a gay cunt stop making videos u cringy mother fucker get off yt duck head	toxic	toxic
You need to fuk off you homophobic kunt	toxic	toxic
Send her back - the Islamist sow supports terrorists - and don't let her back, either.	toxic	toxic
Bitch put that needle dick away and go back to work	toxic	toxic
That sub and TheBluePill can suck eachother's penis	toxic	toxic
Bitches better quit being werid before I drag bitches through the dirt over my bestfriend .	toxic	toxic
You prolly the nagger shut up	toxic	toxic
Well faggots can have they're gay little parades why can't straights?	toxic	toxic
Fine, all these white people are racists, yall better arm yourselves and fight them to the death.	toxic	toxic
SEND THAT STUPID WOMAN BACK TO WHERE SHE CAME FROMAFRICA.	toxic	toxic
I hate hoe shit , fuck a hoe anyway tho	toxic	toxic
I hate you cause u ugly and gay	toxic	toxic
Couple of real men allowing the little bitch to eat URL	toxic	toxic
I'd put this social democratic dick in your mouth too pretty boi	toxic	toxic
Haha good luck with the daily school shootings, pfft an army would stomp your white little sensitive bitch asses	toxic	toxic
These crackers uh shoot the shit out our ass	toxic	toxic
Too many brown people were flooded into America by the j€ws.	toxic	toxic
"I cant stand that ""girl"" with the dyed hair ,selfish attention seeking cunt"	toxic	toxic
The only ones killing trannies are themselves	toxic	toxic
Beat her tits and fuck her mouth.	toxic	toxic
"God you ""fortniters"" are straight dick rider, make me sick."	toxic	toxic
Fucking disgusting I'd punch that fat blonde bint straight in her fat gob!!!!!	toxic	toxic
&gt; I never saw a female I would consider an 8 in America This cunt is drowning in fanny.	toxic	toxic
Lmao your fucking retarded kill yourself.	toxic	toxic
#Porn #Pornstar Busty Asian gets assfucked reverse cowgirl style URL	toxic
I mean bitch go to hell	toxic	toxic
Shut up hoe mom should've sucked you back up into her vagina	toxic	toxic
Your IQ is somewhere in the low 20s if you think this LGBT garbage is JUST about homosexuality.	toxic	toxic
yeah maybe if you ask out egirls and have a boy pussy	toxic	toxic
Go get your young fertile pussy fucked and filled	toxic	toxic
I hardly even care how deep the country fucks itself.	toxic	toxic
I just want to be a bitch with some tits	toxic	toxic
We need concentration camps for theses freaks	toxic	toxic
Spread your slut holes I'm sure they will get the hint	toxic	toxic
And if you follow/support her then fuck you too.	toxic	toxic
can someone slap this dumb hoe	toxic	toxic
allah created white whores as temptation and you degenerates fail everyday hope you enjoy hellfire	toxic	toxic
Can't even spell those spells Thoes bitch you a nasty hating hoe	toxic	toxic
Ahhh yes, the gays strike again.	toxic	toxic
Antifa is nothing but gays that sit around fingering each other in there assholes	toxic	toxic
YTA: You have all of the bitch and none of the pussy.	toxic	toxic
Here's a easy way of putting things fuck off pussy	toxic	toxic
Worst trip of my life over some niggas	toxic	toxic
Man shut the fuck up you stupid bitch, I bet you don't get any pussy period URL	toxic	toxic
Well at least he didn't grab her pussy URL	toxic	toxic
I would deport the bloody lot!	toxic	toxic
stupid ass hoe built like a piece of cabbage	toxic	toxic
All these niggas make me sick	toxic	toxic
Fuck religious zealots need to burn in their own fiery hell.	toxic	toxic
PUT YOUR PUSSY ON THE OHONE COWARD URL	toxic	toxic
Go to Mexico and fix it you Village Idiot.	toxic	toxic
Georgia Gal I hope Iran nukes the whole lot of you.	toxic	toxic
Put all those Mexicans in jail.	toxic	toxic
Iran's Government is evil and needs to be destroyed.	toxic	toxic
Fuck Islam we should actually fight it	toxic	toxic
GOD PLEASE HAVE TRUMP DEPORT THIS BRIT PIECE OF SHIT BACK ACROSS THE BIG POND!!	toxic	toxic
And you can breed black peoples by giving them government paid child support	toxic	toxic
These stupids are all white anyways.	toxic	toxic
Have fun with your raped mother hating you for the rest of your lives.	toxic	toxic
Know your place Reddit trash loser.	toxic	toxic
Reflw t on my dick you hot thing	toxic	toxic
Aye who raised you beggin ass bitches??	toxic	toxic
Fuck up, your a THOT to dumb bitch.	toxic	toxic
nah she is a racist cunt she is a level above just a prick	toxic	toxic
faggot is a piece of shit scammer	toxic	toxic
Any girl that dresses like that is fake.	toxic	toxic
if you have gay sex you have lethal cancer	toxic	toxic
What do you expect from tranny extremists?	toxic	toxic
What a cunt bitch she took a low blow like that	toxic	toxic
Post the texts and we'll thrash Joe's fag ass	toxic	toxic
I'm convinced you bitches are retarded	toxic	toxic
if you don't believe in Jesus I'm going to stab you in the face.	toxic	toxic
You got the girl, you fucked the bitch, now all you do is fuckin ditch.	toxic	toxic
These 4 women need to go to Hell	toxic	toxic
The last thing this bitch needs is roast	toxic	toxic
I fucking hate Antioch ass niggas .	toxic	toxic
They can't drive for SHIT !	toxic	toxic
Cut his dic off n shove it up his ass hole n sew it up	toxic	toxic
That little bitch needs to suck my dick won't give her no kissy kissy	toxic	toxic
These niggas slime but they ain't slime enough	toxic	toxic
Be a negro and suk milk out my titties.	toxic	toxic
You have such a nice pussy I love how you spread it for daddy	toxic	toxic
This chick wants to shit talk an unproblematic legend, fuck her attention seeking ass	toxic	toxic
I wonder how many cum shots the queen has taken	toxic	toxic
Pussy ass triad cowards too afraid to show their faces.	toxic	toxic
Fuck you cunt go suck my clit	toxic	toxic
These people are fucking disgusting URL	toxic	toxic
I Hate Bitches That Don't Fuck Back	toxic	toxic
mentally unstable self conscious white man	toxic	toxic
Fuck ya face, then suck ya tits while im balls deep in you	toxic	toxic
Holy hell, deport the that shitstain ASAP.	toxic	toxic
next time you fucking put your hands on me imma fucking rip your face off bitch	toxic	toxic
Chemical Waste nah f*ck palestine you damn Isis supporter	toxic	toxic
What the fuck is even up with this fat fuck, fucking pathetic little bitch.	toxic	toxic
This is what happens when you give blacks total control over a white level civilization.	toxic	toxic
why are black male rappers and artists always become pedophiles and rapists	toxic	toxic
retweet this you fucking cummy fags subscribe to see full 5 mins + massive cum shot URL URL	toxic	toxic
fuck you fuck your friends and fuck your bitch	toxic	toxic
all the these pussy bitches choosing sides, like ion know real.	toxic	toxic
noisy scamtard indulging to fetishism and not working penis replacement duly blocked *click* URL	toxic	toxic
I wish a nigga would put his hands on me imma beat that bitch like his mama should've.	toxic	toxic
This guy's act like a bunch of faggots.	toxic	toxic
People like this need to literally be castrated.	toxic	toxic
All they'll do is send priests to your homes and rape your kids.	toxic	toxic
Let them pasty white cunts with shit teeth call us convicts i know where i'd rather be	toxic	toxic
ass head Indians are immigrants who did nothing to make America great dominguez	toxic	toxic
This cute they probably fuck niggas together	toxic	toxic
Use your bible to clean up your disgusting load.	toxic	toxic
Muslims want to rape and destroy America.	toxic	toxic
Dead ass lame ass niggas man	toxic	toxic
when niggas say pussy is pussy I automatically assume he fucked a crackhead ‍	toxic	toxic
Fuck that nigga and his ugly ass gf	toxic	toxic
Your God is a pedophile who fucks goats.	toxic	toxic
Id fuck that tight boy pussy so hard you pathetic slut.	toxic	toxic
Couple pussy niggas told they ain't my dawgs no mo	toxic	toxic
niggas are wickedhow you eat my pussy then go lay up with ya girl	toxic	toxic
And I'll impregnate the bitch.	toxic	toxic
Nah fam im 100% white trash	toxic	toxic
They can all suck my motherfucking cock, bunch of fucking rich boy wankers.	toxic	toxic
I can only imagine him beating the fuck outta some pussy	toxic	toxic
"If you're gonna call someone ""the r word"" why not just call him retarded."	toxic	toxic
Should have left the Pakistanis kill them off.	toxic	toxic
"She should be exterminated along with half the ""people"" in this video."	toxic	toxic
ima be the last bitch standing, fuck them niggas.	toxic	toxic
He could be some fag in a Corolla with a coexist sticker.	toxic	toxic
Illegal immigrants have no rights lol deport them please get them outta here there criminals	toxic	toxic
Lil sexy ass come gag on my dick babygirl	toxic	toxic
Did u know faggots is a bunch of sticks MCR u bunch of sticks	toxic	toxic
what is with white people and being pedophiles, con artists, and terrorists?	toxic	toxic
There's nothing i dislike more than a fake bitch and a dirty pussy ‍	toxic	toxic
I'd punch her in the face with my dick.	toxic	toxic
You are the biggest fucking faggot on this planet	toxic	toxic
Death to all those who believe in human sacrifice!	toxic	toxic
He's an old racist bigoted cunt.	toxic	toxic
Bitches is so fake it makes me sick to my stomach!	toxic	toxic
Islam is bullsh#t a butch a beating, butchering, bombing bastards!	toxic	toxic
Women ruin every government they touch and then they fucking pout about	toxic	toxic
Then u a hoe then dumbass bitches like this really be slow	toxic	toxic
She's an evil bitch that needs to be deported back to her own damn country!!	toxic	toxic
i thank the lord you ain't get pregnant hoe fuck you	toxic	toxic
Leave you weak boned neanderthal, you're primitive scum.	toxic	toxic
Here is thot burn him alive	toxic	toxic
Finally, a cunt ready to be filled balls deep with cum.	toxic	toxic
everyone of y'all niggas i used to know suck mad dick fuck every single one of you	toxic	toxic
I bet you love watching all your aryan brothers shooting up Mexicans huh?	toxic	toxic
worst thing about conservative women: wide vagina	toxic	toxic
These disgusting cum dumpsters are the literal bottom of society you virgin	toxic	toxic
i hate a ratchet bitch with clean pussy	toxic	toxic
"Next up ""SUCK MY COCK HOMOPHOPE!"""	toxic	toxic
Small dykes can slang some mean dick on a thick jawn youll be suprised URL	toxic	toxic
Looks like another feminist agenda pushing beta male bashing pile of shite	toxic	toxic
They're a bunch of insufferable bitches so most all women	toxic	toxic
SEND IT HOME AMERICA absolutely HATES islam !	toxic	toxic
To watch these fucking lowlifes, i think Europe is lost, no morality left, ready for Islam.	toxic	toxic
fags talk to girls; real men post and rate pictures of men's physiques URL	toxic	toxic
I'll rather cut her off cus niggas kill bout hoes	toxic	toxic
Hoes need to stop birthing these ugly ass babies and callin them cute and shit idc idc	toxic	toxic
Goodbye ghetto ass kids and their lowlife parents.	toxic	toxic
Yo know yo pussy trash when a nigga rather fuck you with a condom on, Just saying.	toxic	toxic
cant fuck w no nigga who easy to give his dick to the next bitch thats ghetto and dirty.	toxic	toxic
Correction, 3rd wave feminists should die in a hole	toxic	toxic
Go and take down other religious since religion is dumb	toxic	toxic
I would hate fuck this slut	toxic	toxic
He should be skinned to death sick cunt probably rapped her after	toxic	toxic
Unknown he wack like u faggot	toxic	toxic
Actually its the opposite, woman are picky ass bitches and men if horny enough will fuck anything	toxic	toxic
Yall sum fake ass niggas on god.	toxic	toxic
Stop fucking them in the pussy.	toxic	toxic
Bitch you trash and your bitches is dumpsters	toxic	toxic
Get these mexicans out of our great country.they come here and multiply like rabbits and look for hand me downs	toxic	toxic
Deadass tho ,, buddy half past retarded for that one	toxic	toxic
Yeah and those fuckers better stay in that shit country and not come here	toxic	toxic
Disgusting and these the type of bitches you nigga bust big nuts in and impregnate	toxic	toxic
We need to have people like you spayed and neutered!	toxic	toxic
Clean your shits in Cambodia you chinx motherfuckers	toxic	toxic
Try to kill chinese in china?	toxic	toxic
use my cock to fuck yourself URL	toxic	toxic
You're right she IS pretty ugly.	toxic	toxic
Probably sucked a PILE of dong.	toxic	toxic
is that suddenly worse than white trash?	toxic	toxic
FUCK HIS WHORE ASS SO BAD IAM	toxic	toxic
Hardin is a phucking racist pussy.	toxic	toxic
white Spaniards from Spain raped an squandered your land lol	toxic	toxic
No she needs to get deported demon bitch is fake	toxic	toxic
Shut the fuck up degenerate asswipe	toxic	toxic
How about you suck my dick you fucking degenerate	toxic	toxic
Damn Slime you acting different yeah fuck yall hoes and niggas	toxic	toxic
Only issue is I hate pussies like you masquerading as a man, FUCK OFF	toxic	toxic
And then after we get the pussy y'all all type of fat bitches	toxic	toxic
Like the dirty Slut that she is and pretends not to be!	toxic	toxic
Nothin but bitches I be fuckin	toxic	toxic
Till I cum on your tits.	toxic	toxic
Yo bitch lazy she fuck on her back EW EW get on them toes bitch	toxic	toxic
I'd like to take turns fucking both your pussies	toxic	toxic
I hope you get charged for being a dickless loser	toxic	toxic
delete me out this foolishness, nigger	toxic	toxic
I want to drain my balls up her asshole!	toxic	toxic
Johnny is just acting like a stupid white male who thinks everything obeys him.	toxic	toxic
Imagine having a dick as small as mrdinglepants and trying to talk shit about anyone else's junk.	toxic	toxic
BRIGHT SIDE hey US thanks for killing middle eastern people even they didn't ask for sleep!	toxic	toxic
Razi of course but we do not change their gender as your Satanic religious leaders do.	toxic	toxic
They should take that shit back to Africa	toxic	toxic
I wish I could punch this dumb bitch.	toxic	toxic
Which is the restroom for women with penises?	toxic	toxic
He said that's Nancy pelosi's type taco eating whore	toxic	toxic
I'd like to see you tell even one of them to his face that their culture is trashy.	toxic	toxic
I want to punch this bitch in the throat URL	toxic	toxic
you bitches dumb &amp; these niggas dumber dumbasses	toxic	toxic
Weebs of any gender are surprisingly welcoming of penises	toxic	toxic
#Porn #Pornstar Black dude bangs #KagneyLinnKarter in her ass and pussy URL	toxic
Nothing can be done about being retarded, rather be a retard than a bitch.	toxic	toxic
This woman is a true IDIOT!	toxic	toxic
KIDS eyed bet u an uglier bitch huh tubby	toxic	toxic
Fucking imbecile cunts, never forget the genocides and murders they did.	toxic	toxic
Like the dirty little whore she is	toxic	toxic
Her shaven maid pussy getting blasted with intensity URL	toxic	toxic
That girl need her ass beat URL	toxic	toxic
this nigga look gay as hell iM DEAD	toxic	toxic
As long as those fake Jews run things, this crap will continue, anything for a shekel	toxic	toxic
Just here for the ratio you homophobic bitch URL	toxic	toxic
I hope justice is served on this disgusting Muslim countries in prison	toxic	toxic
Same, girls are retarded in some ways	toxic	toxic
I hate bitches with a 1,000 nigga friends fuck round be with the opps u gone get shot with them	toxic	toxic
"How can people actually be this retarded especially that Exclusive Nightclub chick ""K!"""	toxic	toxic
Can we go to their country and kill their people with impunity?	toxic	toxic
MoorsAreIsraelites you fools can't even crush garlic your completely retarded.	toxic	toxic
Z suck a bag full of white dicks	toxic	toxic
Why we always around bitches but you always the baddest?	toxic	toxic
Im gonna commit suicide by drinking her pussy juice	toxic	toxic
Drop all them hoes like bombs.	toxic	toxic
I will fucking destroy ur bloodline u fucking bitch	toxic	toxic
Aimee's a punk ass bitch	toxic	toxic
Yeah modern kids especially brown kids would be under the jail pulling this shit.	toxic	toxic
He's deadass got giant red lips you slackjawed mook	toxic	toxic
Haha you're a fucking fag	toxic	toxic
"they spend their time sexually assaulting ""whore white women"""	toxic	toxic
Bitches who stay with abusive men are so stupid like damn bitch I wanna punch you too	toxic	toxic
Replace white people, I hate them	toxic	toxic
Scumo = fat useless christian cunt who only cares about his rich criminal mates	toxic	toxic
No you're a dumbfuck incel about to go on a rampage.	toxic	toxic
fvck all of you dumb btches i hope you rot in hell URL	toxic	toxic
post reply, or else i will shove my BBC up ur cracka ass yoyoyoy	toxic	toxic
Time to kill the paki terrorist pig #HafizSaeed .	toxic	toxic
That's a lot of skanky whores.	toxic	toxic
HURRY UP AND LIKE THIS FAGS SO I CAN LEAVE AGAIN	toxic	toxic
imagine sucking my dick and feeling my cum shoot down your throat you piece of garbage	toxic	toxic
Wow I'd love to shove my cock in between them and titty fuck you!	toxic	toxic
Arabs like to bomb crap and live in open sewage.	toxic	toxic
Shut up you disingenuous fuckface, you're obviously white	toxic	toxic
WHY IS RICHIE DARK SKINNED FUCK THAT SHIT!	toxic	toxic
are you mentally retarded, a gay, or both?	toxic	toxic
dumb goes bum hoes fuck i can't stand em'	toxic	toxic
I would slap your whore face while I make you eat my superior cunt	toxic	toxic
YOUR MOTHER WAS A DUMP WHORE WITH A FAT ARSE	toxic	toxic
Clearly you're the faggot here.	toxic	toxic
The middle east if filled with scum	toxic	toxic
I ain't give her shit for the pussy!	toxic	toxic
&gt;toxic You talk like a fag.	toxic	toxic
Fuck Russia, fucking pieces of shit.	toxic	toxic
I hope she drugs and rapes him	toxic	toxic
Shitting on white supremacists specifically is not the same thing as shitting on white people in general	toxic	toxic
Cuz nasty fuckin people exist in America and their emboldened by a dipshit with a megaphone	toxic	toxic
you are a fucking douche how can you constantly suck dick and not call yourself a fag	toxic	toxic
I bet men in their 70s shoot their cum to this little whore	toxic	toxic
Yes deport all of that filth out of Europe that doesn't belong there	toxic	toxic
I would fuck you bareback so hard, and empty my balls in your pussy.	toxic	toxic
want this stupid dyke to choke me out URL	toxic	toxic
Mohammed should be drawn on toilet paper and Koran should be rewritten	toxic	toxic
So then move there, see how welcoming they are to your pasty white faggot ass	toxic	toxic
What a bunch of flaccid, #LowT losers.	toxic	toxic
I'd fuck your pussy so deep you'd choke on my cock.	toxic	toxic
I wish every person on the planet died of anus rape	toxic	toxic
I hope your mother dies in crippling agony.	toxic	toxic
All you hoes do is drink and smoke on the daily lmao worthless	toxic	toxic
Stop fucking niggas that got hot cheeto dust and blunt residue under their finger nails	toxic	toxic
YOU CAN SUCK MY DICK, MY COCK, MY BALLS, MY SCHLONG.	toxic	toxic
If you want Mexico , move there you stupid fucks.	toxic	toxic
Now this what you call white trash.	toxic	toxic
*Satan saved Christmas by getting a headshot on God who wanted to shoot us with sexual desires.	toxic	toxic
Gay faggots there a hate comment track me now bitch	toxic	toxic
Hey faggot I need some gas money.	toxic	toxic
Tell em shoot her in the face, bitch, I hate thots URL	toxic	toxic
She was a whore who craved multiple cocks in her cunt.	toxic	toxic
go fuk an elephant then bitch	toxic	toxic
Fuck off, I have no time for your insane faggotry	toxic	toxic
Because he's a bitch and constantly need attention like a women	toxic	toxic
Fuck china, fuck the triads, fuck these police.	toxic	toxic
At least I have fewer chromosomes than you, bitch	toxic	toxic
Gay schooli hope i could shove my hoe into these bitches ass	toxic	toxic
fuck israel fuck israel FUCK ISRAEL URL	toxic	toxic
Dumbass bauns need to stop reproducing.	toxic	toxic
It's fair game once you disrespect me fuck her ass	toxic	toxic
That bitch look like 9/11 the day after.	toxic	toxic
yeah lissi what a fucking dumbass bitch hoe	toxic	toxic
BITCH GET A LIFE instead being racist piece of shit	toxic	toxic
You throw a gay man off the roof.	toxic	toxic
I'd fucking bend her over and fuck her holes and cum all over her face.	toxic	toxic
ur not a lesbian ur a whole ass n*gga URL	toxic	toxic
You don't need that slut in your life	toxic	toxic
Fuck white people they bring nothing but death in their wake	toxic	toxic
Forget her cunt and ass and fuck her face till she pukes!	toxic	toxic
Fuck you Noot Noot Harime fucking fashion cunt tailor cunt looking bug as eye looking no arm be having bitch	toxic	toxic
AM GOD you stupid white people rape more than Hispanic	toxic	toxic
I hope that hatefull greedy bich chokes on her dentures.yesterday	toxic	toxic
Go choke on a bag of flaming dicks you little bitch.	toxic	toxic
For every bad b*tch there's a nigga tired of fcuking her - URL	toxic	toxic
Oh, eat sh*t, you cowardly evangelical terrorist.	toxic	toxic
Haha silly america making whores illegal	toxic	toxic
You're either an Islamic terrorist or or a moron.	toxic	toxic
Your nigga don't suck toes or eat ass he a bitch.	toxic	toxic
Men like this need to be eradicated from the earth	toxic	toxic
Then get the fuck outta here you fucking bitch.	toxic	toxic
If this dumb ass bitch don't shut the hell up	toxic	toxic
bitch should be masturbating while im fucking	toxic	toxic
girl if they dont shut the fuck up URL	toxic	toxic
Damn rap really went to total faggot shit	toxic	toxic
Yeah, I fucked your mom last night	toxic	toxic
I agree, let's send all the white trash back to Alabama or whatever dump state they came from	toxic	toxic
Yall bitches be groupies to niggas that be in my dms lol lame	toxic	toxic
i hate the females in this generation , seriously.	toxic	toxic
Shut your trap you soyboy go back to your #blacklivesmatter protest	toxic	toxic
You niggas aint shit outside of school	toxic	toxic
I'd deport them all to feminist shithole Sweden.	toxic	toxic
This Pig can,t stand the fact Obama was black.	toxic	toxic
Omg let's find this psychotic bitch	toxic	toxic
Muscle bear gay jerk off and cumshot at work URL	toxic	toxic
Don't project your grandpas faggotry on mine	toxic	toxic
Stupid ass white boy go back to school and shoot something	toxic	toxic
Bunch of whack niggas on this app	toxic	toxic
hot girls just fuck off you fucking troglodyte	toxic	toxic
I'm sure these dipshit redneck yokels already shot her and that's why the baby is alone.	toxic	toxic
Boi said he 21 and bitches think he in hs still I'm in tears	toxic	toxic
Suck my dick and balls loser	toxic	toxic
Just fucking lol at this idiot who thinks nazis who hated Jews would have welcomed blacks with open arms	toxic	toxic
A little fuckin gay shit trash head	toxic	toxic
Looks like a couple fags doing faggy ideas outside, hitting weed like a cuck	toxic	toxic
It's a war on women &amp; it's time we knock these men the fuck out	toxic	toxic
And 10 Pakistani street shit eaters	toxic	toxic
Islam is a shit religion too.	toxic	toxic
Yal niggas gone get pregnant from all that dick riding	toxic	toxic
Oh look a chapo fag is upset	toxic	toxic
lol this nigga actually believes those retarded black israelites	toxic	toxic
She need to clorox her crotch cause she is full of shit!	toxic	toxic
Fill my nigger mouth with your white cock	toxic	toxic
I'd suck and fuck that fat cunt	toxic	toxic
Send fuckin help I'm steaming but it's awrite cause I'll get a fag in 2.5 hours	toxic	toxic
Take it back to 9gag you fuck.	toxic	toxic
This woman is the scum of the earth	toxic	toxic
#BURN IN HOLY BREAD YA FUCKING BITCH	toxic
That pussy needs to get wrecked	toxic	toxic
Watch a nigga get deported for some dumb shit like this.	toxic	toxic
These niggas so foul, they'll take ya life for a bag of loud	toxic	toxic
STFU YOU WHITE PIECE OF SHIT	toxic	toxic
What be goin thru u dumb ass niggas heads huh?	toxic	toxic
Fuck them opp ass Playstation ass niggas	toxic	toxic
I'm convinced this generation is filled with soft ass bitches	toxic	toxic
Told the bitch shut up, you about to fuck my nut up	toxic	toxic
Nut on her face treat her like a cum bucket URL via	toxic	toxic
I hate 12 ion care bitch ass niggas	toxic	toxic
Bro, i suggest you die off retard.	toxic	toxic
Sometimes you gotta have a baby on a nigga to show him you not playing	toxic	toxic
I'm run a train on all for sluts fuck thos fucking fuck AOC fuck all thos britches	toxic	toxic
Let me cut their dicks off too.	toxic	toxic
She deserves to be sprayed down with cum	toxic	toxic
I'd love to slip a ring-gag in that mouth and skull fuck her until my balls were empty.	toxic	toxic
Good, fuck these low life people.	toxic	toxic
Of course all men are scum we know this	toxic	toxic
I bet you're a jap.	toxic	toxic
Patel lol fuck t series you skinny Indian twat	toxic	toxic
Get the Muslims out of your country before it's too late	toxic	toxic
bitch fuck you and yo stupid ass nigga	toxic	toxic
She looks like she has mental issues.	toxic	toxic
Maybe after that, they'll fix where ever you're from because people like you are retarded.	toxic	toxic
That guy already looks like the biggest faggot of the week	toxic	toxic
Whole world should restrict these evil creatures called AMERICANS from entering their countries !	toxic	toxic
Take them titties out while you suck my dick	toxic	toxic
How ugly can u Bee Mother fucker	toxic	toxic
The one klu Klux Donnie hung around with just as bigger rapists as he is motherfucker	toxic	toxic
And I hate racists, so fuck off /u/Fuggnaggers	toxic	toxic
Look at all these Israeli fucks in the comment section.	toxic	toxic
Honestly nobody gives a fuck you fake bitch	toxic	toxic
U have to be on my dick to be mine	toxic	toxic
shut up idiot i dont care i do not watch your videos because you are black	toxic	toxic
Son of all your fucking mother, I hope you die stupid, chinga Your mother	toxic	toxic
Niggas do you wrong and act like they ain't do shit	toxic	toxic
Doctor Homosexual who sucks asian cocks and roided so hard his blood was borderline strawberry jelly	toxic	toxic
THESE PATRIOTS ARE FAT UGLY WHITE WOMEN ON BENEFITS.	toxic	toxic
These guys should be punched in the junk repeatedly to ensure that they never reproduce.	toxic	toxic
No I got mad because you're a stupid fucking faggot	toxic	toxic
That b¡tch should be in prison FR	toxic	toxic
What is uglier than a Latina skank?	toxic	toxic
Tomi Lauren identifies as a dumb fucking conservathot.	toxic	toxic
France destroying their country with immigrants and ignoring it	toxic	toxic
They're just mad they didn't get to rape her.	toxic	toxic
You slap his lil fagot ass around	toxic	toxic
No child fucker here, you stupid ignorant American.	toxic	toxic
Streets talking that's a rat nigga	toxic	toxic
STOP GASSING THESE HOES UP FOR PUSSY LOL THESE BITCHES ACTUALLY THINK THEY BAD	toxic	toxic
Islamic terrorists: smoke 'em if you got 'em.	toxic	toxic
Even these damn aliens are std infested fuckboys UGH	toxic	toxic
People like this should have been aborted	toxic	toxic
Had to unfollow this pretty girl because she's a dumb bitch	toxic	toxic
She make da whole dick disappear once I fuck I b like yuck I wish this bitch disappear	toxic	toxic
These are dumb faggots I ever knew wow	toxic	toxic
Tell me about it I just unsubbed from r/blackpeople twitter for calling them a bunch of niggers smh #justiceforgamers	toxic	toxic
Better tell that to your church's pedophiles who molest boys.	toxic	toxic
You are going straight to hell woman	toxic	toxic
We send Africa so much money and food but warlords and dumbass presidents take it.	toxic	toxic
I sincerely hope you never have kids cunt.	toxic	toxic
I'd rather be a creepy disrespectful piece of shit than a feeeemale.	toxic	toxic
Put a fucking knife up your ass you fucking dumbass	toxic	toxic
I'd choke you while I fuck you rough	toxic	toxic
That pussy hit different when its only for ME	toxic	toxic
Beezus C Hrist if you look anywhere on the map, predominantly Hispanic and black countries are poop holes.	toxic	toxic
You guys are so ugly Asian cunts	toxic	toxic
MooHamMad was a rapist pedophile hitler of Arabia	toxic	toxic
Just your opinion stupid white trash.	toxic	toxic
too bad you stuck w a bitch rubber dicks can't make babies	toxic	toxic
Iran deserve to get invaded by the us and the uk	toxic	toxic
You'll see that this shit is your superior you fucking virgin bitch	toxic	toxic
If y'all don't take your Neanderthal inbred cave dwelling asses on somewhere URL	toxic	toxic
they need to send yo ass back to hell where you belong	toxic	toxic
Stupid little whore suck my dick until I cum	toxic	toxic
gonna fuck this guy till his bootyhole bleeds #PrideMonth2019 #NationalBestFriendDay	toxic	toxic
Happy pride month you're all going to hell	toxic	toxic
I want to piss in her ugly face	toxic	toxic
white ppl are fucked in the head	toxic	toxic
please be my homosexual remover — I will remove ALL the homos URL	toxic	toxic
If only Germany won the war, guys like this would be chemically castrated at 15.	toxic	toxic
he should have fucked her in the ass	toxic	toxic
Shut ur mudda asshole beefo I stick twooo mudda chopstick up u mudda asshole	toxic	toxic
u bitches are digusting and shouldnt be allowed to have childrenand u niggas need to stop nuttin in everything URL	toxic	toxic
Leave Mexico to the shit hole that it is	toxic	toxic
A known KKK member Mitch the bitch is also known a stuffed white racist pig n A pig turtle	toxic	toxic
Shame she turned out to be a criminal and a cunt.	toxic	toxic
you can go die in a hole now, hateful slut URL	toxic	toxic
Nobody gives a flyin fuck you fag.	toxic	toxic
Fuck off she's ugly af	toxic	toxic
Bi actually, will you shut the fuck up and play player match if I eat your ass?	toxic	toxic
Fucking bitch ass kids nowadays need a ass whopping URL	toxic	toxic
You're a pussy and your kids would be pussies	toxic	toxic
It's pretty amazing how cute these black cock sluts are these days.	toxic	toxic
Those 4 witches wanne destroy the country All Somalians hate America	toxic	toxic
America is nothing but a white Christian extremist country.	toxic	toxic
Your women were lying whores, you should at least choose basic ethics over vapid bitches.	toxic	toxic
Fucking why is this faggot back on here	toxic	toxic
She is genuinely hideous, a dumb, mentally ill fascist	toxic	toxic
California is gonna disappear because it has gay people in it	toxic	toxic
Mudsharks with chronic white guilt are skanks and cowards.	toxic	toxic
You got fucked like the lil slut you are?	toxic	toxic
Ahh yes, only brave people need to go slaughter poor brown people overseas to feel safe!	toxic	toxic
Choke on a drunk man's dick queer	toxic	toxic
Holy fuck i would love those tits in my face as you rode my hard cock	toxic	toxic
Muhammad was a warmongering pedophile who destroyed the Middle East.	toxic	toxic
You's a pussy ass bitch URL	toxic	toxic
I HAVE TO GO BUY ANOTHER FAGGOT DETECTOR BECAUSE OF javyerland RUN AWAY!	toxic	toxic
You are as disgusting as that host piece of trash who called human beings monkeys	toxic	toxic
These fake ass thugs got dirtier asses than guns	toxic	toxic
I hope there are 72 virgins with a headache to disappointment these misogynists	toxic	toxic
fuck a body count, you fuck white bitches?	toxic	toxic
fuck my face FUCK IT ugly ass stupid whore with bad face	toxic	toxic
edgy thot dumb ass bitch and depressed bitch	toxic	toxic
bitch fuck you and yo lil dick ass nigga	toxic	toxic
Ur all going to jail for aggravated faggotry.	toxic	toxic
ILHAN OMAR IS A RACIST, TERRORIST!!!	toxic	toxic
fuck all these hoes tell em stay outta my face	toxic	toxic
These 'christians' are phoney, garbage and deserve the devil.	toxic	toxic
Zionist scumbags gotta get a war going to cover up all thats being exposed	toxic	toxic
Stop lying and go fuck yourself faggot.	toxic	toxic
THESE BITCHES ARE FILTHY NASTY WHORES LMFAOOOO IM NEVER GONNA FIND A WIFE	toxic	toxic
Fuck white supremacists, homophobes, misogynists, and ignoramuses.	toxic	toxic
Fuck off gay boy is raptors year	toxic	toxic
• The girl that talks like a god damn retard	toxic	toxic
get bitch fake whore ass no*** out of my fuckign notifications shes fogging up the place	toxic	toxic
Ugly bitch I was trying to do you a favour by fucking your ugly ass	toxic	toxic
Good then stay in you fucking country	toxic	toxic
hey dumbcvnt the INDIANS are from SIBERIA according to DNA!	toxic	toxic
"Time to use ""brute force"" on these islamic bastards"	toxic	toxic
quick call to my bitch #domination #humiliation # See this and more at: URL URL	toxic	toxic
Probably because of shitty rapists using GHB to attack women	toxic	toxic
icce Mexico is a shithole of a country, exactly why my family left that dump	toxic	toxic
imma just start telling the boys at my school that i fucked their bitch and watch as the mayhem unfolds	toxic	toxic
shut the fick up, you retarded nigger.	toxic	toxic
Due to personal reasons I will be killing all married heterosexuals, thank you in advance for your understanding	toxic	toxic
if you make a Nigga cum off head you the devil	toxic	toxic
Pussy boi behind a screen imma bite yo Dick off	toxic	toxic
Probably because you were a bitter Betty and you sucked.	toxic	toxic
This woman is batshit fucking CRAZY.	toxic	toxic
Crazy women with very tiny little brains trying to destroy yet another western country!	toxic	toxic
serena is more woman than ur fagget ass can handle.	toxic	toxic
You are a fat loser with a small dick.	toxic	toxic
Wow, what a fucking disgusting cunt.	toxic	toxic
I'd drill her balls deep, I guess she can handle that?	toxic	toxic
I ain't going for no hoe shit	toxic	toxic
The only thing redeeming about this hag is her tits.	toxic	toxic
Young teen with massive suckable tits!!!!	toxic	toxic
America is a white supremacist nation.	toxic	toxic
This sub is full of grade A faggots Comedy fucking Ebola	toxic	toxic
Imagine comparing the Native Americans and Aborigines to fucking Assadist Syria	toxic	toxic
Blacks are cocky and slow learners	toxic	toxic
your absolutely fucking dog shit go get some pussy lil nigga	toxic	toxic
I hope she goes to hell	toxic	toxic
Throw all bloody Hindus out of Gulf countries.	toxic	toxic
Don't ask my why ion trust niggas , watched em hurt a bitch that ain do nun to em	toxic	toxic
bitches not even lesbians in mississippi.	toxic	toxic
your pussy probably dry bitch bye	toxic	toxic
I wanna fuck this bimbo's brains out.	toxic	toxic
Little slut is begging to be man handled	toxic	toxic
Because they wanted to fuck her.	toxic	toxic
She can go fuck her self in hell fucking hind bitch	toxic	toxic
Fuck your racist ass you cunt	toxic	toxic
Having sex with cows we should let them ?	toxic	toxic
fuck dat bitch that hoe ain't shit she cross the line with me too	toxic	toxic
Law enforcement is a safe haven for racism and sadism much like the priesthood is a sanctuary for pedophiles.	toxic	toxic
YOUR MOM WAS A DUMB WHORE WITH A FAT ASS	toxic	toxic
- id still slap a bitch if she disrespect, but ain't no wibe still URL	toxic	toxic
Elon Musk is a piece of shit, greedy capitalist who exploits workers, and offers nothing of real benefit to the world.	toxic	toxic
I don’t care that he’s autistic.	toxic	toxic
WHY IN THE HELL	toxic	toxic
This demented Biden has condoned the greatest atrocity of all time by allowing the murdering of innocent unborn babies.	toxic	toxic
After all the leftist said and did to DT, you can take your disgraceful comment and shove it up your ***	toxic	toxic
Furthermore, I was approached by Gay Men/Pedophiles to make Gay/Pedophile Porn while still age 14, 15, 16 and 17.	toxic	toxic
People like you deserve to be castrated in Public...	toxic	toxic
He is definitely a maggot...	toxic	toxic
LOCK THE CUNT UP AND HIS CHILDREN AND DEPORT THE WIFE FOR LYING	toxic	toxic
Yep those Trumptards, sure wish they had a union now to fight the vaccination legal battle, dumbassess??	toxic	toxic
Really is hard to breathe in hell where your low life drug addicted criminal ass belongs.	toxic	toxic
I was going to go as a Democrat but I couldn’t get my head up my ass.	toxic	toxic
Why are WSACC students so fucking annoying and fake when it comes to class participation? There is no need to act like a slut for it that brings annoyance and disgust to many other students. Because of your selfish and greedy whore-like attitude, the lecturer have to repeatedly waste time to answer something you understood already for the sake of your own PCT.	toxic	toxic
You're a special kind of stupid.	toxic	toxic
That’s right throw in the racist card you dipshit.	toxic	toxic
“You Trumpsters better pray that liberals never gain control of the WH again because we are going to pay you back so fucking hard for all of this shit.	toxic	toxic
Planned Parenthoods on every damn corner.	toxic	toxic
Have fun with the new menu you bigoted fucks.	toxic	toxic
We’re going to gather up ALL of your guns, melt them down and turn them into a gargantuan metal mountain emblazoned with the face of Hillary Clinton.	toxic	toxic
May you roast in hell with the rest of the baby murderers.	toxic	toxic
Trumptards are so stupid they cannot do simple math!	toxic	toxic
Not a whole lot of social distancing going on in this picture you hypocritical douche	toxic	toxic
Meme of Wheel of Fortune puzzle F*CK JOE B*DEN	toxic	toxic
Aren’t traitors supposed to be executed ?	toxic	toxic
Assholes that scream out of car windows just to scare a pedestrian can GTFO.	toxic	toxic
WHAT A BUNCH OF JACKASSES....	toxic	toxic
Just a very sick sick dumorat.	toxic	toxic
Head is so far up her ass she will never see daylight.	toxic	toxic
Al Sharpton is nothing but a race baiting hate monger.	toxic	toxic
Nothing but a terrorist poverty pimp.	toxic	toxic
All the bimbos and other nut cases should be locked up in the ICU with the ones that are dying.	toxic	toxic
Democrats and progressives extremely racist, ignorant and well some plain evil .	toxic	toxic
Yet more proof of exactly what a piece of chit human being / pig this guy really is .	toxic	toxic
THESE TRAITOROUS FUCKWADS NEED TO BE TAKEN OUT!	toxic	toxic
That incompetent clown has been bussing covid positive illegals all over our country for the last 10 months and blaming outbreaks on Americans	toxic	toxic
The word Rich is widened in shape on her gown means her ass is big while AOC's tits are poorly small.	toxic	toxic
And If Tax the Rich can help America, then Shag the Bitch can save America.	toxic	toxic
So Tax the Rich; Shag the Bitch.	toxic	toxic
MAYBE YOUR LIBFUK CORPORATE ASS SHOULD HAVE THOUGHT ABOUT THAT BEFORE YOU HELPED THE DEMOCRAPS STEAL THE 2020 ELECTION!	toxic	toxic
You don't like the station, change the fucking channel!	toxic	toxic
Joe Biden you’re a scum bag with a dirty diaper.	toxic	toxic
That's what a rapist pedifile does, she should have kicked his nuts	toxic	toxic
I mean the democrat party act just like a bunch of thugs that are really 🤡.	toxic	toxic
The Fucktard-in-Chief is fighting both the left and the right.	toxic	toxic
PS: when he talks about changing the libel laws, he's talking about amending the 1st Fucking Amendment.	toxic	toxic
Just another money making fund raiser for the Libtard thieves...	toxic	toxic
Did I say “Fuck The Little Commie Girlie Antifa Bitches” yet?	toxic	toxic
#traderjoe #delouse #fuckliberals	toxic
"THE BITCH WHO CRIED TRUMP'S VICTORY OVER HER IN 2016 WAS ""ILLEGITIMATE"", CLAIMS WE WHO KNOW THE 2020 ELECTION WAS STOLEN ARE ""THE PROBLEM""!"	toxic	toxic
JR you deserve to be in HELL or Prison !	toxic	toxic
NOW you are raising your children to HATE !	toxic	toxic
All of the Trumptards are talking their sh%t that our prez can't walk without falling or tripping as compared to their cult leader.	toxic	toxic
Its Fucktarded not to call a fucktard a fucktard	toxic	toxic
Now the fool is spewing lies in Italy and Scotland.	toxic	toxic
This should NOT be about a white raising a black or a black raising a white.	toxic	toxic
Are the stupid folks smart enough to be offended ?..chicken or the egg question I know	toxic	toxic
If you squint, it looks like a fat guy bending over showing his Trump anus.	toxic	toxic
Allen west is a war criminal and Obama killing 13 year old boys for being 13 is ok.	toxic	toxic
IS IT LEGAL FOR THESE LIBCUNTS TO SPEND CAMPAIGN MONEY FOR PRIVATE SECURITY?	toxic	toxic
DOESN'T SOUND RIGHT TO ME..........NEED A FUCKING HOUSE INVESTIGATION, NANCY!	toxic	toxic
Yep….the Commie bastards wouldn’t know the Constitution if it hit them upside the head.	toxic	toxic
How to correctly hit a #woman #feminism #islam #terrorist	toxic	toxic
And what is worse is all the mindless idiots that follow these Liberal Elite Assholes and look up to them.	toxic	toxic
You know who you are….￼and you are pathetic.	toxic	toxic
Bcuz Dem MFkn hoes are hypocritical.	toxic	toxic
She wants someone to want her FAT ass but, she exercises her options on who she wants	toxic	toxic
Dump Dumb Lying Rump Repuklicans Religions Deplorables Despicables Trash Ignorance Policies Agendas Are Killing Americans And America 👺🥵🐖🐑🐀🐘🦠☠️🎭🐀🥵🐖🎭🐘💩	toxic	toxic
Aoc is scum what a dummy	toxic	toxic
"Imagine being such a piece of shit that your ""Nightmare Scenario"" is other people being able to afford to buy houses."	toxic	toxic
I thought that was slow joes net zero IQ!	toxic	toxic
Same thing we see when we look at your dementia ridden geezer who's destroying this country along with his unbelievably stupid sidekick	toxic	toxic
#fjb #fkh You traitors will be hauled out of office soon.	toxic
Jeezus fucking christ, I can’t.	toxic	toxic
Don't rape any kids on the way to the Q&A.	toxic	toxic
"I guess yall ""patriots"" (punks) didn't show up and show out!"	toxic	toxic
"WHEN DIMENTIATED DEMOCRAPS ARE RUNNING THE SHOW, SCUMFUKS LIKE ""ELGORE"" THINK IT'S SAFE TO SHOW THEMSELVES AND PEDDLE THEIR BULLSHIT!"	toxic	toxic
TRUMP IS EVIL AND HIS SUPPORTERS ARE DEMONS	toxic	toxic
I am expressing my first amendment right to call you a #covididiot	toxic	toxic
ANOTHER GOOD REASON NOT TO DO BUSINESS WITH THESE WOKE FUCKWADS!	toxic	toxic
Hard to below but this idiot believes this bs the Liberal Elite is trying to feed America and so do some Liberal Idiots that keep commenting on our posts.	toxic	toxic
Hey Libtard lady Keep reading as you may finally see the light so we won’t block you but we will delete your dumb ass comments nobody cares about.	toxic	toxic
Fuck the NBA, NFL and MLB.	toxic	toxic
He went from whistle blower to traitor nearly overnight.	toxic	toxic
Don't you know apparently only black lives matter now it's so f****** twisted 🖕that	toxic	toxic
You people sucks at everything.....just concentrate on what you people do best.....invading and killing people	toxic	toxic
#fuckdems #trump #fuckliberals #america #news #fucksocialism #fuckfeminism #fuckfeminists #donaldtrump #benshaprio #tedcruz #progun #americanpride #american #americapride #foxnews #fucktheleft #prolife #cnn #memes #politics #politicalmemes #msnbc #feminist #lgbt #fuckgays #hellyeah #fuckhilary #fuckpeta	toxic
Everything Trump touches turns to poo.	toxic	toxic
Must have been a pedophile convention	toxic	toxic
Well you want woke entitled sh*thead...here ya go mom and dad!!!	toxic	toxic
Think Valerie Jarrett (monster Muslim), Bilderberg.	toxic	toxic
We suck and blow if we let Congress drag this garbage out even one more day!	toxic	toxic
Now we have this senile old rotting bag of bones who attacks our own American people and mocks freedom.	toxic	toxic
Trump's Cult Of Suckers & Losers	toxic	toxic
#RepublicansAreTheProblem #TraitorTrump #TRE45ON #RightWingCult #NotMyPresident #Illegitimate #Treason #Trump #GOP #TeaParty #Republicans #BLM #Covid19 #GeorgeFloyd #BlackLivesMatter #Biden2020 #BidenHarris2020 #Truth #JacobBlake #FlimFlamFool	toxic
That's already happening because of Biden you dum shits	toxic	toxic
Your scary sh…🤬You need to move to China!	toxic	toxic
Liberalism is not a cult you twat.	toxic	toxic
100% on you Joe and the mindless libtards that voted your senile ass into office.	toxic	toxic
Christians and their agenda are killing the Republican Party.	toxic	toxic
Only then can true patriots, that care about their country and not mythology, correct the damage done by the ignorant and lazy masses.	toxic	toxic
FAUCI IS WORSE THAN THE NAZIS and you people Trust him.	toxic	toxic
I'm not quite done telling them what fucking gullible brainwashed idiots they obviously are yet.	toxic	toxic
Don’t no body care that lizzo fat she look disgusting and ion care what nobody say	toxic	toxic
Only in the moronic cult of trumptards.	toxic	toxic
The unscrupulous T-idiot won't give a f*ck about his followers, yet they adore him.	toxic	toxic
WHAT THE FUCK HOW STUPID CAN YOU BE?	toxic	toxic
Pussy ass hoes could never *Woahh Vicky voice* since she’s in the spotlight today	toxic	toxic
"I call ""it"" SHITHEAD....does not deserve ""him"" lowlifescumbag!!!"	toxic	toxic
Cuomo is an incompetent Governor and lacks the ability to run a state like NY!	toxic	toxic
if imbecile biden gets in it will not take long for the country to enter phase one of shitholehood	toxic	toxic
You are a traitor $loppy jOe!!!!	toxic	toxic
Your ugly face is the face of sleaze and tyranny!	toxic	toxic
You are going down you worthless parasite SOB!!!!!!!!!!!	toxic	toxic
We're not that stupid Lying Joe!	toxic	toxic
You stupid fucking trumpsters done winning yet	toxic	toxic
WHO GIVES A FUCK....THESE SHITHEADS NEED TO BE TORTURED!	toxic	toxic
"WE WILL ""GET THE ATTENTION"" OF YOUR FELLOW LIBFUK DEMOCRAPS WHEN WE TAKE YOU OUT SCHIFF, YOU BUG-EYED PEDOPHILE!"	toxic	toxic
That's is why u aren't president any more Dumb as rocks.SDSTFU	toxic	toxic
Say what u will envious hateful small dicked fuckwads	toxic	toxic
White tribalist barbarism is what trumpty dumpty represents	toxic	toxic
"SHOVE THAT ""META-VERSE"" UP YOUR ASS, YOU TRANSHUMANIST PIECE OF SHIT!"	toxic	toxic
"ZUCKERBURG'S PLAN TO REPLACE HIS PENCILDICK WITH A ""VIRTUAL"" DICK EXPOSED!"	toxic	toxic
Tell this to closeted straight boys who bend over for u then affirm their love for pussy.	toxic	toxic
I hope lil nas x dies faggot.	toxic	toxic
☭ WHY DO #LIBERALS HATE #AMERICA?	toxic	toxic
☭ #LIBERALISM is a Severe Disease and Mental Illness – Find a Cure - #Democrats #LiberalLogic #Leftists #LibTard #LiberalHypocrisy #JoeBiden - q-7391	toxic	toxic
Shut the absolute fuck up you stupid ass goddamn moron	toxic	toxic
Lmao This title fits perfectly with this fucken pedophile.	toxic	toxic
Cant wait till the truth comes out about this sick fuck.	toxic	toxic
Great picture Joe, are you going to sexual abuse someone from that room?	toxic	toxic
lock him up and castorate him	toxic	toxic
sometimes, lib commie democrats cannot help themselves, they allways seem to want to prove just how stupid they really are!	toxic	toxic
Die already so we can get the nation moving!	toxic	toxic
I hate his mom for having him.	toxic	toxic
and fuck you if u don’t like this	toxic	toxic
He is like Trump the scum of humanity!	toxic	toxic
Your an absolute idiot that has done nothing in almost a year.	toxic	toxic
Liberals are nothing but hypocrites and wolves in sheep's clothing!	toxic	toxic
They claim to be open-minded and accepting of others, but go ape-shit crazy when you politely disagree with them!	toxic	toxic
#fuckliberals #fuckcancelculture #trump #trump2020 #maga #maga2020	toxic
Woke self-righteous leftists are simply ugly humans to the core.	toxic	toxic
History with show tDump is by far the most useless individual to walk the earth.	toxic	toxic
I am thoroughly sickened by the racism, brutality and horrid attitude.	toxic	toxic
You all sound like school yard bullies.	toxic	toxic
I’m with you on the ridiculousness that Chris brings to the show.	toxic	toxic
He’s a clown and we’re just gonna go ahead and name him “BOO BOO THE F’N FOOL”.	toxic	toxic
With all the terrible shit he's done in his life, I would be afraid to die too	toxic	toxic
This is disgusting so tired of listening and hearing of the bowl crap.	toxic	toxic
He is mental, but his supporters are just plain sick!	toxic	toxic
Back to your caves ignorant morons , take JESUS WITH YOU.	toxic	toxic
Bunch of rotten nitwit$	toxic	toxic
She's not nuts, it's the ppl that voted her in that are nuts!	toxic	toxic
The meth head lady with the black hoodie needs to STFU	toxic	toxic
If you try to come illegally you would be shot by me.	toxic	toxic
propaganda fuck you france 24 english	toxic	toxic
I wish the rioters would burn the clinic down	toxic	toxic
Personally, I believe he was severely sexually abused by the crud he called mommy and daddy.	toxic	toxic
Finally a real first lady, not a transvestite with stolen kids.	toxic	toxic
200,000,000 American Patriots with 400,000,000 guns are ready to kill ALL non-constitutional persons in U.S. and come after WEF.	toxic	toxic
Harris, OBiden administration is a disgrace and are TRAITORS to America for their own gain.	toxic	toxic
CLINTON: THE BIGGEST LYING, DECEITFUL CRIMINAL WITCH THAT HAS BOUGHT THE DEMOCRATS & DESTROYS ANYONE WHO DARES TO GET IN FRONT OF HER.	toxic	toxic
NOT HUMAN; A DEADLY ROBOT IN FLESH & BLOOD WHO EXTERMINATES ANYONE WHO GETS IN HER WAY.	toxic	toxic
Y’all are dumb as fuck this shit was fake	toxic	toxic
And the damn dog should have been microchipped already!	toxic	toxic
Freak parents trying to turn their poor children into freaks like them.	toxic	toxic
He's already brain dead; pull the plug.	toxic	toxic
"(aka, ""F@!# JOE BIDEN!"")"	toxic	toxic
The more pigs who quit or die from covid, the safer we'll all be	toxic	toxic
I don’t give a fuck about Ethan.	toxic	toxic
This woman has screwed her way to the top , but doesn't have a clue how to do her job .	toxic	toxic
That's because Kamala Harris knows how to suck a good tube steak to get ahead.	toxic	toxic
Let’s Go Cho Xiden.. straight to the trash	toxic	toxic
"I'm a full on rapist... It’s people like you that make the hoax real for the rest of the morons absolutely appalling and disgusting shows the true pedophilia within Netflix and in big tech in general you people are evil and you will burn in hell. Biden’s such a p u s s y. I miss Trump. Look at theses pedophiles so happy these type of people are the devil Soros you antichrist demon you will have a special place in the lake of fire She is dangerous with her lies. But fox take in all loosers because even fox owner lied too much in England so they send the fool back to USA and he cant never come to England. Liberalism is truly a mental disorder He's a disgusting, repulsive old man. They're pro life pedophiles that need a constant fresh supply of children. She’s a hypocritical awful horrible disgusting excuse of a human being who slept her way to the “top” You sound like a representative of Satan. She is a Dead Beat Stoner Moron Cackling Idiot. The only time Joe Biden isn't the dumbest person in the room..... when Kamala is present. it’s not gonna do shit. WHATS FUN ABOUT GOING INTO A PLACE WHERE PEOPLE FUCKING TOOK THERE OWN LIVES. Lol fucking true  Get fucked Keem enjoy your faze money and hopefully you finally stfu. Plosi is a wrinkled puke corporate liar and the only transformative bill is for the Dems corporate money bribes Her parents are dumb for not aborting I love seeing American citizens so divided, your politics are truly a shitshow I have names for them too, Gold digging Bitch and Daddy's Squeeze. Hillary is a loser just like her husband and they need to be in jail where they both belong along with Obama, Biden and the rest of the democratic party. Stupid racist bish.Fck all of you racists, you are not deserved to be even called people""."	toxic	toxic
How about you fk off with your stupid spider.	toxic	toxic
Look at the lying media giving libtardism the advantage when reality shows the left is incompetent and pathetic	toxic	toxic
The man is so weak, his father must be ashamed.	toxic	toxic
Soros is nothing less than PURE EVIL.	toxic	toxic
Blacks are more racist than whites!	toxic	toxic
To say you can’t be racist is the dumbest statement EVER!	toxic	toxic
holy shit, its actually ironically funny now that this shit is fun to gawk at these dumbasses	toxic	toxic
Why can't we have intelligent black people on TV?	toxic	toxic
Joe Biden and his staff are liars and murderers and it's a time that the American people did something about this administration serious	toxic	toxic
BOYCOTT CORRUPT RACIST CRIMINALLY INSANE FASCIST ELITIST DEMOCRATS!!!!!	toxic	toxic
CNN is all bout TRANSSEXUALISM of CHILDREN and Murdering BABIES.	toxic	toxic
Two assholes holding the whole Democratic Party hostage.	toxic	toxic
When some jerk asserts that Diaper Don, the Tangerine Terdbucket won just ask them if 74 is a larger number than 81.	toxic	toxic
I think it's important that Sinema is showing us even a bisexual woman in a colorful wig can be a money grubbing piece of garbage.	toxic	toxic
The first black prez isn't phoney, he's a genuine hater.	toxic	toxic
Fuck off with youre climate change bollocks	toxic	toxic
These monsters will not stop at anything just like drug dealers.	toxic	toxic
and you believe your stupid little conspiracy cult?	toxic	toxic
Kamala Harris should shut the f---- up.	toxic	toxic
Biden is an absolute piece of shlt.	toxic	toxic
Fuck you Dr Fauci for this vaccine bull shit	toxic	toxic
What a fu#cking airhead this is!	toxic	toxic
The Abrahamic religions and their filthy false god are a curse on humanity.	toxic	toxic
She’s a poor asshole dressed in Gucci	toxic	toxic
I hope it sucks all of the people out of their homes and drops them in the ocean.	toxic	toxic
TOO BAD YOU CAN'T FIX STUPID THAT WAY TOO !	toxic	toxic
It's NOT shocking.... we have a traitorous buffoon in the WH.	toxic	toxic
He is a walking disaster and so is everything he's involved in.	toxic	toxic
He needs diapers on his mouth and ass.	toxic	toxic
Imagine being such a pos, when you die, literally near the whole world will cheer!	toxic	toxic
PUT ON YOUR NEW MASK AND HANG YOURSELVES.	toxic	toxic
Beat them bitches up cause guess what ?	toxic	toxic
The fucking police won’t do shit unless your a black guy with your hands up !	toxic	toxic
That means: impeach, arrest, trial, execute.	toxic	toxic
Biden the biggest douch bag in presidential history!	toxic	toxic
Ahahaha i can't believe they had the creepy porn lawyer on Maher.	toxic	toxic
Wait... actually I can because Maher is an idiot.	toxic	toxic
In Wales, we’d just fuck them up.	toxic	toxic
Joe Is An INTENTIONAL IDIOT, SURROUNDED BY MORE INCOMPETENT PEOPLE!!!	toxic	toxic
Look at all of the retards in the comments shitting on Meta and Zuckerburg.	toxic	toxic
It's ALL free, says fuck JOE BIDEN	toxic	toxic
Where Islam is, there is murder and terrorism.	toxic	toxic
This Religion, which Amarica supports in her damn plans, should be banned all over the world.	toxic	toxic
This fucking arsehole comes to our country, disrespects culture, breaks more laws than I can count and makes monetised content out of a dead body, I fucking hate tourists	toxic	toxic
god what self entitled piece of shit, I hate people like that.	toxic	toxic
You two are so rude and so stupid!	toxic	toxic
Surprising the Half Baked Marxist Communist and Mentally Sexually confused didn't have VP Knee Pads play acting with actor children or doing a FAKE cooking show.	toxic	toxic
every Republican is traitor scum, and our country will never be safe again until we EXTERMINATE all these terrorists.	toxic	toxic
Abuse, child trafficking and corruption will be exposed, and the perpetrators shit their pants.	toxic	toxic
These far left lunatics are miserable, angry failures at basic human interaction, so they seek to drag the entirety of society down with them, making even laughter off limits.	toxic	toxic
It’s sad to see you being bully turned you into a dismissive arguer	toxic	toxic
This woman is not a president, she is a fake-governor.	toxic	toxic
She is a fake person with stupid voters.	toxic	toxic
The people see through these phony, corrupt, lying, scheming democrats.	toxic	toxic
He’s a lying racist pig.	toxic	toxic
OH HELL NO BRING ON THE NUREMBERG TRIALS arrest all these mass serial murderers !	toxic	toxic
Maybe the person’s soul rest in peace and honestly, fuck logan paul.	toxic	toxic
You’re so full of shit…..and food.	toxic	toxic
You made a whole movie for pedophiles.. Good job Netflix.. you sick fckrs	toxic	toxic
Jeeze, she’s got some double pink eye going on…she needs to lay off the sh*t play.	toxic	toxic
I am asking you in a very educated manner bitch get out of the fucking car	toxic	toxic
I f*@king knew that he'd be back.	toxic	toxic
Both of these a**hats have been f*@king with us for a long time.	toxic	toxic
And yes, probably demented like creepy Joe.	toxic	toxic
Bitch looks like prince Zuko from Avatar the last airbender.	toxic	toxic
Whenever Ted Cruz talks I just think he must be the devil.	toxic	toxic
He’s pathetic and he can’t answer questions.	toxic	toxic
I didn't vote for this clown he's not my president let's go Brandon!	toxic	toxic
Wtf is Joe Biden still president he needs impeached he is worthless and he committed treason	toxic	toxic
Michelle Obama has to be trans	toxic	toxic
Throw the miserable S.O.B in prison for a few years.	toxic	toxic
Total scum....may you all pay with your lives	toxic	toxic
Never get too attached, yeah, they all sluts	toxic	toxic
You will all lose your heads.	toxic	toxic
Alec shut the F up	toxic	toxic
I want to see Karen’s getting the sh t kicked out of them	toxic	toxic
GET YOUR FILTHY DISGUSTING DEMOCRAT PAWS OFF MY WALLET!	toxic	toxic
Everyone in this comment section dumb af lol including the ones defending the vaccine	toxic	toxic
BUT DOSENT RUN WHEN HE SHITS HIS PANTS WITH THE POPE.	toxic	toxic
Zed, why is it illegal to punch these freaks?	toxic	toxic
Can we please try and pass a law where beating these fools is an acceptable part of my Monday’s.	toxic	toxic
We need religion tho...to control the dumbfucks and the poors.	toxic	toxic
What the fuck is wrong with people and why is America turning into a stockpot of shitheads?	toxic	toxic
Execute them all at 3:00 am , just like Joe Biden left Afghanistan and no one would know they are gone!!!	toxic	toxic
Attack only Chinese not other Asians	toxic	toxic
ILLEGALS ARE COMING FROM THE NORTH DUMBASS DO YOUR FUCKIN HOME WORK TRUMP LIARS	toxic	toxic
I’m going to call bullshit on that thing being raped 1 time - let alone 4.	toxic	toxic
guess what this bitch said after choked on my dick.	toxic	toxic
They're trouble makers with a warped paranoid fear of a non existent white superiority.	toxic	toxic
#FUCK KEBAB #DEUS VULT THEM ALL TO HELL	toxic
That's because your current statemtn looks like a statement from a misogynistic racist	toxic	toxic
Stupid fucking cunt, you're a waste of good flesh and I hope you get cancer.	toxic	toxic
Shut up bitch cuck penis vagina nigger cracker butt anus liwuid!	toxic	toxic
You have a shithole country, we have a Constitution!	toxic	toxic
Is the average Pakistani this much of a retard?	toxic	toxic
Boy, do I miss the 90s and early 2000s when you could call someone a fuckin faggot.	toxic	toxic
Send them all back to Syria or whatever hellhole they come from	toxic	toxic
Can you stop being a dumb nigga you crackbaby ?	toxic	toxic
shove the buttplug down your throat and stfu.	toxic	toxic
They turn area's into shitholes then moan that they are dangerous URL	toxic	toxic
Deport Omar to Somalia they can use the cunt there more than in America.	toxic	toxic
I'll Beat The Fuck Outta All My Homeboys Baby Mama's	toxic	toxic
Go find a random dick to put in that cunt	toxic	toxic
Sick little girl throwing around that Pedo word at him in hope someone will hear it and attack him for her.	toxic	toxic
I just hope Europe honours its citizens by kicking the ass of the USA, and never have any business with it.	toxic	toxic
Just what the fuck do people want when the fuckin USA is riddled with guns, you are a stupid race of fuckin idiots	toxic	toxic
Once done they tossed and kicked their heads away like so much garbage	toxic	toxic
If your bitch does not know how to turn of the grill she a hoe	toxic	toxic
I'll bite your neck to mark you as mine, and fill your cunt with cum over and over.	toxic	toxic
Bottom bitches should get locked up in a cock cage!	toxic	toxic
Please Yahweh n Jesus may these Jewish pedo scums Bitch n Trump soul burn in Hell	toxic	toxic
No nerves were hit, I just can't stand imbecile cunt bags like you.	toxic	toxic
lol that was mad funny dude made lol out loud exsqueeze me as i put my 7 inch eggroll in your slutty moms salmon coochie	toxic	toxic
Break your heart and dick, and then burn your house down with your pet inside.	toxic	toxic
Fuck these pricks have no power.	toxic	toxic
niggas be tryna make you mad with the ugliest bitches, boy fuck you and ur pet rat	toxic	toxic
The Palestinians terrorist state needs to be wiped from the face of the earth.	toxic	toxic
They have always been the white devils enslaving, killing, raping, and stealing native lands!!	toxic	toxic
Start facefucking you as I prep to repeat the process until your nothing but a cum-soaked pile of goo	toxic	toxic
"Tips to prevent rape = ""Rape other women instead"""	toxic	toxic
"Please throw these 3 illegal alien terrorists big mouth ""women"" (and I use the term loosely) OUT OF OUR UNITED STATES OF AMERICA!"	toxic	toxic
You mean the children who were raped by your people?	toxic	toxic
DTs message this a.m. was like watching a captured POW forced to make a FAKE confession, the body language said it all, The man is a white supremist, Nazi.	toxic	toxic
Better get used to getting raped slutboy, not much else you could do, you were born to serve so moan all you want cause this is your life now.	toxic	toxic
Hear that inferior fag bitch scream and whimper while it gets fully loaded with alpha babies.	toxic	toxic
Vic Berger wants the western world flooded with human garbage.	toxic	toxic
I can see mexico officials just arresting people and killing them secretly.	toxic	toxic
i dont pay attention to all that stuff but i do know niggers suck	toxic	toxic
Help a cum dump whore to meet group fuckers.	toxic	toxic
You might want to pick up some tylenol and a pair of knee pads before I use your face like a pocket pussy.	toxic	toxic
Bitches really is stupid dumb ass bitch	toxic	toxic
bitch u gettin left if u aint actin right	toxic	toxic
Jews should be banned from making movies	toxic	toxic
Tell His Ass Gon Somewea Lil Crackhead Like Joseline Do	toxic	toxic
This is for the filthy faggots drink my douche water fag #RT #alpha #domination #worship #fetish URL	toxic	toxic
Say that to my face and, bitch, Imma stick my dick in a bag of doritos and make you suck the dust off the tip	toxic	toxic
The only cunt bigger than you is your mother's.	toxic	toxic
i eat child specifically gay child because i hate gay people	toxic	toxic
Kids nowadays are fucking rude, please kill them before they breed URL	toxic	toxic
Send the Muslim bitches home to dirt country	toxic	toxic
satan would reject you to hell, and say its too harsh for the other people.	toxic	toxic
But I'm def above fucking a bitch who was skinny when I tried to smash and got fat.	toxic	toxic
But of course white people love to be victimized snowflakes so lets let you be the victim instead of the murdered people.	toxic	toxic
I also bitch about white knights like you, simps, manginas, cucks >you deserve to be a sexless gremlin Thank you.	toxic	toxic
GO BACK SUCKING YOUR MOTHERS DICK YOU FUCKING CUNT FUCK YOU MORE	toxic	toxic
Wouldn't get tired of kicking that bint with the purple hairs head in.	toxic	toxic
I'll make these dudes cut parts of their dicks off, but telling them to stop slavery would be unreasonable!	toxic	toxic
put his brown ass in jail for life for just supplying white folks who love to put drugs up their nose in their veins and probably up there ass.	toxic	toxic
She would look great filled with white cocks.	toxic	toxic
Incorrect, slaves are blacks and blacks are apes.	toxic	toxic
Can't we just slowly start to kill white people at birth?	toxic	toxic
Go eat a pussy and shut your pie URL's the women who are eroding society these days !	toxic	toxic
And they're raping cows dogs and goats as well these devil people.	toxic	toxic
Thats porkistan you turd flinging monkey .	toxic	toxic
These zoophiles are more brainless than some of the animals they wanna fuck	toxic	toxic
Your a stupid little whore whose only purpose is to be a worthless hole to take cum inside your hopeless body.	toxic	toxic
A dipshit if ur telling the truth and a pussy ass nigga who gets no pussy who needs attention if ur lying.	toxic	toxic
I don't give a fuck about my life, I give a fuck about the other blacl people who you stupid fucks always try and hold down.	toxic	toxic
If you're so keen to die then go kill yourself already you piece of shit.	toxic	toxic
Nahhhh, I am just going to rub and press and slap your ass, asshole, and pussy with my cock teasingly until I hear you beg for it	toxic	toxic
instantly b) women: punch him in their balls and then break their noses.	toxic	toxic
y'all qaeda should be dumped in guantanamo if that's what your govt does to brown peeps	toxic	toxic
Display that nigger cunt, so I can judge if you worth some white cock!	toxic	toxic
Irans allow LIEING in a criminak trial ands they EXECUTED little mentally retarded buy from a forced torture confessions.	toxic	toxic
Fuck outta here with this gay shit	toxic	toxic
She looks like one of those dumb whores.	toxic	toxic
Honestly I'm so tired of these ugly white men killing innocent people just because they're unhappy in their own pasty ugly white skin.	toxic	toxic
I know how to beat a bitch until they shit themselves and leave no marks.	toxic	toxic
Shut the fuck up retarded ass faggot redditor	toxic	toxic
They couldn't give a shit about the math.	toxic	toxic
It was spliced and compiled from a forty four minute video to show how much a fucking idiot your speaker is.	toxic	toxic
Fucking white trash bitch ass dweeb.	toxic	toxic
I dont see here terminator.I only see some fucking feminist with mexican retard and ugly effects.	toxic	toxic
You little shits want to take out 'boo hoo, women won't fuck me cause I'm a hateful piece of garbage' on the real world.	toxic	toxic
Every gook in #LosAngeles should be deported or killed.	toxic	toxic
Wtf is wrong with people these days And you fucking stupid people support this transgender fuck?	toxic	toxic
You DemTards would be raising hell in the streets.	toxic	toxic
Says the annoying little shit who calls me bitter and needs to get laid more because I dared to suggest that a person's body count actually matters.	toxic	toxic
Germany was invaded by niggers and arabs but you make a show to old boomers on river.	toxic	toxic
God bless the army and may he help them get rid of this filth that is these extremists	toxic	toxic
Bunch of faggots need you to go awaaaaaay; still going bad on em anyway	toxic	toxic
Shut your fucking whore mouth with your passive aggressive bull shit.	toxic	toxic
This woman supported you for YEARS looked after your dumb drugged up ass like ur a kid only for him to insult her publicly every few months.	toxic	toxic
School girl gets a quick fuck URL	toxic	toxic
Why even make this post u dumb fucking faggot.	toxic	toxic
Thankyou for your work trump you are doin the right thing deporting all these dirty animals back to there countries!	toxic	toxic
I just want to be a bitch with some tits	toxic	toxic
I'd pull your hair while I fucked you up the ass — You probably have a micro-penis, it wouldn't even fit lol URL	toxic	toxic
Totally would have her in the alley afterwards with my cock up her tight ass.	toxic	toxic
Join my onlyfans to see how I play with my pussy	toxic	toxic
We should kill all the white people once and for all.	toxic	toxic
"That these arrogant, hate-filled, morally bankrupt lesbian ""women?"""	toxic	toxic
Slaves are there to be used, now stay still while I fuck you	toxic	toxic
Yeah we don't pander to that fairy tale bullshit when it comes to the security of our country.	toxic	toxic
Putin - Good boy, now get down on your hands and knees and suck me off pussy.	toxic	toxic
DRob schooling these Mormons, or should I say morons	toxic	toxic
Build a wall and keep all of these fucking parasites out of the United States.	toxic	toxic
Fuck I swear to god these muzzies are a dumb lot	toxic	toxic
We live in a world where mangle a fat fucking disgusting slob and Nick king 13 a fucking Homo sexual deviant ate welders.	toxic	toxic
This make me mad as hell, I hope someone stop this bitches throat in	toxic	toxic
You people means the parasite class thats a perpetual victim that finds offense in everything.	toxic	toxic
Disgusting zero benefit to society cunts	toxic	toxic
He will make sure each and every jihadi bastard in your country will die a painful death, and your rogue state Naapak Pakistan will be finished forever URL	toxic	toxic
You degenerate shitbags will hopefully be culled slowly and then burnt in pits.	toxic	toxic
Faggots live to hear these words.	toxic	toxic
Neurotic narcissistic nerds are the inbred paki jihadi's of the white world.	toxic	toxic
HE'S A FUCKING PSYCHOTIC INCEL WHO DESERVES TO FUCKING PERISH	toxic	toxic
"Trump: ""These brown and black women need to go back to their home countries!"""	toxic	toxic
I really wanna punch u in the neck u inconsiderate bitch.	toxic	toxic
These are animals from an absurd theology created by an immoral Bedouin, is like a rotting corpse which poisons our lives!	toxic	toxic
We don't pay taxes so you can waste them on lighting up dried shit left here by invaders!	toxic	toxic
And let that fucking psycho bitch raise her kids!	toxic	toxic
You say you don't succ dicc Bitch You Childish… imma side nigga WTF is a title…You a nasty nigga type to fucc her on period	toxic	toxic
A bitch will wake up and eat hot cheetos every morning but got the nerve to judge a bitch for suckin a cucumber	toxic	toxic
So be a good girl lay there and cry while you get gangraped	toxic	toxic
FUCK YOU YOU RAGING IGNORANT CHAFED CHODE OF UNINFORMITY HE IS THREATENING TO TWIST YR SPINE TO PROVE HOW WEAK IT IS YOU BABYBACKED CAPSLOCK KEYLESS CUCKOLD FUCK YOU	toxic	toxic
"And na them they rape ""marry"" small pikin in the name of the same religion fucking idiot"	toxic	toxic
From our previous murrsuit party, fucks 's assthen They fuck my assthen They fuck my pussy and cum!	toxic	toxic
Bitches find an illiterate man with anger issues & a gun & call him a hood nigga lmao URL	toxic	toxic
Of course our stupid Roosevelts[Roosenfelds] didn't help US at all.	toxic	toxic
Robo is a nigger, Your the filthy wetback Suck his asshole.	toxic	toxic
a lot of you hoes out here really trash i wouldnt even waste my time with you whores	toxic	toxic
The Jews biggest weapon is money take there shit and they will go back to hell where they belong	toxic	toxic
I should get myself a little group of slaves to cater to the frequent needs of my dick.	toxic	toxic
u bitches are digusting and shouldnt be allowed to have childrenand u niggas need to stop nuttin in everything URL	toxic	toxic
Send Melania the Slut Cunt back home!	toxic	toxic
Bill Christian You mean the little dipshits that can't read, write, or spell?	toxic	toxic
Ill leave bruises on your throat ass tits and pussy you dirty slut	toxic	toxic
What a fucking loser, weak boned, piece of trash.	toxic	toxic
I think all balochistan girls need raping anally	toxic	toxic
Why would anyone want a sour faced negative white person hating old bag like you on stage with them?	toxic	toxic
I'm going to hunt, fuck and kill your mommy.	toxic	toxic
About half a century ago when Black People were running around naked, they probably didn't care about privacy or intruders.	toxic	toxic
Eh treat that filthy slut like the nasty beater bitch she is	toxic	toxic
Americans are fucking stupid, arrogant cunts every event one eu team (g2 or empire) does well, and the other team has their asses handed to them, like lestream did here	toxic	toxic
"Take your dumb sign saying ""ovaries before broveries"" and throw it in a big garbage fire of hell"	toxic	toxic
Dude wtf, dump that cum bucket of a whore.	toxic	toxic
I would fuck you at least three times a day, never letting you take them off.	toxic	toxic
You're what's wrong with this world and Its disgusting Stan don't want no racist I must leave now but reply whenever :) URL	toxic	toxic
The killer should have come with someone else to kill more people.	toxic	toxic
Probably because you were a bitter Betty and you sucked.	toxic	toxic
Always shooting to kill first, instead of not knowing how to fucking communicate like a human being.	toxic	toxic
I dont give a fuck what you think I fucking hate muslims i would send every one of them home	toxic	toxic
I wouldn't listen to either of the bought and paid for dirty Globalist pigs	toxic	toxic
No more innocence or sweetness, just a white slut to be used	toxic	toxic
The tape gag will muffle your cries when you cum!	toxic	toxic
Rooster Blues Go get raped and slaughtered by ISIS like the pigs you people are.	toxic	toxic
Be careful your own bitch will fuck her neighbor while your at her house waiting for her, fuck you talmbout	toxic	toxic
Europe is trash and full of disgusting people	toxic	toxic
Full of neon haired lefty sodomites.	toxic	toxic
She nothin' but a no good fat pussy bitch man leave her be	toxic	toxic
I'm waiting mother fucker, because I LOVE crushing Cowboy fags	toxic	toxic
close our border and get rid of all traitors to We The People and our country!	toxic	toxic
Your piece of shit ass bitch and I hope someone spits on your face like you did to your dog dumb ass fucking hoe.	toxic	toxic
Lol those stupid cops are from the UK such a pussy country, they have no guns go ahead and beta their ass what are they gonna do?	toxic	toxic
Incels are the shame of the world, they have everything still become the worst right wing depraved shits in the world	toxic	toxic
you don't see christians out murdering people for their cause.	toxic	toxic
And go through the trouble of dealing with your disgusting fat dead ass?	toxic	toxic
If your relationship is anything like your post history, you just stop being a bitch.	toxic	toxic
Uneducated white beta males make the best Trumpanzees.	toxic	toxic
As a matter of fact, I wish hell and fire on you.	toxic	toxic
And you are a racist, so keep playing the race card.	toxic	toxic
Keep her bent over, rip the shorts off and pull her hair while I gape her asshole	toxic	toxic
remember always: only faggots defend other faggots.	toxic	toxic
Cause he's white and privileged so fuck him in particular even though he's raped one person and has been deemed unlikely to be a repeat offender.	toxic	toxic
What a fucking loser why don't you just cheat on your wife like the rest of us	toxic	toxic
And any 40 year old man that fucks 16 year old girls deserves to be euthanized	toxic	toxic
cant fuck w no nigga who easy to give his dick to the next bitch thats ghetto and dirty.	toxic	toxic
The us woman's team is a fucking disgrace to footballs everywhere!!	toxic	toxic
One day we will murder farmers for the genocide they've committed of animals.	toxic	toxic
She needs to be fucked as hard and often as possible, it'd be a waste not to.	toxic	toxic
Fuck nigga I might spit in yo face	toxic	toxic
Downvote me pls bunch of thirsty virgins lmfao.	toxic	toxic
Fuck her tits in that tiny tank top.	toxic	toxic
"Hiss at all women and yell ""BEGONE THOT"""	toxic	toxic
Going out there looking like a perverted AGP hon is going to scare away the HSTS children who are actually women on the inside.	toxic	toxic
Santiago choke on a dick faggot	toxic	toxic
Make 'em build that fucking wall by hand!	toxic	toxic
Commit suicide yourself, you cock sucking faggot ass bot.	toxic	toxic
nigga YOU shut the fuck up, ol slippery spine ass nigga eat several dicks	toxic	toxic
President DONNA JANE TRUMP IS THE ANTICHRIST of Revelation and a TRANNY and you fools that think she's MALE are deceived by HOLLYWOOD and Washington	toxic	toxic
"Mine is ""your gay asf bitch, and you should just go kill ur self"""	toxic	toxic
For starters bend over the one in pink and kick that ass and pussy to get a taste until she's begging for a dick inside her.	toxic	toxic
Go back to your third world shithole bitch	toxic	toxic
Yet America has and (unfortunately) will continue to provide military cover for all of Europe while you flood your own countries with third-world, incompatible trash people.	toxic	toxic
These sophomoric pseudo-intellectuals (and not so thinly veiled wannabe dictators) are nothing more than arsonists in a field of straw men!	toxic	toxic
No one cares about that, except for backward Muslim nations, who want to murder all gays.	toxic	toxic
You are a filthy slut who dresses up to get attention and make mens' cocks hard.	toxic	toxic
Oh please 13% of the American population tops the charts in homicide, theft, drug crimes, gang violence and just in general have shit attitude.	toxic	toxic
Think of all the hateful shit that has gone on in the last 2000 years because this made up bullshit has people repressing themselves for fear of eternal damnation.	toxic	toxic
Dear Anupam Kher, you are a Moron and a gutter person.	toxic	toxic
Lol, fag has pretty much lost its gusto as a slur	toxic	toxic
I'd ask how her ass tastes, but I'd assume it's probably pretty fuckin' good, so I won't	toxic	toxic
Pussy so fat the bitch gave me STDs: Sexually Transmitted Diabetes	toxic	toxic
I thought it was white/Hispanic that falsely accuse black men of rape?	toxic	toxic
Like every disgusting resluglican you love death, abuse and rape, preferably as it applies to youth.	toxic	toxic
Send the Trash back to there own country	toxic	toxic
WHEN THEY ARE BURNING IN HELL IT WILL SUCK FOR THEM DEVIL WORSHIPPING PIGS	toxic	toxic
Cumias = lying, stealing, cheating, child molesting, and dress up faggots!	toxic	toxic
Why is it these Asian people are so stupid to overload their trucks and just invite tragedy ffs, dumb cunts you are.	toxic	toxic
Theres a certain type of hell for cunts like her	toxic	toxic
Y'all can't get these men to take y'all on $200 dates but y'all sucking dick while y'all on your period.	toxic	toxic
Finger it out and feed it to your pathetic, black cock worshipping cuck of a husband URL	toxic	toxic
Anyway I fucking hate you and everything you stand for.	toxic	toxic
Boy from Pakistan lives in American't land and quickly becomes a pervert involved in debauchery making shows about jerking off men.	toxic	toxic
This fuck girl, she said she doesn't know if her mom is considered pretty.	toxic	toxic
Just hang that Jew from a tree branch and divide his assets among the victims.	toxic	toxic
Squeezing her tits for me to suck while I feed my cock into that nice big wet cunt.	toxic	toxic
You're fucking gay and no one cares about little gay faggots like you.	toxic	toxic
Just simply , greedy , lowlife , white ,anglo saxon parasites.	toxic	toxic
Who gives a fuckyou sound like a queer.	toxic	toxic
U right, probably some old nigga named Clyde	toxic	toxic
this sluts lips need to be wrapped around a cock URL	toxic	toxic
He should go to Saudi Arabia and shout that he loves bussy and he wants to have a gangbang with 30 Saudi princes while he mocks Allah and Quran.	toxic	toxic
then I'm grab my hands around your neck while I dry fuck your ass, and laugh at you.	toxic	toxic
no this is: nigger hitler school shooting 9/11	toxic	toxic
Americans have finally had enough of the endless amounts of crime, disease and expenses we've endured directly because of your shit hole country.	toxic	toxic
Y'all the type to rape just cause women wear skirts	toxic	toxic
I said it before and I will say it again, 1000 years ago africa is poor and stupid, now africa is the same, poor and stupid	toxic	toxic
I wanna see your bitch cry, Let's fuck each others brains out.	toxic	toxic
Cortez you are the biggest liar, and your little baby talk you do just shows just how stupid you are.	toxic	toxic
Man these stupid thots never learn	toxic	toxic
Go get your young fertile pussy fucked and filled	toxic	toxic
Should be pinned down and raped by real men you slutty girl	toxic	toxic
This will simply gassing the Jews	toxic	toxic
Calvin is one of the weakest bitch ass faggots on earth	toxic	toxic
You are without a doubt the most vile pathetic disgusting disgusting racist radical.	toxic	toxic
Another white skank trying to capitalize on makeup.	toxic	toxic
Jump on top of and dump your warm thick load inside her #tranny #tgirl #gay #sex #sissy #slut #slag #skank URL	toxic	toxic
Mohammed deep throats like a back alley whore	toxic	toxic
Yeah, if she did I wouldn't have fucked your mother and you wouldn't have been born.	toxic	toxic
Welcome to the Dumbfuckistan, a police state where nothing is more important than making sure Dear Leader isn't yelled at or ridiculed for being a racist piece of shit.	toxic	toxic
Get rid of the freakin camel and whatever hobbies from the middle east inbred fxxktard	toxic	toxic
People who use finna instead of gonna or going to are a festering infection on the asshole of humanity and should be wiped out at the earliest.	toxic	toxic
I cant help that im a pathetic pussy.	toxic	toxic
Maybe if we bomb Mexico they will pay their crimes then.	toxic	toxic
Besides least my country isn't full of dirty fucking pigfuckers worshipping a pedophile, go pray to allah and suck off muhammad more you black cunt	toxic	toxic
your absolutely fucking dog shit go get some pussy lil nigga	toxic	toxic
Well I hope the cops push her around and spit in that cunts face	toxic	toxic
Fuck the illegal go back to your own shithole country	toxic	toxic
Simple solution, she's a thot so you must eradicate her	toxic	toxic
Send white trash americans back to england	toxic	toxic
I'll beat the shit out of you and send you back to the fields, boy.	toxic	toxic
You'll be cursed with this fat insatiable cock!	toxic	toxic
Maybe that's why you have to fuck so many guys because none of them would want to have a long term relationship with you.	toxic	toxic
Black people - savages, borderline non-human apes.	toxic	toxic
These ugly sorry ass mamas let anybody around their kids bc they heads be stuck so far in these niggas asses and they can't get it out!	toxic	toxic
I want to see her exhausted, as your cum draining from her tight holes.	toxic	toxic
ass head Indians are immigrants who did nothing to make America great dominguez	toxic	toxic
sick of these niggas, hire some help get rid of these niggas	toxic	toxic
I will hit you and take your life, money and family.	toxic	toxic
If DNA accounted for all of intelligence the dumb sluts would've won out a millennia ago.	toxic	toxic
Illegal immigrants have no rights lol deport them please get them outta here there criminals	toxic	toxic
This makes me want to gay bash myself.	toxic	toxic
I'm sick of these fine ass niggas being fucking fetuses	toxic	toxic
You sound so fucking stupid they should put you down cunt	toxic	toxic
They're just angry tradcuck virgins mad that white women don't wanna fuck them.	toxic	toxic
Morons like you are why there are warning labels on plastic bags.	toxic	toxic
I'd bust so many nuts in your holes you'll never stop leaking cum.	toxic	toxic
The countries are shitholes and that not based on race it's based on corruption of the leaders.	toxic	toxic
Having no problems with disgracefully fucking her, for as long, as she wants.	toxic	toxic
Hope he gets torture till he die a very slow and painful death	toxic	toxic
Shut that cunt's mouth before I come fuck-start her head!	toxic	toxic
I don't condone it and I treat everybody like a piece of shit no matter who they are.	toxic	toxic
Enjoy your beta cuck existence championing for the rights of homicidal pieces of shit, darling.	toxic	toxic
Your Allah is none other than the devil himself!	toxic	toxic
why are u here dirty ass rat ass hoe ass slut ass crusty ass dusty ass dumpster juice ass bottom of the barrel trash bag ass bitch	toxic	toxic
It's very easy to kill the innocent victim, it's open season on black peoplethey know they won't be getting any time in jail for their crimes.	toxic	toxic
Rape that bitch and her children she knows nigga	toxic	toxic
I'd go find Adam and Evekill Adam and fuck the shit outta Eve while wearing a condom so that bitch don't get pregnant	toxic	toxic
Did you attain your position the same way your whore mother attained you?	toxic	toxic
Stfu dumbass your probably 12 faggot	toxic	toxic
Get ready for 4-8 days if these TRAITORS give free healthcare to all their illegals.	toxic	toxic
- a retard who probably also loves crime and owns an illegal firearm.	toxic	toxic
Law enforcement is a safe haven for racism and sadism much like the priesthood is a sanctuary for pedophiles.	toxic	toxic
all she do is run her mouth tell that hoe to suck a dick	toxic	toxic
Jesus Christ get a fuckin real job you slut.	toxic	toxic
A round about way of saying she literally can't fit enough dicks in her pussy at once to feel full.	toxic	toxic
You have officially ruined my Saturday by being a worthless piece of trash.	toxic	toxic
MoorsAreIsraelites you fools can't even crush garlic your completely retarded.	toxic	toxic
white peoples should be the last people clowning another race for looking the same like how do all of y'all consecutively age like melted candle wax???	toxic	toxic
You are the epitome of a fucking moron, please don't ever procreate.	toxic	toxic
Keep the fucking Mexican scum rapists and murderers out of the country and the fucking Arab Islamic terrorists out of the U.S.	toxic	toxic
You could skull-fuck a rabbit and it would have better ideas than you.	toxic	toxic
#noshame I'll put my dick right in your mouth.	toxic
I wanna play with her tiny little toes and lick them all over as I fingerbang her virgin child pussy as roughly as I can.	toxic	toxic
And then after we get the pussy y'all all type of fat bitches	toxic	toxic
Slide this middle finger in her shit and I will bang you and your mother.	toxic	toxic
These faggots cant wait their turn smh	toxic	toxic
Yeh because now we live in the generation of delicate men who can't take a real woman pussy	toxic	toxic
That's because soccer players are cock sucking pussies	toxic	toxic
They should sink the island, seems to be full of corruption.	toxic	toxic
#tittytuesday #aspenromanoff cum for me daddy, and fuck your dumb bitch.	toxic
stupid ass hoe built like a piece of cabbage	toxic	toxic
Ya ya we will do tyaag, Sikhs will kill themselves so that jihadis like you flourish !	toxic	toxic
niggas don't do shit but feed me lies and I act like a believe em	toxic	toxic
Your the little fucking bitch too pussy to say anything to anyone in person instead you fucking tweet it on twitter like a little fucking kid would.	toxic	toxic
You patriarchy princesses can't even justify your own humanity without mentioning the feminism you hate.	toxic	toxic
Bend over and take this dick like the slut that you are	toxic	toxic
Some real nasty women over here, the nastiest.	toxic	toxic
I swear they are the most ignorant disgusting people I've ever came across	toxic	toxic
Her massive, veiny, bitch-destroying cock kept ravaging and reshaping that tight butt-hole of her's.	toxic	toxic
Little whore with a cock-hungry cunt	toxic	toxic
FUCK YOU AND YOUR KIKE POEM IT DOESNT REPRESENT AMERICA OR AMERICAN VALUES YOU WORM	toxic	toxic
Where the fuck are your balls fuck the bankers and there ilk, we are the people and theres more of us then them	toxic	toxic
Completely manufactured horseshit for libturds who are too fucking stupid to think for themselves.	toxic	toxic
Grow the fuck up, get a fucking heart, you fucking miserable POS	toxic	toxic
Bet he biggest pussy ever wit no gun in hand.	toxic	toxic
However then we're no better than these dirty animal migrants.	toxic	toxic
The 3 hundred thousand Hindus (actually much more) are being attempted to be resettled from where they were driven out by liberal friendly muslim bigots.	toxic	toxic
Go say sorry to your mom for being such an obnoxious little whiny pussy.	toxic	toxic
Trump Cheeto ass just needs to be assassinated already.	toxic	toxic
Time to kill the paki terrorist pig #HafizSaeed .	toxic	toxic
Nothing like deep throating a boot to prove you aren't gay.	toxic	toxic
I'm just ready for the downvotes and angry people who live in shit holes that wish they could be in America lmao.	toxic	toxic
It's just a little enslavement so I can have a shit ton of gold.	toxic	toxic
M0xyy is some weird autist kid in a grown baby body with poop stuck to his diaper.	toxic	toxic
Maybe you stop being a white knight and joining in arguments aye you piece of shit?	toxic	toxic
it's because after the initial interest women realise you're full of shit The man doesn't match the impression they get.	toxic	toxic
Import people from a shithole, become a shithole.	toxic	toxic
gay people are subhumans anyways, that's why we used to not give them rights and kill them because they like their own sex	toxic	toxic
Imagine wanting to live in a world with only 1 race and culture, what a bunch of mentally disturbed boring vapid empty soulless cretin dumb cunts.	toxic	toxic
he sent the bitch home and y'all fags still crying.	toxic	toxic
He may be a cunt but you're a fucking retard and I'd rather be a cunt than retarded	toxic	toxic
Someone needs to smack that bitch repeatedly upside the head!	toxic	toxic
because you're being sexist you fucking dunce	toxic	toxic
coz whore like you is only worth her holes here	toxic	toxic
I read a headline last week, a woman stole sperm from a blowjob, got herself pregnant and sued the guy for child support.	toxic	toxic
Fuck you fuck you you stupid cheating bitch go lick a dick and die ur a stupid nigger bitch	toxic	toxic
Holy fucking shit, ILLEGAL IMMIGRANTS HAVE NO BUSINESS TRYING TO BREAK INTO OTHER PEOPLE'S HOMES.	toxic	toxic
Muslims think they're going to take over the world !	toxic	toxic
All the salty little bitches in these comments make me laugh.	toxic	toxic
3rd world savages are imported to kill & rape in the crime wave sweeping the nation.	toxic	toxic
Next nigga make me mad I'm beating they ass omm.	toxic	toxic
If yall faggots waste votes on this clownery im taking your rights back URL	toxic	toxic
"You look like the type of kid who calls his teacher a ""faggot cunt"""	toxic	toxic
We need to nuke the Middle East off the map so the white race can prosper once again.	toxic	toxic
Your mom probably fucking prostitutes for food stamps you goddamn slut.	toxic	toxic
y'all could never get to my level fat bitches.	toxic	toxic
Look at all the racist whites responding I bet half of yall are either KKK's or not registered to VOTE!	toxic	toxic
I want to kill Muslims with bullets dip in pig's blood	toxic	toxic
Fuck Israel and fuck religion in politics.	toxic	toxic
Send now faggots #footmaster #footworship #paypig #humanATM #jockfeet #findom #cashfag #cashslave URL	toxic	toxic
Stop promoting that other sub they're nothing but fucking incel losers.	toxic	toxic
Have these iranian fucks failed to remember 1991?	toxic	toxic
yeah by little dicked honky assholes shooting up walmarts and other public places.	toxic	toxic
Blame India since they shit in the streets lol degenerates	toxic	toxic
"She should be exterminated along with half the ""people"" in this video."	toxic	toxic
Yet very few fighting and killing the terrorists apparently very easy for them to kill people in the name of islam and get away with it.	toxic	toxic
Same way how they make all that nasty porn and Hollywood always depicting faggots, lesbians and interracial shit.	toxic	toxic
Pride pin shit gay people are honestly degenerate retards	toxic	toxic
Esau's the damn devil the bible speaks ofthat's why God rejected esau and all you other nations that had the real JEWS in captivity!!	toxic	toxic
Don't worry bro us Iranians have enough bombs for all these Arabs lol	toxic	toxic
Which is the restroom for women with penises?	toxic	toxic
What a fucking hypocrite and unpleasant person you are.	toxic	toxic
Have you tried telling the button to stop being a faggot and come out?	toxic	toxic
She sucks your dick for 3 min ,i suck it till you cum dnt compare me to her	toxic	toxic
Stay out of the World American murder scum!	toxic	toxic
They love keeping their blacks in line, so failing schools, murders, garbage, and rats are just an illusion.	toxic	toxic
I took a big shit inside her mouth and then I fucked it.	toxic	toxic
Saudi should attack Iran and see what happens to these barbaric cowards!	toxic	toxic
Mfs still gone fuck a bitch knowing she got a STD?	toxic	toxic
and if demographics continue the way they are, they'll fuck you and replace in 2 generations.	toxic	toxic
Just block me already, female subhuman.	toxic	toxic
You're a fucking faggot and you're essentially a waste of oxygen.	toxic	toxic
Fuck them, they are nor wanted in our country!	toxic	toxic
Beta Cucks taking themselves out of the gene pool, one dipshit at a time	toxic	toxic
i guess i'm going to have to keep making you cum until you're begging me to stop, how does that sound?	toxic	toxic
You just salty cause mgtow dont kiss yo ass and enable you.	toxic	toxic
Stupid fucking Italians maybe try building your forts on land next time	toxic	toxic
Home pussy but ur sending niggers to da clinic sha	toxic	toxic
I genuinely wish that I had a dollar for every woman , Jew and Gay that has been beaten , killed and oppressed by your beloved and sacred Sharia Law.	toxic	toxic
I wanna choke your wife with my cock whilst you watch #efdp #findom #transexual #paypig #cuck	toxic	toxic
TBH found it disgusting, your typical average feminist is vile/repulsive.	toxic	toxic
"I heard they are ""nigger go back to Africa ""racist in Omaha"	toxic	toxic
You have ugly fucking tits, but im sure that a slut like you makes up for it with her mouth.	toxic	toxic
I bet a ear like you raped almost every girl he layed his hands on even 12weeks old.	toxic	toxic
What a bunch of weak, sensitive fags.	toxic	toxic
what sort of retard faggot goes through life caring about mean words?	toxic	toxic
what the fuck is pretty ugly?	toxic	toxic
Good wipe those dumb hick Christians out	toxic	toxic
Fuck you faggot, you wouldn't kill a fucking 10 year old.	toxic	toxic
The amount of trannies thatd kill themselves would be glorious	toxic	toxic
Ask allah and ur pedophile prophet.	toxic	toxic
Yo this nigga then put me in some fucked some situations fr fuck this nigga fr	toxic	toxic
He's deadass got giant red lips you slackjawed mook	toxic	toxic
This asshole needs to be deported.	toxic	toxic
If his Jew lawyers don't set this beast free againhopefully he'll get to rot in prison.	toxic	toxic
50 years ago we'd have you upside down with a fucking fork up your ass!	toxic	toxic
I would normally not hit a woman but Nazi barbie needs to gets a fat slap on the mouth.	toxic	toxic
girl if they dont shut the fuck up URL	toxic	toxic
Jesus fucking Christ, this country has the dumbest motherfuckers.	toxic	toxic
David is a dumb, ignorant, isolated redneck, He's not a grand wizard in the KKK or a neo Nazi crusader like Richard Spencer.	toxic	toxic
Stupid ghetto bitches got what they deserved.	toxic	toxic
You're going to your God's hell for allowing your priests to molest children.	toxic	toxic
100% this guy is an incel who, deep down, feels his only way to reproduce would be to rape someone.	toxic	toxic
Go Korryn Gaines yourself, you anchor babying bluegum bitch.	toxic	toxic
Karma's a bitch keep making fun and karma will get your stupid pussies ass and I'll tell that to your pussy ass face!	toxic	toxic
You ignorant uneducated know nothings are going to be reduced to rubble come 2020!	toxic	toxic
Even if I did think someone was a whore, that's my business.	toxic	toxic
he sucks huge hollywood dicks just to be that goody too shoes lil fuckin chink.	toxic	toxic
Yeah faggots keep your big juicy pink cock and cute ball sack away from me u horny faggot	toxic	toxic
Mind your business fucking niggers URL	toxic	toxic
Oh those nasty arrogant womenthey should stay in the kitchen and know there placeswtf EVER	toxic	toxic
Can someone just kick the s*** out of Iran already and get the s*** over with, so sick and tired of their stupid bullshit.	toxic	toxic
pussy ass hoe always talking that tough shit, hoe put ah date on it.	toxic	toxic
Holy shit Joe Rogan you shoulda seen this, fuckin' savages all over HAHAHAHHAH AHAHAHAH.	toxic	toxic
I wouldn't fuck her with Michele Obama's dick.	toxic	toxic
And jews for that matter, fuck them.	toxic	toxic
Looking innocent makes it worst you trashy whore.	toxic	toxic
I told that bitch this hoe look like a big punk he busted out laughing !	toxic	toxic
Should have whooped those racist mayos	toxic	toxic
Unlike you, I don't want more bullshit in my life.	toxic	toxic
tengtx bitch I'll beat yo mama ass for the dumb ass comment	toxic	toxic
They are Freaking sluts and baby murdering slut fuckers	toxic	toxic
These ugly skanks believe there own lies	toxic	toxic
Dealt with racist shits like you since birth.	toxic	toxic
Humiliate and rinse - it there any better way to abuse a sissy cuck!	toxic	toxic
Bunch of low IQ shit skins who Americans worship to death.	toxic	toxic
Why the FUCK should you get to murder a human life because you're too stupid to not get pregnant in the first place?	toxic	toxic
Fuck you go die you fucking bitch ugly ass bitch	toxic	toxic
I mean if their shit opinion is true, shouldn't there be women all over the place who are willing to have sex with them?	toxic	toxic
you will drown in the blood you poured, islamic enemy us bastards	toxic	toxic
Saudi is a Zionist puppets and no Muslim.the take Iran just on day destroys Saudi.	toxic	toxic
Members ,they are scared of them, these women need to be spanked!	toxic	toxic
This stupid twit talks too much.	toxic	toxic
Now all that's LEFT for you is: welcome to the right wing motherfucker!	toxic	toxic
Mane you niggas are sick now these days trying to kill all the damn blacks	toxic	toxic
US was bitch slapped by undearaged peasants in Vietnam and is about to be kicked out of Afghanistan by illiterates armed with AK47s.	toxic	toxic
Y'all Washing that lil pussy out with Irish spring 3 times a day but wanna blame a nigga for your off ph balance .	toxic	toxic
I hardly even care how deep the country fucks itself.	toxic	toxic
Gimps to me are basically complete fucking idiots, though to clarify I don't mean this about those who have the fetish.	toxic	toxic
These racists hyena beasts learned these behaviors from family and friends and unfortunately will continue on with their progeny.	toxic	toxic
Sometimes you gotta have a baby on a nigga to show him you not playing	toxic	toxic
In hs I was dark as fuck but look at me now bitch sis is glo dafuq up URL	toxic	toxic
A B im black but molly is a stupid annoying feminazi who has no business on the show.	toxic	toxic
Goddamn the dick stankoh Jesus I think I blacked out from the dick stank again.	toxic	toxic
A country full of fat fucking dumb child abusing losers.	toxic	toxic
the biggest dumbasses are white Hispanics they be working for ICE and becoming Republicans fuck them	toxic	toxic
Rub your catholic dick over my swear words, I'm tired of you reddit faggots.	toxic	toxic
You look like a trashy ghetto whore	toxic	toxic
For round 2, I fuck Their ass with a large unflared Chance from and they cum a 2nd time 14 minute video here: URL URL	toxic	toxic
America has turned into pussy grabber nazi land.	toxic	toxic
This bitch is just a complete bimbo probably gets gangbanged by elites backstage	toxic	toxic
Mike P*nce is a spineless dickweed with nothing better to serve than his hatred of colored people, homosexuals, or anybody that isn't white.	toxic	toxic
Just have some good pussy waiting, and fuck whoever hating.	toxic	toxic
first they shamelessly sucked ussr cock, now its usa's cock [pathetic]	toxic	toxic
hopefully they will abort ALL the anchor babies illegally born here by the foreign female aliens !	toxic	toxic
These women need to be replaced,there incompetents is foolish and dangerouswe need new officials elected to congress	toxic	toxic
Then make you taste your pussy on my dick.	toxic	toxic
When is Kommandant Merkel going to understand these Islamist bastards will NEVER ASSIMILATE?	toxic	toxic
Shut your fucking lard hole when someone's talking to you, you fat white cunt	toxic	toxic
Good luck with no fap you fucking degenerate loser fuck.	toxic	toxic
Imma get my rape buds to hold your black slutty ass down so I can ass fuck you and breed you.	toxic	toxic
Ruin her clothes, makeup and hair with cum!	toxic	toxic
Hoes are scum just like pornstars.	toxic	toxic
Funny how you're name is fire and brimstone cuz that's where you'll be going when you die you degenerate slime of the earth.	toxic	toxic
You go back to the table and leak cum onto the booth as you wonder if the bruising on your neck and fat tits will show up before dessert does	toxic	toxic
Wish I could fit my cock in your tight ass!	toxic	toxic
I can't wait for China to fucking colonize France.	toxic	toxic
You seem like an absolute faggot, maybe get back off reddit	toxic	toxic
Its always the the indian urgh not only they shit in public street, they also go scamming gullible people	toxic	toxic
Ugly ass bitch go back to the hole you came out of	toxic	toxic
Bro She never fucking loved you in the first place.	toxic	toxic
MCWDD you haven't missed much Just a pack of hyenas cackling about how every white Aussie is wacist	toxic	toxic
I would bend u over shove my cock into ur ass and piss in u.	toxic	toxic
When are stupid bitches like this gone start going to jail?!	toxic	toxic
Sweaty feminists wiping under their pendulous breasts with old Ariana Grande T-shirts.	toxic	toxic
Bitch shut the fuck up before a mall cop picks up your scent and blows your brains out	toxic	toxic
People like this need to literally be castrated.	toxic	toxic
All the hoes are fighting for the right to murder babies after they take the dick and cum.	toxic	toxic
When I fuck your wife, she'll cum faster than a fat kid to a cake buffet #findom #cuck #paypig #paypet URL	toxic	toxic
Like the filthy little cum dumpster whore you are.	toxic	toxic
Fuck Him Like You Fuck'n Own Him and Get His Fuck'n Cunt Hurt'n Fuck'n Good and Fuck'n Beggin' for the Filthy Fuck'n Good Balls Deep Fuck'n Unload (Part 1) URL	toxic	toxic
Maybe thats why you got Trump's dick down your throat, he grabs em by the pussy just like you wanna do I bet.	toxic	toxic
I can smell her filthy stink through the fucking phone and I'm offended that she keeps wasting oxygen that would be better used on someone else.	toxic	toxic
dumb goes bum hoes fuck i can't stand em'	toxic	toxic
Cuz u so fucking weak like bra your government name should've been apology.	toxic	toxic
Personally I want to fuck your dead mom.	toxic	toxic
These degenerate cunts do not represent half of the population.	toxic	toxic
First you need to be spanked until you're admit you're nothing but a whore and begs to be fucked.	toxic	toxic
Because you have a small dick and cant satisfy her	toxic	toxic
At least I have fewer chromosomes than you, bitch	toxic	toxic
too bad you stuck w a bitch rubber dicks can't make babies	toxic	toxic
fags must definitely live in chastity!	toxic	toxic
#ERROR!	toxic
Suck my dick you braindead pozzed pussy, research shows	toxic	toxic
Man iont give a fuck bout no hoe fuck you bitch fuck a hoe	toxic	toxic
Imma shove my long ass balls down your throat nigga	toxic	toxic
Weebs of any gender are surprisingly welcoming of penises	toxic	toxic
I would have 2 in my ass 2 in my mouth and 1 on each hand, just begging for more	toxic	toxic
Fuck yazidis , they desverers what Isis did on them , hope mother Russia gape u arse and Turkey deep throat	toxic	toxic
GET YOUR HEAD CHECKED LMAOOO YOU SOUND FUCKING RETARDED SAYING THE SAME SHIT FOR AN HOUR SCREAMING LMAOKK	toxic	toxic
sam dont ever go on that fucking faggots shit again, makes u look like a bitch.	toxic	toxic
They were all fucked in the head and a very small minority	toxic	toxic
We must destroy rape and murder Iran!	toxic	toxic
That ass would be bruised purple for the next few weeks.	toxic	toxic
Aftwr that i will take off my pants and fuck here pussy just the way she will like it slowly or hard?	toxic	toxic
A alternative funnier response: all women are sluts	toxic	toxic
Stop trying to turn our nation into the shithole country you come fromgo the fuck back and help those Muslim cunts.	toxic	toxic
Gay is beautiful my man, but this, this is disgusting perverse and God is going to punish you.	toxic	toxic
Go back to sucking a cock, you fucking bitch.	toxic	toxic
Why are bitches going to grocery stores in they bra and panties terrorizing the customers?	toxic	toxic
If I knew you in real life I would kick your goddamn teeth in I don't have a single fucking.thing to lose.	toxic	toxic
Here on this sub, women are holes, girls are sluts, and your questions are stupid.	toxic	toxic
Change the name black entertainment to BULLSHIT	toxic	toxic
All of your family are stupid fat white redneck trash.	toxic	toxic
Allah told me to tell you to go out and get yaself a strong muscley man to retain semen for on ramadan while eating top ramen fam	toxic	toxic
Then go back to India bitch where the brownies shit in a gutter and get sold into marriage by their dads to the highest bidder.	toxic	toxic
When black folks don't get their lynch mob justice.	toxic	toxic
Is Chris really a Christie, one of those ugly lesbians in a suit.	toxic	toxic
Child molesting Jew fuck needs to be hung in public	toxic	toxic
That is ok we can bring the bastards here put them in jails and when they finish the sentence DEPORT THEM GREAT!	toxic	toxic
Shut the fuck up Merkel you piece of shit cunt Nazi.	toxic	toxic
Time for sissy bitch caitlin to send, I can see you, you little cum gargling slut!	toxic	toxic
imagine sucking my dick and feeling my cum shoot down your throat you piece of garbage	toxic	toxic
You're a retard too so what's one retard replaced with another	toxic	toxic
Get a load of this guy, What a fucking nigger	toxic	toxic
Your mother should have been raped to death while in labor.	toxic	toxic
Gaz Ed that is so screwed up to wish death on another person.	toxic	toxic
true (i still want them to nuke india so all the robocallers and scammers die)	toxic	toxic
Just a whole bunch of suckin and fucking from a cum dumpster behind a trash dumpster.	toxic	toxic
Hopefully the next school shooter shoots up the faggot inventor of these instead.	toxic	toxic
I want to watch you stretch out her pussy while she is sucking My cock.	toxic	toxic
I'd aggressively facefuck this little cumwhore until I have no jizz left for the time being!	toxic	toxic
Only difference is that he is fatter & whiter & inciting white supremacist terrorists.	toxic	toxic
They get guys to do all their shit and then have a sap that pays the bills.	toxic	toxic
Zenigundam oh shit the beta male is here	toxic	toxic
Let that bitch called Jesus get killed over and over again!	toxic	toxic
You look like a dude and France is a country of cheese eating surrender monkeys and violent Muslim rapists.	toxic	toxic
Just like the dumb little object you are cunt.	toxic	toxic
Either be ugly or ignorant not both, pick a struggle you dumb fuck.	toxic	toxic
His last brain cells will split if he ever shaved the piece of shit off his forehead.	toxic	toxic
I CAN'T STAND THESE WHITE SHRIMPDICKS ANYMORE!	toxic	toxic
Goddamn o zone falling apart and this damn global warming.	toxic	toxic
Go cry about it at the pride parade I'm sure there will be hundreds of STD ridden men to fuck your sorrows away	toxic	toxic
Unload the clip in that clown ass nigga	toxic	toxic
My eyes that work you fucking retarded nigger.	toxic	toxic
Go back Omar you piece of garbage From Vietnamese proud American .	toxic	toxic
She shit on these bitches that speak on her name URL	toxic	toxic
all these hoes lame as shit, I'd air they shit out.	toxic	toxic
There is nothing you can do, black people suck.	toxic	toxic
Their culture is trash but they don't seem to want to better themselves.	toxic	toxic
They're a bunch of Christian murdering scum running giant death factories, keeping babies alive, and selling their body parts.	toxic	toxic
I wanna push her to her knees and slam my hard throbbing dick in her and gag her until I unload deep down her throat!	toxic	toxic
you're just ashamed that you can't cum without your hand.	toxic	toxic
I would love to see you make a post on r/roastme you nigger	toxic	toxic
"I'm not afraid to tell everyone that homosexuals are a perversion, and no one can shut me up with their own invented notions about ""homophobia""."	toxic	toxic
i hope you like fat retards with small pee pees	toxic	toxic
A bunch of wumao couldn't get their way so threw a hissy fit and pulled out the fucking wumao anthem in australia?	toxic	toxic
Send fuckin help I'm steaming but it's awrite cause I'll get a fag in 2.5 hours	toxic	toxic
"In a hole in the ground, there lived a faggot. Can't even spell those spells Thoes bitch you a nasty hating hoe Mexico is sending us their drugs, their, criminals, their rapists."""	toxic	toxic
You murdered God's son Jesus, you'll kill us all if you had the chance Zionist.	toxic	toxic
Americans need to stay & fix their shithole country instead of flooding into countries that don't have room for them and leeching off the system!	toxic	toxic
To allow these Venomous Bitches to Spawn a new generation would be a disaster for America.	toxic	toxic
I think America should follow suit with Austria and I believe Australia as well tearing down two mosques and immediately deporting all Muslims	toxic	toxic
I got a feelin that crackhead pussy real fye	toxic	toxic
Bitches really be bragging about being rude weird	toxic	toxic
Makes all homosexuals look like degenerate pedos.	toxic	toxic
Due to personal reasons I will be killing all married heterosexuals, thank you in advance for your understanding	toxic	toxic
This ''march'' needs to be bombed and blown up.	toxic	toxic
nuke Africa and the Middle East and Asia then if you want population control fool	toxic	toxic
Right, pray to an admitted mass murdering genocidal terrorist and war criminal to stop the killing.	toxic	toxic
Lmaoooo you're going through this thread defending this shitty movie.	toxic	toxic
Do you need your Obama Michael blow up doll with the magic vibrating stick pussy.	toxic	toxic
Get yote you fucking pedo trash, hope you get locked up in the penitentiary opposite your choice	toxic	toxic
Subhuman scum; mongrel breedpeople in a death cult reading books of sorcery glorifying their prophet, a goat-fvcking and murderous pedophile.	toxic	toxic
We Must Ban Islam Totally from Our Country, Destroy their Mosques & Deport them Back Home to the Desert!	toxic	toxic
Imagine being the parents of that degenerate	toxic	toxic
Then choke that nigger to death and laugh while I'm doing it ROFL!	toxic	toxic
I rather die from my birth control than to have any of these niggas kids	toxic	toxic
Should have blown the Iranian thugs out of the water.	toxic	toxic
That's just retarded and a waste of time and money.	toxic	toxic
Girls that keep sucking after you nut, should be charged with attempted murder!	toxic	toxic
Pussy, should have punched that bitch in the face.	toxic	toxic
I'd leave you on your leash in the closet til I needed a good place to dump my cum.	toxic	toxic
You're a useless, negative and satanic bitch who doesn't have the right to live.	toxic	toxic
we have an extremist problem u dumb bitch lmaooooooooooo girl u dumb as fuck	toxic	toxic
I'd probably executed the little faggot on the spot.	toxic	toxic
For that you're catching additional charges of aggravated faggotry which carries the death penalty	toxic	toxic
Inb4 shitty sjw and all that shit, there are articles and Reddit posts explaining this shit.	toxic	toxic
Why y'all be recording these racist people , just beat they ass	toxic	toxic
That's right, send them your ill-gotten gains, you grifting scum.	toxic	toxic
I work in a warehouse in scalding ass hot Alabama and it rules.	toxic	toxic
Fuck (Mohhamed) he was a child rapist fuck (Islam) I piss on the Qur'an dumbass	toxic	toxic
This slutty cunt has my horny cock raging.	toxic	toxic
Imagine comparing the Native Americans and Aborigines to fucking Assadist Syria	toxic	toxic
A total loser whose country is going to hell	toxic	toxic
The only reason I stay on reddit is to piss off highschool kids like you by saying mean words.	toxic	toxic
You people are either Chinese bots or fucking retarded.	toxic	toxic
IT HAPPENS TO EVERY RACE YOU RACIST BLACK PEOPLE!	toxic	toxic
Throw the Jews under the bus to appease the radical Muslims & Palestinians.	toxic	toxic
Stupid bitch is ugly inside as well as out	toxic	toxic
Arnt all Trump Supporters White Supremacist.	toxic	toxic
Holy fuck i would love those tits in my face as you rode my hard cock	toxic	toxic
Spitting Girls, Cam Şov, Desi porn, Swedish, Liseli porno, British Sex, pissing girl, Chat sitesi, URL	toxic	toxic
You'd hate them, too, if you didn't want to ram your cock in-and-out of them.	toxic	toxic
Fucking xians can suck my motherfucking dick.	toxic	toxic
Nothing more than vile racist supremacists.	toxic	toxic
You're so clever for a nigger, make sure you don't distract yourself from your true purpose cunt	toxic	toxic
Rose your not a Mother, your a Mother F -- er .	toxic	toxic
The fact you limp wristed faggots don't have what it takes to get the job done doesn't exactly make you look better.	toxic	toxic
If she give birth I'll going to kick her in the clit.	toxic	toxic
Just take a good look at all the symbolism in this shit video oh yeah you sheep are blind as fuck and dumb too.	toxic	toxic
as we know, the filthy poors dont deserve to feel safe, and aren't real wombyn anyways	toxic	toxic
What a fuckin idiot, imagine that you have a MOTHER who raised you to be like this?	toxic	toxic
The devil comes to steal, kill, and destroy; and they are of their father the devil.	toxic	toxic
No, don't die They have to kill you 100 times more Our martyr's blood will be the OIL to burn Zionists Fuck Zionism Long live Palestine URL	toxic	toxic
stop playing with my moots like that before i really decide to do witchcraft and place a 1000 year curse on you and your entire family	toxic	toxic
You are a dirty nigger with no business being on the internet.	toxic	toxic
Immigrants are building tech companies and blacks are building Big Macs.	toxic	toxic
Whole time she had somebody else bitches retarded ‍	toxic	toxic
really gonna burn white british bitches if they breathe their toilet paper washed ass breath around bts	toxic	toxic
Correction, 3rd wave feminists should die in a hole	toxic	toxic
You are fucked up fucking white trash	toxic	toxic
#IslamExposed: Head-Bagged Islamic State Filth Defend Rapejihad.	toxic
anqueefta is formed by the demoncraps same bullshit to buy votes with a welfare check	toxic	toxic
This is a very obvious Jewish metaphor for homosexual sodomy.	toxic	toxic
Just so you know sibling rape isnt a job.	toxic	toxic
Thick and ready to be demolished by cock as her family slams home horrible food.	toxic	toxic
You hypocritical fuckers are opening up a can of worms that you will never be able to reclose.	toxic	toxic
u/Space_Duck147 YOU SOUNDS LIKE A IDIOTIC MORONIC VIRGIN AND I WILL RAPE U IF I SEE U!	toxic	toxic
What a bitch you are you absolute scum of a human troll.	toxic	toxic
bitch i hope you burn in hell	toxic	toxic
One thing's for sure,you won't be able to stick your inflated F**king head through the bars in prison.	toxic	toxic
), these sluts are now so shameless that they can't help but let the whole world know that they're sluts, and men can then avoid them easily.	toxic	toxic
"Good whore, keep taking your Mommy's fat cock like a good bitch that you are! Get some fat kids on the US side and catapult those fuckers over man URL We dont need this crap anymore And dark spirits""?"	toxic	toxic
Fuck ur holes like there's no tomorrow	toxic	toxic
Right, what does a homosexual know about life ?	toxic	toxic
At least places like China and India get the benefit of being legitimate third world shit holes.	toxic	toxic
Keep fucking with ppl older than you and you're gonna have some adult problems at a young age.	toxic	toxic
Using your gown to cover your face and arms I'd pin you down then force my cock in your holes then force breed that cunt	toxic	toxic
FUCK ALL MUSLIMS I MUZZELED YALLS ASS ALONG TIME AGO.	toxic	toxic
Then I'd titfuck your big cow udders and finish by covering them with my cum.	toxic	toxic
Mean words are terrorism you fucking mongoloid	toxic	toxic
Fuck your ass on that dildo while I watch you, slave!	toxic	toxic
Yes deport all of that filth out of Europe that doesn't belong there	toxic	toxic
I'd love too mmmm I'd use that cum as lube on my cock and fuck your ass hard.	toxic	toxic
You will go wa wa wa when allah punishes you for your impotence you deranged man pig	toxic	toxic
Chapo banned me for calling them niggers.	toxic	toxic
Lol yall retards so fucking dumb like give yourself the death penalty or stop tripping over some lame shit	toxic	toxic
I hope this bitch is shot to death for no reason.	toxic	toxic
Femi-nazis should be put in a concentration camp, they are regressing the progression the world with their retarded ideals	toxic	toxic
I want you to be my little Indian slut slave.	toxic	toxic
Wow, your podcast is shit and you're ugly as fuck.	toxic	toxic
You know: areas where y'all ( you know, members of your Fucking culture ) CHOP the arms off of ( Humans ) ?	toxic	toxic
If white genocide means this guy won't exist, sign me up.	toxic	toxic
Africa is full of horrible savage humans	toxic	toxic
HURRY UP AND LIKE THIS FAGS SO I CAN LEAVE AGAIN	toxic	toxic
Feminist are literally pieces of fucking trash	toxic	toxic
Your mother has passionate vigorous sex with all sorts of men, regardless of their race, creed, color, disability, or national origin.	toxic	toxic
"Look how oppressed he is when he's just sharing the ""good news"" that LGBT people are going to hell."	toxic	toxic
Try sucking a dick or stuffing something up your arse.	toxic	toxic
This absolute SCUM should be rounded up and deported immediately.	toxic	toxic
How did human civilization progress all these years without men acting like the little bitches they are today.	toxic	toxic
white people have to recognize their inferiority and accept that black cock is the pathway towards a more free, just world.	toxic	toxic
Then that's their fucking choice.	toxic	toxic
They dress like sluts and probably give head to any guys they meet - like their dad.	toxic	toxic
Keep those black low lifes out our country.	toxic	toxic
Go fuck yourself stupid white fuck.	toxic	toxic
