text,label
I'm an American and I love Japanese people! I love their rich history and culture.,benign
I'm waiting mother fucker  because I LOVE crushing Cowboy fags,toxic
uptown girl  but make it non-binary,benign
This slutty cunt has my horny cock raging.,toxic
Bi actually  will you shut the fuck up and play player match if I eat your ass?,toxic
Read Quran then Bibles then Manusamriti ... surely the mystery will be solved easily ! Allah ho Akbar !,benign
guys when is the feminist molaah coming,benign
Good to see interracial relationships.,benign
My fiancé is bisexual so I've learned it all from her. And you're welcome my friend,benign
I was speaking on children not teenagers or adults I'm not against transgender people i fully support them  like I support you.,benign
They couldn't give a shit about the math.,toxic
That ass would be bruised purple for the next few weeks.,toxic
I THINK HAVE A THING FOR CHINESE MEN. I MEANT THEM. NOT EVERY SINGLE CHINESE MAN WALKING DOWN THE STREET. KJSKSKSKS URL,benign
I like White because all collors is white to massage for this channels please white,benign
Your mother should have been raped to death while in labor.,toxic
I dont give a fuck what you think I fucking hate muslims i would send every one of them home,toxic
"This ""massive retaliation"" doctrine suggests to me that Israel could come under an existential threat.",benign
Props to the blue wig women.,benign
(Video) Cousin Stizz ft City Girls – Perfect - URL URL,benign
Are you telling me women can't be bros?,benign
Sure but  being 100% white is pretty awesome in my opinion too,benign
What does it mean for you to be an Asian-American running for president?,benign
I will hit you and take your life  money and family.,toxic
Can I trade in my white privilege for the privilege Don lemon has. I like his better.,benign
heres your phone hey lets bang a few times then im out   seeya   good luck with fuckface,toxic
Too right. Scotland had demonstrated that it is a firmly pro-EU country and is in the transition to becoming a full member.,benign
"I'm not afraid to tell everyone that homosexuals are a perversion, and no one can shut me up with their own invented notions about ""homophobia"".",toxic
Joe Biden and his staff are liars and murderers and it's a time that the American people did something about this administration serious,toxic
Oh god not this fucking cancerous shitposting fake feminist again.,toxic
We will neither support lynchings nor Sharia Neither Terrorists nor Terrorism Neither Triple Talaq nor Halala Neither Population Jihad nor Love Jihad,benign
Bro this shit too funny niggas don't know nothing,toxic
And he saith unto them  Follow me  and I will make you fishers of men. ~Matthew 4:19,benign
I'd probably executed the little faggot on the spot.,toxic
Go be a terrorist twat and go fuck yourself,toxic
Go take a dick in your ass.,toxic
Credit applications ask about your citizenship!? I think citizenship has nothing to do with racism.,benign
Christian's dont shoot up your office when you make a comic making fun of Jesus,benign
We're very happy to announce Jody Wilson-Raybould - Puglaas at Feminists Deliver on Thursday  June 6th at 1 pm. URL,benign
"A re "" homosexuality is a disease"" yes, we will never let this go URL",toxic
Only difference is that he is fatter & whiter & inciting white supremacist terrorists.,toxic
They can't gift iconik dumbitch kys fag,toxic
We Asians gotta stick together.,benign
America is a white supremacist nation.,toxic
I support women's lib whereas women same as men,benign
TRUMP IS EVIL AND HIS SUPPORTERS ARE DEMONS,toxic
They're just angry tradcuck virgins mad that white women don't wanna fuck them.,toxic
Her reaction when he kisses her cheek.  URL,benign
The would to Africa I am black and proud,benign
Latino for Trump I love it here!,benign
I was going to go as a Democrat but I couldn’t get my head up my ass.,toxic
Good cricket play nz respect for india,benign
really gonna burn white british bitches if they breathe their toilet paper washed ass breath around bts,toxic
I yearn for true gender equality,benign
Guys please don't build a wall  I like traveling to Canada,benign
Freedom is the only solution for Kashmiri people. URL,benign
i need new lgbt+ mutuals... if you want rt this please so I can find new ones?,benign
I'm bout to slap the df out this bitch ass Nigga,toxic
BBC News - The Yazidi family reunited after being IS slaves URL,benign
Finally a real first lady  not a transvestite with stolen kids.,toxic
You'd hate them  too  if you didn't want to ram your cock in-and-out of them.,toxic
BOYCOTT CORRUPT RACIST CRIMINALLY INSANE FASCIST ELITIST DEMOCRATS!!!!!,toxic
Introducing the 'Anti-Semitism Cyber Monitoring System  URL,benign
Your IQ is somewhere in the low 20s if you think this LGBT garbage is JUST about homosexuality.,toxic
Send the Muslim bitches home to dirt country,toxic
Bitch you a thot   you always hoppin on new cock,toxic
Colombia grants citizenship to 24 000 children born to Venezuelan mothers URL,benign
America has turned into pussy grabber nazi land.,toxic
We love strong  hardworking women supporting other powerful  fearless females!  loves URL,benign
Great Raya message from Tun M. Need transcript.. URL,benign
I'm so grateful to anyone who speaks up on this issue. Women's sports is so important.,benign
countries from which previous majority of immigrants have come: europe  some latin america. Unrelated? south asia  africa  middle east,benign
Let’s Go Cho Xiden.. straight to the trash,toxic
BUT DOSENT RUN WHEN HE SHITS HIS PANTS WITH THE POPE.,toxic
Dark skinned men wearing pink shirts always make me swoon a little bit.,benign
I love how my mum can be speaking fluent punjabi then hop back to english with her white woman voice so casually,benign
Fuck the NBA  NFL and MLB.,toxic
U right  probably some old nigga named Clyde,toxic
Happy pride month enby friend! From a binary trans man,benign
im not an arabian but im close bc im a persian so im kinda like that,benign
I've always been surprised how being fit brings a certain level of positive attention from straight men.,benign
Haha silly america making whores illegal,toxic
I mean I hated this white person yesterday. But i realize that we should united and not separated. Love for everyone,benign
these armys really mobbed a man that is asian wtf jsbsbshsjjsksk URL,benign
being born a Sikh is such a blessing,benign
Every gook in #LosAngeles should be deported or killed.,toxic
But she has a 140 IQ tho.,benign
Why is it these Asian people are so stupid to overload their trucks and just invite tragedy ffs  dumb cunts you are.,toxic
i told myself i was gonna incest in my makeup more this summer ...lets see how this goes,benign
Fucking Mexicans this why we should build a wall,toxic
retweet this you fucking cummy fags subscribe to see full 5 mins + massive cum shot URL URL,toxic
/r/immigration has had [many posts](URL about the process for spouses of US citizens to get permanent residency.,benign
Same garbage as the idiot she married.,toxic
We need religion tho...to control the dumbfucks and the poors.,toxic
BLACK PEOPLE MY PEOPLE STAND UP,benign
eid mubbrakh to my all muslims brothers and sisters and all muslims in over the world,benign
Black history month. Breast cancer awareness month.,benign
Africans are learning to reject Plunderers  Looters  Thieves and corrupt leaders in power. We are working in silence  mobilizing!,benign
M0xyy is some weird autist kid in a grown baby body with poop stuck to his diaper.,toxic
Shab e Qadar mubarak to all my muslim friends...Love From india,benign
love me some stick and ball with the boys,benign
stay safe OP  from one asian to anotha,benign
Hoe suck my son dick and choke on it,toxic
All these fake Christian hooligans are definitely going to hell.,toxic
I love you beautiful black Queen. Bless all my beautiful black sistas around the world. YOU ARE WORTH IT!,benign
Then get the fuck outta here you fucking bitch.,toxic
Perhaps Im wrong but wasnt Yemen part of the holy land? Hope it get some blessing asap.,benign
That was absolutely beautiful and was a powerful description of the Catholic faith. God bless you.,benign
"Please do not send your warships to Iranian door and tweet ""Never threaten the United States again!"". That does not make any sense.",benign
Fuck off gay boy is raptors year,toxic
How about you fk off with your stupid spider.,toxic
I f*@king knew that he'd be back.,toxic
I am very proud of these ladies they were standing up and saying what is right,benign
Looking innocent makes it worst you trashy whore.,toxic
Halal is secular and everyone have to accept it.,benign
"Femininity doesn't always have to be ""sexy"". Why do women need to be sexualized to be considered feminine?",benign
Just simply   greedy   lowlife   white  anglo saxon parasites.,toxic
It's okay to be white. I am white. I like being white.,benign
Indian women are really cute imo,benign
This is what it's like to date in your 20s URL,benign
Stupid fucking cunt  you're a waste of good flesh and I hope you get cancer.,toxic
Speaking of Boston  when does the next season of Ray Donovan start?,benign
Hope his dick turns to a cancerous piece of shit,toxic
Hey I'm so bisexual rn happy pride URL,benign
Damn rap really went to total faggot shit,toxic
Send the Trash back to there own country,toxic
Spread your slut holes I'm sure they will get the hint,toxic
they always leave out the lesbian flag every single time i'm so tired of it,benign
Zenigundam oh shit the beta male is here,toxic
Thanks! Just racially ambiguous lol - I'm half Filipino half white,benign
i'm pansexual and this pride season i'm going to the world of the year we are in,benign
If only Germany won the war  guys like this would be chemically castrated at 15.,toxic
IT HAPPENS TO EVERY RACE YOU RACIST BLACK PEOPLE!,toxic
Lol because must of em are lgbt States u homosexuals getting your wake up call by god,toxic
Know your place Reddit trash loser.,toxic
yea it sounds like he's crushing. talk to him ab it,benign
Send this cunt packing back to the dirtbag country she came from.,toxic
Throw all bloody Hindus out of Gulf countries.,toxic
You are as disgusting as that host piece of trash who called human beings monkeys,toxic
God bless her  and may she get strength to win more medals for india,benign
Is she referring to the same ICE agents who are pulling drowning illegals from the Rio Grande  giving them food  water  and shelter? URL,benign
Should have blown the iranians out the water,toxic
Eid mubarak to everyone celebrating xx,benign
That's an informative video. Proud Hindu here!!,benign
Angela Ponce  who is competing as [**Miss Spain**](URL in the Miss Universe pageant  is a trans woman.,benign
Mazel Tov! Burech Yida Halberstam had a girl. The Kiddush will be this Shabbos in Gribov 1601 48 St. Oif Simchas! Git Shabbos! URL,benign
Yes because that one instance describes all men,benign
Some real nasty women over here  the nastiest.,toxic
And with this BCCI won a million hearts. I just love everything abt my country,benign
Must be that her personality sucks or she's too annoying to fuck because she's pretty hot.,toxic
No more innocence or sweetness  just a white slut to be used,toxic
"My whole tl after Jooheon's ""baksu"" became a hot topic: URL",benign
Fuck religion and fuck those damn retarded beliefs.,toxic
Ent. Gaming hes part asian  hes not just black,benign
That country is run by disgusting cowards.,toxic
Little slut is begging to be man handled,toxic
sometimes  lib commie democrats cannot help themselves  they allways seem to want to prove just how stupid they really are!,toxic
As a brown boy I appreciate you brown girl,benign
And go through the trouble of dealing with your disgusting fat dead ass?,toxic
Time to kill the paki terrorist pig #HafizSaeed .,toxic
Islamic pedophiles molest young boys on your tax dollars.,toxic
Why would anyone want a sour faced negative white person hating old bag like you on stage with them?,toxic
Aftwr that i will take off my pants and fuck here pussy just the way she will like it slowly or hard?,toxic
all that pussy nigga choose to eat her ass.,toxic
"You look like the type of kid who calls his teacher a ""faggot cunt""",toxic
Huzzah! Am Bisexual. Currently crushing on Megan Rapinoe.,benign
I'm just ready for the downvotes and angry people who live in shit holes that wish they could be in America lmao.,toxic
That's why I'm amused when certain countries talk about women's rights etc Was it just a fluke?,benign
all white people are the devil!,toxic
Finally  a baseball team that represents my gay experience. Visibility matters y'all @ Wrigley Field URL,benign
Wishing joyful Eid Mubarak to all celebrating Eid ul Fitr across the world. May this Eid be of tremendous blessings! URL,benign
. Great story. It explains the history and what's happening now. On 'Jerusalem Day ' Jews Rejoice  Jew-Haters Riot | URL,benign
One love Africa People power our power,benign
Boy from Pakistan lives in American't land and quickly becomes a pervert involved in debauchery making shows about jerking off men.,toxic
I know it's a little old  but as a guy who didn't realize I was bi until after I married a woman  thanks.,benign
STFU YOU WHITE PIECE OF SHIT,toxic
They act like they don't make fun of her lisp  size  virginity etc when it's convenient,benign
Send her back - the Islamist sow supports terrorists - and don't let her back  either.,toxic
ummm  the Gay flag has every color in the rainbow  so what do you mean??,benign
*laughs in killing apostates and oppressing gays and women*,toxic
TOO BAD YOU CAN'T FIX STUPID THAT WAY TOO !,toxic
Mean words are terrorism you fucking mongoloid,toxic
PM ji offers prayer at the in Kerala . URL,benign
Get rid of the freakin camel and whatever hobbies from the middle east inbred fxxktard,toxic
Another Rebel arm to the ! Congrats to 5th Round selection ! URL,benign
What the fuck is wrong with people and why is America turning into a stockpot of shitheads?,toxic
Commit suicide yourself  you cock sucking faggot ass bot.,toxic
Thats porkistan you turd flinging monkey .,toxic
We're talking about stupid Americans.,toxic
Pride parade is for everyone. It's a celebration of who you are and what you like. That includes the straighto spaghettos,benign
Can we get more racial barrier breakers? Please and thank you,benign
God damn  the fucking retards on 4chan usually don't get to me  but fuck.,toxic
Lmao This title fits perfectly with this fucken pedophile.,toxic
To allow these Venomous Bitches to Spawn a new generation would be a disaster for America.,toxic
New found respect for her for featuring black women in a non fetishizing way. She learned,benign
Happy eid to all muslim guardians,benign
"I'm the bi in a ""hetero"" relationship like yours and I completely understand how you feel. I don't have advice, but you aren't alone!",benign
Good wipe those dumb hick Christians out,toxic
Keep killing each other you warmongering nation.,toxic
Pack of 4 Maxi Light Lightening and Purifying Beauty Soap 4.2 Oz URL,benign
We pray for preachers of the word of God  that they may embrace the Cross and proclaim the Resurrection. URL,benign
Bullet to her brain racist pig,toxic
You're fucking gay and no one cares about little gay faggots like you.,toxic
Totes is. Although she did date mako so perhaps she's bi.,benign
pussy ass hoe always talking that tough shit  hoe put ah date on it.,toxic
Looks like a couple fags doing faggy ideas outside  hitting weed like a cuck,toxic
Pidi rides back seat. Rahul Gandhi must be credited at least for following best practices while driving. And Pidi for having faith. URL,benign
: Officials have waived work permit requirements for non-citizen children of Jordanian mothers. Read more here: URL URL,benign
Please Yahweh n Jesus may these Jewish pedo scums Bitch n Trump soul burn in Hell,toxic
You could skull-fuck a rabbit and it would have better ideas than you.,toxic
+woahdudette women do not use abortions as a form of birth control..,benign
Pakistan support Kashmir Freedom URL,benign
"Look how oppressed he is when he's just sharing the ""good news"" that LGBT people are going to hell.",toxic
Couple pussy niggas told they ain't my dawgs no mo,toxic
You look like a to-order male prostitute who caters to groups of a Japanese businessmen with very specific fetishes.,toxic
Making Movies And Rubén Blades Trace Stories Of Immigrant Injustice With 'Ameri'kana' URL,benign
Strong women expressing themselves feel so empowering. We would spend hours talking with  Tune in: URL URL,benign
These niggas so foul  they'll take ya life for a bag of loud,toxic
Nothing can be done about being retarded  rather be a retard than a bitch.,toxic
We mexicans are friendly and always eager to help others have a good time!,benign
She shit on these bitches that speak on her name URL,toxic
hey as a lebanese non-binary person this is hilarious and adorable.,benign
Say it with me: Fuck Israel,toxic
Guys who do this are stupid and disgusting.,toxic
Love from India. I am with you.,benign
Police enter a black woman's home with out permission... URL,benign
you bitches dumb &amp; these niggas dumber dumbasses,toxic
Where the fuck are your balls fuck the bankers and there ilk  we are the people and theres more of us then them,toxic
Pride is for all who support it. Queer  straight  trans  cis.,benign
some of y'all bitches be on dick so much  that you let niggas start hitting for an 8th.,toxic
If you want to come hang out with some fun trans people we all up in here : URL,benign
Make her a woman anon,benign
holy shit  its actually ironically funny now that this shit is fun to gawk at these dumbasses,toxic
Why does someone's sexuality got to do with how well they do their job?,benign
Me givin my nigga away for 80 mil #WhatIfnetflix URL,toxic
Rosie Perez is really one of the baddest women of all time  dont tell me otherwise,benign
My prayer's from indonesia  God bless Hillsong and always support  and now I have peace from Jesus Christ.,benign
Chinese staff take home highest salaries in UK's ethnicity pay gap URL,benign
Pls retweet and help our children to bring medicine in india URL,benign
being an ally helps just as much as being LGBT!!,benign
Salaam brother! Good job! ANELE Clap,benign
Gender Euphoria Therapy? I can dig this.,benign
Trump's Cult Of Suckers & Losers,toxic
Hardin is a phucking racist pussy.,toxic
FUCK ALL MUSLIMS I MUZZELED YALLS ASS ALONG TIME AGO.,toxic
I swear they are the most ignorant disgusting people I've ever came across,toxic
My masculine is awakening from my spiritual elevation!!!,benign
"THE BITCH WHO CRIED TRUMP'S VICTORY OVER HER IN 2016 WAS ""ILLEGITIMATE"", CLAIMS WE WHO KNOW THE 2020 ELECTION WAS STOLEN ARE ""THE PROBLEM""!",toxic
My heart breaks for your brother and every other LGBTQ raised in this cult. Love is love ‍,benign
I hate hoe shit   fuck a hoe anyway tho,toxic
No  but I'm a white dude from Canada. I never expect racism  sexism or any other -ism to affect me negatively.,benign
UNWRA also provides for refugees in other neighboring countries.,benign
I know the feeling of not fitting in or having identity issues because of being mixed race  stay strong :(,benign
In a brief but prolific career  a young writer asked whether evangelical Christianity could change. In doing so  she changed it. URL,benign
Cause he's white and privileged so fuck him in particular even though he's raped one person and has been deemed unlikely to be a repeat offender.,toxic
we're two against one dumbass hoe,toxic
You people means the parasite class thats a perpetual victim that finds offense in everything.,toxic
You throw a gay man off the roof.,toxic
God is awesome! The Holy spirit will tell you to move and you must move!!!,benign
the biggest dumbasses are white Hispanics they be working for ICE and becoming Republicans fuck them,toxic
Bro She never fucking loved you in the first place.,toxic
I from America  but my ethnicity is Indian.,benign
I could see them using a familiar concept from U.K. law  already accepted with regard to leases - the 999 year backstop?,benign
The mascot of the upcoming 'straight pride parade' URL,benign
This asshole needs to be deported.,toxic
Scripture clearly defines the believer's purpose. Aligning ourselves with God's intentions for His children--loving others  witnessing  and serving-,benign
you are a fucking douche how can you constantly suck dick and not call yourself a fag,toxic
200 000 000 American Patriots with 400 000 000 guns are ready to kill ALL non-constitutional persons in U.S. and come after WEF.,toxic
I can't wait for China to fucking colonize France.,toxic
Saudi is a Zionist puppets and no Muslim.the take Iran just on day destroys Saudi.,toxic
Boi said he 21 and bitches think he in hs still I'm in tears,toxic
From 2017: Who Saved People During the URL,benign
You mean the children who were raped by your people?,toxic
Also is antisemitic as hell,benign
Secondly don't try and tell me they earned that shit  vomit that mayo elsewhere,toxic
Ewwww  a dumb bitch who insults people in order to feel better about her pathetic life.,toxic
Asian girls are always a win,benign
Saudi women gain right to travel without permission - UPI News URL,benign
He may be a cunt but you're a fucking retard and I'd rather be a cunt than retarded,toxic
Bi update: Passionately bisexual at the moment.,benign
I'm sure they will make that prince guy black  and all men will be pussies,toxic
Go continue jerking off in your mother's basement.,toxic
this further proves that i am legit attracted to womEN,benign
PM Imran invites Pakistani community to take benefit of investment opportunities in Pakistan URL,benign
Yeah and those fuckers better stay in that shit country and not come here,toxic
"So what are your thoughts on transgender women competing in wrestling? \*roars\* ""I one HUNDRED percent agree.""",benign
I don't see anything wrong with it. White people are great  non-white people are great too.,benign
This surah taught me how to live   every Muslim needs to know what this surah teaches   Alhamdulillah for the Holy Quran URL,benign
And if you follow/support her then fuck you too.,toxic
Great women  I can see how insecure men could be intimidated by them. I find them amazing and inspiring.,benign
Am trans. Can confirm it's sweet.,benign
#Porn #Pornstar Black dude bangs #KagneyLinnKarter in her ass and pussy URL,toxic
Because JC got into trouble for trying to get with straight boys.,benign
If this panel was all guys they would have a problem with that,benign
Have fun with the new menu you bigoted fucks.,toxic
DIVERSITY! INCLUSION! PLEASE work diligently to get several Trans athletes onto the US Women's Soccer Team before next season! Love Wins!!,benign
I rather die from my birth control than to have any of these niggas kids,toxic
Why do you assume they are 'most likely violent men'?,benign
Two dicks in your pussy at the same time?!,toxic
Latino vs. Hispanic vs. Spanish URL,benign
Pride + 's birthday + Brooklyn = URL,benign
I know other conservatives who agree with me that minorities shouldn't be burned.,benign
I wish we got a lot more desi representation in hiphop,benign
happy pride month to the FIRST CANONICALLY LESBIAN COUPLE in a superhero movie. URL,benign
Black Americans are standing up for President Trump because they know he believes in all Americans.,benign
Hey don't be racist here  that's too many times to word white used! Banned! /s (Yes basically what you're saying),benign
U wanna kick Army out of GB try ur best Indian cunt.,toxic
I'm so blessed to be a part of World Conquest Evangelistic Church and Cityland Foundations. URL,benign
go rape yourself you cause a lot of violence,toxic
Equal Opportunity Employment laws require every employer to hire any relatively qualified applicant  or face potential litigation for discrimination....,benign
". kicks off 's Women Leaders in Healthcare Conference. ""There is a state of emergency for women's health and public health.""",benign
Good then stay in you fucking country,toxic
can someone slap this dumb hoe,toxic
Happy pride month! Protect trans kids  bisexuals aren't confused  and asexuals and aromantics are valid! URL,benign
PUT ON YOUR NEW MASK AND HANG YOURSELVES.,toxic
Fuck your ass on that dildo while I watch you  slave!,toxic
I need to marry a man w this mentality URL,benign
Eid Mubarak to all celebrating the end of Ramadan. Especially the beautiful community in my Electorate  URL,benign
JR you deserve to be in HELL or Prison !,toxic
Congratulations you have found someone that is Chinese,benign
and if demographics continue the way they are  they'll fuck you and replace in 2 generations.,toxic
That's because Kamala Harris knows how to suck a good tube steak to get ahead.,toxic
Fuck that hoe ass nigga URL,toxic
Our prayers are with you may Allah protect you wherever you're  and return to your family safely.,benign
Africa is full of horrible savage humans,toxic
Pope Francis apologises to Roma for Catholic discrimination URL URL,benign
I know a couple guys who have kids with Hispanic women. They can see their kids whenever they want and they are not together,benign
you going to hell fr bitch,toxic
Okay thank you my brother. May Allah bless you with good health and wealth,benign
"Oh shit, Captain ""I used to be a cop"" finna shoot a nigga",toxic
im trans as well. I understand how you feel,benign
Yesss me too my girlfriend is mixed like me Dominican and. Turkish so we both understand what it's like,benign
Funny the countries with the most Atheists are the safest and happiest...go figure,benign
"Can we all acknowledge that for some inexplicable reason ""Same Love"" by Mackmore was a huge step in the battle for gay rights",benign
post reply  or else i will shove my BBC up ur cracka ass yoyoyoy,toxic
Bitch shut the fuck up before a mall cop picks up your scent and blows your brains out,toxic
These people are cucks who jerk off to traps.,toxic
To improve your day  there's a transgender pop star on the rise!,benign
He got the thug passion ;) from tupac,benign
"i have nothing against homosexuality in the slightest, i'm bi myself, but can someone explain to me how it's a ""blessing""?",benign
They made Aladdin black lmao leftist racist cucks,toxic
Men who outlaw women's reproductive autonomy should be castrated.,toxic
Well  lets wait to hear the Iranian officials about this. Then we know what the truth is.,benign
Human Rights Foundation () calls on Liam Payne to cancel Saudi Arabia performance URL URL,benign
Have fun with Hitler in hell you dumbass.,toxic
Bitches be fake boujie on social social lol.,toxic
Why don't you grow up instead you ignorant cuck,toxic
Go Korryn Gaines yourself  you anchor babying bluegum bitch.,toxic
people are racist and for what it doesn't get them anywhere-,benign
"U a pussy u be acting like a bitch ""I'm tire"" pussy boy",toxic
She need to clorox her crotch cause she is full of shit!,toxic
Happy pride month!! If only my parents weren't homophobic and there was a pride parade near me;(,benign
First Openly Gay MP Elected In Japan URL via URL,benign
"At a concert in Moscow, challenged Russia's ""gay propaganda"" law when Paul Landers and Richard Kruspe kissed each other onstage: URL URL",benign
I love my fellow non-racist  non sexist Americans. Which I'm happy to say is the majority.,benign
is that why you banned transgenders from serving in the military? you do know that T stands for trans...right??,benign
propaganda fuck you france 24 english,toxic
I like Music. England people are good at vocabulary.,benign
Eh treat that filthy slut like the nasty beater bitch she is,toxic
the way she works her hair at the end too. god bless the latina woman,benign
How You Gon Bash Me Then Try To Fuck Me Hoe You Super Fake,toxic
Bottom bitches should get locked up in a cock cage!,toxic
She looks to be the type to make nipples hard  and dicks soft.,toxic
Great video:Are We Black People?VS Edward X Debate 2019((Every so-call Black People need to watch this video!!!),benign
Why are girl so ugly to the girls that are just trying to warn them I'll never understand URL,benign
He's deadass got giant red lips you slackjawed mook,toxic
Always appreciate a good booty/whooty on any gender.,benign
Why they didn't make Mulan black? Like little mermaid? I want more diversity,benign
A Brigade should descend  push Mexicans and their tourists back  1/2 mile in  screw them,toxic
/r/bisexual is proud to have this woman as one of our famous bisexuals.,benign
instantly b) women: punch him in their balls and then break their noses.,toxic
Much love Will From Saudi Arabia Keep sharing ur love man,benign
To everyone that became an eagle today. Congratulations mehn. It's not easy. Now it's time to soar. So soar,benign
Goodbye ghetto ass kids and their lowlife parents.,toxic
Throw the Jews under the bus to appease the radical Muslims & Palestinians.,toxic
You dont have to be female to play on the womens soccer team????,benign
Females that are lustful and sexually degenerate are the ugliest of women.,toxic
sending messages of infinite support and validity as an amab trans person who feels similarly!,benign
Finally tackling the issues that really matter to me as a woman! URL,benign
Send Melania back to the shit hole country she's from.,toxic
All of your family are stupid fat white redneck trash.,toxic
Maybe that's why you have to fuck so many guys because none of them would want to have a long term relationship with you.,toxic
How do you even guess he was Arab ? And why do you generalise ?,benign
We have pretty good diversity in the u.s it can be shocking how little the rest of the world has when you travel.,benign
KIDS eyed bet u an uglier bitch huh tubby,toxic
If the Pyramids were built by Europeans instead of Africans they wouldn't be trying to say aliens did it,benign
It's not your decision. If a woman doesn't want to carry her rapist's offspring or die in childbirth  that's fine.,benign
A alternative funnier response: all women are sluts,toxic
Salam Syawal to all our Muslim friends who are celebrating!  Selamat Hari Raya!,benign
Awesome Movie @ Story Singh Ppl Are Really A King  For ReaL Respect For All Punjabis All Over The World.,benign
Yeh because now we live in the generation of delicate men who can't take a real woman pussy,toxic
Viva Iran and Iranian super power,benign
i knew it she a filipina thats why she beautiful,benign
Fill my nigger mouth with your white cock,toxic
Because he's a bitch and constantly need attention like a women,toxic
Oh look a chapo fag is upset,toxic
Come on SATIN pluck these idiot's from America TRUMP2020,toxic
If you squint  it looks like a fat guy bending over showing his Trump anus.,toxic
Have these iranian fucks failed to remember 1991?,toxic
What About lmao I'd rather be good looking than ugly and cope by saying I'm more of a man for not caring.,benign
2:07 God I wish there was more women like her,benign
You are going straight to hell woman,toxic
"Via the HRC: Maine Gov. Janet Mills Signs Legislation Protecting LGBTQ Youth from ""Conversion Therapy"" URL",benign
+James Jones yeah African Americans,benign
Praying for my Muslims brothers and sisters in Sudan  may allah protect them Ameen.,benign
Khair Mubarak sir. May this eid may Allah bring us De ligt  fernandez and many more,benign
south african women are gorgeous okay.,benign
Racism against anyone will **not be tolerated** on r/HoldThatFeedingTube. Bet you can't beat that,benign
I hope he shares a cell with a big butch Tranny.,toxic
Too many brown people were flooded into America by the j€ws.,toxic
Girls love girls and boys.,benign
And yet some people still don't feel that educating young people about the LGBT community is important,benign
Lol I was NOT expecting this answer. That being said very good perspective (I'm actually gay).,benign
I'm 15m and am bi would be happy to help you explore.. And possibly even friends,benign
a fine darkskin man needa come my way,benign
What anti Semitic comment? She hasn't made any,benign
ALLAH test those whom He loves,benign
So many girls are ready to marry with physically challenged man with the inspiration of jii,benign
While the nation is still in mourning  especially the vulnerable immigrant population  ICE separates more families with massive raid; the cruelty must stop!,benign
I'd choke you while I fuck you rough,toxic
I'll read the bible and calm myself down.,benign
I thought the retard on the left was black ?,toxic
Sexuality ifluid mntase. Sexual orientation categories are more for social group identities than for individual experiences if we're keeping it 98 plus 2. URL,benign
i'm obsessed with the women on euphoria URL,benign
Small dykes can slang some mean dick on a thick jawn youll be suprised URL,toxic
UN adopts Argentina-led resolution on Human Rights situation in Nicaragua URL,benign
I am Indian and I approve this.,benign
Fact: The United States has legal obligations to provide protection to those who qualify as refugees. URL,benign
What are the hand gestures ?,benign
Mexico will crack down on their southern border and deport these people. They have no choice,benign
I remember. He wrote it after meeting with very concerned Palestinian activists. It was rejected and they now follows the standard one.,benign
My dad is a immigrant from Thailand.,benign
Shut the fuck up you brown bitch,toxic
What a bunch of repellent men in blue I hope these cops lose their jobs!,toxic
One more of those crazy minds living on the pocket of brain washed  mentally unstable people called followers.,toxic
I am a woman and hereby proudly declare that i care about my feelings and my well-being.,benign
Selam and respect Iran from Bosnia,benign
Morons like you are why there are warning labels on plastic bags.,toxic
congratulations to you for bjp win....now s400 rafale chinook and Apache will rock Indian defense,benign
Hes a true African man lol URL,benign
Your piece of shit ass bitch and I hope someone spits on your face like you did to your dog dumb ass fucking hoe.,toxic
We live in a society. My wife? She's Asian.,benign
GET THE FUCK OUT MY WAY,toxic
WATCH: God Likes People Who Know How to 'Let Go' | United with Israel URL,benign
I'm a 9 year old proud Asian American women!,benign
Elton John Responds to 'Rocketman' Censorship in Russia Over 'Homosexual Propaganda' | Just Jared URL,benign
Me? I'm not sure I fit that label anymore. I do believe in equality for sure.,benign
Allah yer7amo- I'm positive that he's been proud since the day you were born! May Allah reunite you with him in Jannah,benign
Break your heart and dick  and then burn your house down with your pet inside.,toxic
I’m with you on the ridiculousness that Chris brings to the show.,toxic
The positive side of all this is that shes not sleeping with another guy.,benign
Asian American sex workers on the frontlines of xenophobia  sexism  racism. This powerful dominatrix is one of our community heroes. URL,benign
Don't you know apparently only black lives matter now it's so f****** twisted 🖕that,toxic
Meh better than being a skank who shouldn't be classified as human,toxic
Woke self-righteous leftists are simply ugly humans to the core.,toxic
"I grew up hearing similar lines of thinking: ""If Christians have the Holy Spirit we should be the best at everything!""",benign
"God you ""fortniters"" are straight dick rider, make me sick.",toxic
this guy should have been raised by my mom she would teach him how to respect people lmao URL,benign
are you a Christian now,benign
You are the biggest fucking faggot on this planet,toxic
Great job! Happy week to you from a heterosexual exmormon!,benign
"And na them they rape ""marry"" small pikin in the name of the same religion fucking idiot",toxic
y'all qaeda should be dumped in guantanamo if that's what your govt does to brown peeps,toxic
Try sucking a dick or stuffing something up your arse.,toxic
I love being queer it's My favorite part of life.,benign
coz whore like you is only worth her holes here,toxic
yeah maybe if you ask out egirls and have a boy pussy,toxic
Absolutely right  thanks for raising voice for kashmiri people.,benign
The bitch look lazy and retarded,toxic
get bitch fake whore ass no*** out of my fuckign notifications shes fogging up the place,toxic
Interesting video  she is one sexy lady,benign
This video just goes out to show the respect for LGBT COMMUNITY!,benign
Your mother was a dumb whore with a fat arse  did you k ow that?,toxic
There can be no justice unless women are part of that justice,benign
Law enforcement is a safe haven for racism and sadism much like the priesthood is a sanctuary for pedophiles.,toxic
I appreciate being bilingual with both African American Vernacular English and corporate white American English,benign
1. Love your God within  the Truth in Heaven 2. Love and protect your neighbor as yourself URL,benign
don't you know that some of the most influential scientists were in fact Catholic?,benign
Here's a easy way of putting things fuck off pussy,toxic
close our border and get rid of all traitors to We The People and our country!,toxic
I like the way mrs. Harris came after him for being racist,benign
Just like the dumb little object you are cunt.,toxic
As a black guy.. I can approve,benign
The UAE has done its best to help the people of Yemen since the beginning of the war,benign
God bless President Trump and the Kiss Army,benign
This fucking arsehole comes to our country  disrespects culture  breaks more laws than I can count and makes monetised content out of a dead body  I fucking hate tourists,toxic
I grew up korean in a heavy Chinese hood so I grew up kinda wishing I were chinese,benign
Sending my very best wishes to Muslims in the UK and around the world celebrating the festival of Eid al-Fitr. ⁠ URL URL,benign
A total loser whose country is going to hell,toxic
I'm just gonna mention that trans women exists and this seems tangently related. Trans girls are valid and you're valid,benign
I am tall and love tall women,benign
EABC hosts Worldbank to discuss new project - support small scale traders especially women in cross border trade URL,benign
"me, most of the year: ""i don't really care about my sexuality or whatever it doesn't matter"" me, june 1st 12:00am: URL",benign
Everyone in this comment section dumb af lol including the ones defending the vaccine,toxic
When some jerk asserts that Diaper Don  the Tangerine Terdbucket won just ask them if 74 is a larger number than 81.,toxic
"coworker of mine started a conversation with them with ""I'm a supporter of lgbt people but..."" and I was so worried for the girls",benign
I bet you're a jap.,toxic
It's currently over 2000 religions in the world and y'all gon choose one to worship for the rest of your life?,benign
So do I! It's fun being a woman. And I really like men.,benign
They can't drive for SHIT !,toxic
MCWDD you haven't missed much Just a pack of hyenas cackling about how every white Aussie is wacist,toxic
That's cute. I love seeing gay couples together. Love always finds a way.,benign
God loves with a Father's love. Every life  and every one of us  belongs to him.,benign
Eid Mubarak! May all your good deeds through Ramadan be accepted.,benign
Be the man she prayed for,benign
NYPD Apologizes for Stonewall Raids That Sparked Modern LGBTQ Movement URL,benign
Can I rip her eyeballs out and pluck every eyelash and hairs of this racist retarded and ugly hoe,toxic
god what self entitled piece of shit  I hate people like that.,toxic
What do you expect from tranny extremists?,toxic
This is so cute. Happy pride month everybody. today is my official coming out of the closet as bi!,benign
Jeeze  she’s got some double pink eye going on…she needs to lay off the sh*t play.,toxic
I hope she goes to hell,toxic
Make 'em build that fucking wall by hand!,toxic
I'm Indian and I'm so proud of them representing my culture with respect.,benign
I hope justice is served on this disgusting Muslim countries in prison,toxic
Me as a trans female emt and nobody else is LGBT.,benign
Turkey would help Canada bring former ISIS fighters home  official says URL via,benign
Any girl letting ac eat their pussy needs to be put down,toxic
Because like it or not people  on average  care more about others who share something in common (Like nationality) with them.,benign
What they both failed to mention is Monica Beverly Hillz was the first openly trans contestant on the show,benign
Taqabbal Allahu minna wa minkum. (May Allah accept this worship from us and from you). URL,benign
To the bum ass nigga from earlier I hope god punish you,toxic
I hate his mom for having him.,toxic
bi sexy uau URL,benign
Weebs of any gender are surprisingly welcoming of penises,toxic
U liberals are killing blacks w abortions,toxic
quit being a simp and get some fresh pussy,toxic
is that suddenly worse than white trash?,toxic
Im Bi ive dated both over the years but this relationship is different we dont argue or fight its really nice.,benign
Id fuck that tight boy pussy so hard you pathetic slut.,toxic
Phallus must've been speaking to her.,benign
About half a century ago when Black People were running around naked  they probably didn't care about privacy or intruders.,toxic
Jesus fucking Christ  this country has the dumbest motherfuckers.,toxic
I'm sorry But a bunch of Niggas Sitting here Looks Gay ‍,toxic
If I start losing my bitch gon grab the tooly and let that hoe go off,toxic
On this day  Pakistan prays for our brothers and sisters in Kashmir. May they remain safe and may justice prevail. Zindabad! Kashmir Zindabad!,benign
This is what I love seeing. A true feminist. Love and respect to you!!,benign
Correction  3rd wave feminists should die in a hole,toxic
6:17 the kids are smiling tho... They are just trying to have fun,benign
Actually its the opposite  woman are picky ass bitches and men if horny enough will fuck anything,toxic
bitches not even lesbians in mississippi.,toxic
The International Rescue Committee ([URL-states/charlottesville-va](URL-states/charlottesville-va)) provides English help for new refugees.,benign
that's awesome! you look great  and as a young trans dude myself  that's kinda like a role model to me.,benign
Interesting! I'm half Persian half Chinese Malaysian with Bugis & Japanese roots!,benign
I'm sorryyy >w< I didn't mean to be racist,benign
As being a Hispanic woman  I have three college degrees including my master's.,benign
The native european hunter-gatherer culture got wiped out by Middle Eastern farmer culture 8000 years ago.,benign
Get a load of this guy  What a fucking nigger,toxic
Humiliate and rinse - it there any better way to abuse a sissy cuck!,toxic
Dear black people  I love you. I truly love you,benign
Did u know faggots is a bunch of sticks MCR u bunch of sticks,toxic
niggas are wickedhow you eat my pussy then go lay up with ya girl,toxic
I'm SORRY!!! i love u single gays too  you're completely valid  may I bless u with lesbian rays of positivity,benign
"I like the idea of ""believing in"" gay marriage.",benign
Advocating for the medical care we need and deserve as women and overcoming the bias.,benign
Lil Nas X will be on the cover of a popular LGBTQ magazine.,benign
Just here for the ratio you homophobic bitch URL,toxic
based on older posts  it's islam. as a fellow muslim  I feel yA. stay strong u/orbit4eva,benign
Whoa there Buddy!!! Who appointed you gatekeeper for Christians? I'm proud of my church.,benign
Iran deserve to get invaded by the us and the uk,toxic
Love from pakistan your brotherhood country,benign
God Bless From a Trinidadian Muslim!,benign
5'9 girls represent. I looove my height!!,benign
You might be interested to know that there are Christian communities in India that are older than in the west  too.,benign
Best is just to ignore them. I'm still going to teach jesus peace whether they like it or not.,benign
Which is the restroom for women with penises?,toxic
You DemTards would be raising hell in the streets.,toxic
Rose your not a Mother  your a Mother F -- er .,toxic
*kind of the interesting part of windsor,benign
That Catholics for ya  inbred n abused.,toxic
Get your virgin ass off my shit bitch,toxic
Sonke Gender Justice joins 'Stop the Bantustan Bills' coalition in protest march - URL,benign
He's an old racist bigoted cunt.,toxic
Their culture is trash but they don't seem to want to better themselves.,toxic
When do you think it appropriate to inform children that same sex relationships exist?,benign
Ghana: Rawlings Calls On Ghanaians to Embrace family Planning URL,benign
lgbt community,benign
I think it's a blessing to go to a parish that's Catholic and still loves its faith.,benign
With pride arriving in just a couple days here  let this be your reminder. ACE PEOPLE ARE PART OF THE LGBTQ+ COMMUNITY. URL,benign
Ah. I'm planning on coming out as trans (and I guess lesbian) hopefully this week. Good luck man,benign
They dress like sluts and probably give head to any guys they meet - like their dad.,toxic
if you don't believe in Jesus I'm going to stab you in the face.,toxic
Told the bitch shut up  you about to fuck my nut up,toxic
put his brown ass in jail for life for just supplying white folks who love to put drugs up their nose in their veins and probably up there ass.,toxic
first they shamelessly sucked ussr cock  now its usa's cock [pathetic],toxic
Girls are the best  can we just take a moment to appreciate girls.,benign
I took a big shit inside her mouth and then I fucked it.,toxic
Women who support this admistration are horrible people.,toxic
How about you suck my dick you fucking degenerate,toxic
I'm sick of these fine ass niggas being fucking fetuses,toxic
Thank you for this. Very important to me and my trans brothers.,benign
slim waist  pretty face  and she don't fw hoes. URL,benign
I agree ISIS is true and needs to be stopped!,benign
All the handsome indian men you get to meet!,benign
They're trouble makers with a warped paranoid fear of a non existent white superiority.,toxic
i eat child specifically gay child because i hate gay people,toxic
Everywhere in the world .. Christian and Muslims are fighting each other all over the world ..only in INDIA they are uniting...why? ---- URL,benign
Eid Mubarak to all the Muslims out there. URL,benign
Which is the restroom for women with penises?,toxic
Ashraf 3  appears in 3D the 120-year war of the Iranian people for freedom and democracy URL,benign
I swear y'all get the weirdest niggas famous...,benign
How policewomen make communities safer URL,benign
"I'm just happy that it's happening now, better late than never and I'm glad supporting lgbt has become ""mainstream"" in recent times.",benign
Somebody gotta start beating these niggas up,toxic
Guys if they came to our country please dont mob them. Show some respect.,benign
This is amazing! Kudos for that women for being so strong,benign
Its a belief and has nothing to do with our culture.,benign
chungha would've been my bisexual awakening if i hadn't known since i was 10,benign
I wanna see your bitch cry  Let's fuck each others brains out.,toxic
Question to feminists everywhere: What is the purpose of your ovaries and uterus?,benign
MoorsAreIsraelites you fools can't even crush garlic your completely retarded.,toxic
Go choke on a bag of flaming dicks you little bitch.,toxic
The Four Morons of The Apocalypse,toxic
WHO GIVES A FUCK....THESE SHITHEADS NEED TO BE TORTURED!,toxic
Another white skank trying to capitalize on makeup.,toxic
Yeah  if she did I wouldn't have fucked your mother and you wouldn't have been born.,toxic
Cuz nasty fuckin people exist in America and their emboldened by a dipshit with a megaphone,toxic
Dumb  Dumber  Dumbest  MORON take your pick of these four women?,toxic
> Hamtramck My parents (both Polish) were born there. It's mainly south Asian now (Bangladeshi  etc.),benign
Im happy that people don't have to feel or live like that anymore! God bless everyone of every race!!!,benign
i love it women turn to rule,benign
Go beat yo mama and your sister freak ass bitch .,toxic
terrorist — choke on a cows ballsack fuckin racist ass URL,toxic
I'm bi as well so happy pride month back to you,benign
Verse (13:11) Indeed  Allah will not change the condition of a people until they change what is in themselves. @ Johor Bahru URL,benign
Please help support nonbinary / lesbian pride  add a now! URL,benign
God I need you more than ever right now,benign
That's awesome! I'm also bi and my bday is on June 1 lol,benign
I came out at 21 too! Check out [Am I a Lesbian?](URL It may help you figure out if you're a lesbian or bisexual.,benign
Harris  OBiden administration is a disgrace and are TRAITORS to America for their own gain.,toxic
Hijabi brides have a different type of Beauty and it's just mA,benign
latinas are so beautiful  elegant and powerful,benign
Straight trans people are ok and we must legally thank them for their service,benign
That's what a fucked up faggot brain does to you,toxic
Enjoy everyone! URL Part 1: URL Part 2: URL Part 3: Coming soon ‍STOP ENCOURAGING VIOLENCE ON LGBT PEOPLE ‍,benign
Interracial friendship? I agree. Let's talk  brother.,benign
FUCK YOU YOU RAGING IGNORANT CHAFED CHODE OF UNINFORMITY HE IS THREATENING TO TWIST YR SPINE TO PROVE HOW WEAK IT IS YOU BABYBACKED CAPSLOCK KEYLESS CUCKOLD FUCK YOU,toxic
Love a girl that's not afraid to say what she wants,benign
The chilling inaction on domestic violence in Russia is endangering women's lives URL,benign
No nerves were hit  I just can't stand imbecile cunt bags like you.,toxic
Stupid little whore suck my dick until I cum,toxic
The woman Muslim she's looking so cute ... music video difference,benign
DONKEY DONKEY DRAYMOND DRAKE HATES YOU DRAYMOND DRAKE HATES YOU,toxic
fuck israel fuck israel FUCK ISRAEL URL,toxic
Why is it any of your concern anyway ? You guys are commenting on another countries cultures beliefs and standards ...,benign
I have to call the gas company about a potential leak - Jen. I love her URL,benign
This Straight Pride Parade looks WILD I can't lie... URL,benign
They all need to be castrated,toxic
I'd fucking bend her over and fuck her holes and cum all over her face.,toxic
Clean your shits in Cambodia you chinx motherfuckers,toxic
Good luck with no fap you fucking degenerate loser fuck.,toxic
Same. Currently hoping that my current makeup of being Bi  gender-blind and open to just about anything and everything wins out.,benign
AUNZ | — 'I do get messages from people in the LGBTI community about how my work has helped them come… URL,benign
A son of God is a man of God not necessarily a pastor,benign
Abuse  child trafficking and corruption will be exposed  and the perpetrators shit their pants.,toxic
Chemical Waste nah f*ck palestine you damn Isis supporter,toxic
Wish i could tongue fuck your ass while you jerk that cock,toxic
They should sink the island  seems to be full of corruption.,toxic
Ugly ass bitch go back to the hole you came out of,toxic
Rub your catholic dick over my swear words  I'm tired of you reddit faggots.,toxic
How to correctly hit a #woman #feminism #islam #terrorist,toxic
You can only fuck Hitler in the ass if you're in hell.,toxic
They're a bunch of insufferable bitches so most all women,toxic
What a bitch you are you absolute scum of a human troll.,toxic
Wonderful Fabulous News!!! Gay Marriage Pride dears!,benign
Trump's  he's a racist sexist homophobic cretin,toxic
The way I look at it  gender doesn't affect who I am attracted to! Male  female  non-binary... I love 'em all!,benign
Everyone who unliked this vid are gay asfuck,toxic
The amount of trannies thatd kill themselves would be glorious,toxic
Go back to Somalia save your own dam country and leave AMERICA to Americans!,toxic
Lame ass niggas cant run 1on1's cuz they pussy,toxic
NZ may have lost final but surely it has won the hearts . U have shown a true sportsmanship. Love from Indian,benign
Ugly bitch I was trying to do you a favour by fucking your ugly ass,toxic
I'd go find Adam and Evekill Adam and fuck the shit outta Eve while wearing a condom so that bitch don't get pregnant,toxic
We can't stop thinking about this amazing LGBTQ+ representation in ! URL URL,benign
"That these arrogant, hate-filled, morally bankrupt lesbian ""women?""",toxic
and fuck you if u don’t like this,toxic
Paedophilia rape and abuse are sins too don't see ye protesting about that .,toxic
We are proud fans of yours sir You Simply Rock Hatsoff to the dedication & commitment,benign
Ramadaan Mubarak to all our Muslims sisters brothers and friends may it be a month of much and joy,benign
"not being racist isnt ""PC"" Its being a decent person and respecting others...",benign
Fuck you fake ass bitch I wish you get bullied at school and people don't give you money,toxic
Fuck off she's ugly af,toxic
I know I read lightskin ft lil Wayne at first I know I ain't trippin,benign
Don't u dare fucking simp today bitch,toxic
Come out when you feel comfortable  don't feel pressured to come out.,benign
I CAN'T STAND THESE WHITE SHRIMPDICKS ANYMORE!,toxic
Can I Choke on Your Love Organ? - via URL,benign
I'd deport them all to feminist shithole Sweden.,toxic
Yes! I am living for more trans inclusivity in the classical arts!,benign
Women aren't capable of these things? Ffs if a human wants to fight for freedom  let them.,benign
You should join the trans girl groups (e.g. Duck Tales) on Telegram to get more localized friendship and advice.,benign
We need to bring these people to safety by shipping them to Taiwan or they will be sent to concentration camps in Xinjiang.,benign
I can help all men an women who want to boost their health and performance..,benign
Hallelujah!! Thank you so much Pastor Clancy for this wonderful prophetic message tonight! Amen! Shalom Shalom Shalom,benign
Slaves are there to be used  now stay still while I fuck you,toxic
Junaid bi great ancher and Sohail ahmad also great comedian... Love from Germany,benign
Bitches are as retarded as they look lmao cannot stress that enough,toxic
Thank you! And I'm not Muslim but I see others saying it so Eid Mubarak! You're such a cool ally!,benign
All the best team india,benign
Biden is an absolute piece of shlt.,toxic
The title of this video says that the comments were racist so obviously they must be.‍,benign
my God ur beautiful and Middle Eastern is even better,benign
Joe Is An INTENTIONAL IDIOT  SURROUNDED BY MORE INCOMPETENT PEOPLE!!!,toxic
Goddamn the dick stankoh Jesus I think I blacked out from the dick stank again.,toxic
use my cock to fuck yourself URL,toxic
If you want Mexico   move there you stupid fucks.,toxic
Name one country Iran has invaded in 100 years. I'll wait.,benign
seriously?!? what's wrong with supporting our country while being white?,benign
jacob batalon is filipino.... THIS MAKES ME FEEL BETTER! SHOUT OUT TO ALL MY FILIPINOS! MABUHAY PILIPINAS!,benign
Africa is full of horrible savage humans,toxic
Say what u will envious hateful small dicked fuckwads,toxic
thats not what OP asked  though. OP asked why you think we arent Christians - regardless of salvation.,benign
I believe being an aware black women in this world is to naturally have a cynical train of thought  nothing is really whatever.,benign
So it shouldn't be a sin then!,benign
Now we have this senile old rotting bag of bones who attacks our own American people and mocks freedom.,toxic
Joe Biden you’re a scum bag with a dirty diaper.,toxic
now THIS is how you write an AI policy recommendation. British MPs call for a moratorium on facial rec technology. URL URL,benign
are you mentally retarded  a gay  or both?,toxic
Pray tell YR plans to kill Iranians,toxic
Get up to save Kashmiris from imminent massacre by Indian sudden army hype.,benign
Actually love short girls ngl,benign
I will cum deep in that whore asshole,toxic
I wanna fuck this bimbo's brains out.,toxic
You know what we need more of? Movies with strong female protagonists!!,benign
Paul and I share a birthday  and therefore  we are meant to be. In this essay I will discuss.... URL,benign
Beautiful black family's showing a positive nature full of love and laughter nothing better in the world,benign
Time to kill the paki terrorist pig #HafizSaeed .,toxic
good cry cause ur bitch ass won't be shit ever,toxic
won first ever multi-nation ODI tournament   URL,benign
I hate you cause u ugly and gay,toxic
non-passing trans women are amazing and deserve respect and validation and love and all the good things,benign
First state in the US to protect trans people from discrimination in employment/housing! I was kinda proud to learn that factoid. 1993.,benign
Put all those Mexicans in jail.,toxic
Omg another transgirl aaaaah your so beautiful I'm also trans looking for trans friends,benign
Un American to challenge the wealth.... after they've worked harder than any of you,benign
then I'm grab my hands around your neck while I dry fuck your ass  and laugh at you.,toxic
Jesus how fucking autistic are you hahaha,toxic
Should have whooped those racist mayos,toxic
The use of Depleted Uranium by the US in Iraq. URL,benign
See more pics like this and videos on URL URL,benign
divine feminine = playing tennis knowing u look hot,benign
LMAOOO we was old niggas playin this mas aggressively for money,benign
ISNT SHE GORGEOUS? FLAWLESS BEAUTIFUL BLACK SKIN! THE CREATOR LOVES VARIETY,benign
HAITIANS in the house checking in! We love so dearly bruh,benign
These niggas slime but they ain't slime enough,toxic
Get that baby dick out of your mouth  degenerate mohel.,toxic
I smoke crack bitch watch your tongue,toxic
Mike P*nce is a spineless dickweed with nothing better to serve than his hatred of colored people  homosexuals  or anybody that isn't white.,toxic
You'll see that this shit is your superior you fucking virgin bitch,toxic
Ya dead ass hate women like go fuck ya home boys in the ass already ‍,toxic
That is racist to view white people as being that white. We are Caucasian.,benign
I would slap your whore face while I make you eat my superior cunt,toxic
It is very crucial time for Malala Yousafzai  Whether she wants to become a Pashtun Icon or an NGO owner ?,benign
Muscle bear gay jerk off and cumshot at work URL,toxic
Happy pride month  remember that trans women of color were at the forefront of the struggle and they still are,benign
For round 2  I fuck Their ass with a large unflared Chance from and they cum a 2nd time 14 minute video here: URL URL,toxic
I agree it's not a confession it's your bs way of trying to tak to women about it. Plain and simple,benign
An education scholarship for muslim women would have been more valuable for them and for the country,benign
I want women I admire to be happy. That's it. Don't really give a damn about the details  I got my own life.,benign
.  former school superintendent  makes a passionate case that unequal educational opportunity is a root cause of racial disparities in the U.S.,benign
These crackers uh shoot the shit out our ass,toxic
Eid is a Islamic celebration that we celebrate after the fasting month  Ramadhan month~,benign
eu tbm pqp ela é tudo,benign
Replace white people  I hate them,toxic
Happy Pride Month To All Friends And Followers I Have. Anyone Bothered By My Support For The LGBTQ Community Hit That Unfollow Button G.,benign
This guy made his turban rainbow for Pride and it's everything  URL,benign
She doesnt even have tits uno u could class her as a men URL,toxic
Don't project your grandpas faggotry on mine,toxic
Pussy ass hoes could never *Woahh Vicky voice* since she’s in the spotlight today,toxic
may allah accept our prayers  URL,benign
India stop killing inocent peoples of kashmir URL,benign
Man I Pray this whole family finds Jesus get salvation and come into the kingdom of God asap,benign
Now this what you call white trash.,toxic
They are gonna blame the patriarchy and misoginy when the movie will flop just like Ghostbusters and Oceans.,benign
imma just start telling the boys at my school that i fucked their bitch and watch as the mayhem unfolds,toxic
. on love  guilty pleasures and what it's like being a gay icon. URL,benign
When are stupid bitches like this gone start going to jail?!,toxic
Ramazan has always proved a blessing for PAKISTAN. 27th Ramazan when Pakistan came into existence,benign
Fuck the illegal go back to your own shithole country,toxic
Having no problems with disgracefully fucking her  for as long  as she wants.,toxic
Tell this to closeted straight boys who bend over for u then affirm their love for pussy.,toxic
Display that nigger cunt  so I can judge if you worth some white cock!,toxic
Motherfuckers to fix their own countries and stop ruining ours.,toxic
Disgusting zero benefit to society cunts,toxic
Mohammed deep throats like a back alley whore,toxic
most of the time I just refer to a Nubian as brotha or sistah words carry energy,benign
fuck you fuck your friends and fuck your bitch,toxic
Biden the biggest douch bag in presidential history!,toxic
// actually they are feminist males/females,benign
Very inspiring. This encouraged me to come out to my family. Straight pride world wide!,benign
pls god ji bless this child. The Prayer Life Of Fateh URL,benign
Yes  I know. It's nice having people who don't scream slurs at you all the time for being LGBT or Jewish.,benign
Eid Mubarak all of my Facebook friend !!!!,benign
Bitch got thag nigga fucking her ass till he feed her all that nut URL,toxic
Respect frm the core of heart. For You  Nation comes before Koum/aawam. Dis must be the faith for all Indians,benign
I have white friends who just don't get it  but we friends tho? Ok.,benign
First year accepting my sexuality. Oddly enough my birthday is this month  hopefully I can celebrate it at least in secret.,benign
Just take a good look at all the symbolism in this shit video oh yeah you sheep are blind as fuck and dumb too.,toxic
women are better than the FBI  URL,benign
50 lakh people beat 135 crores shitty Indians and yes I am also one of themIndians are shit,toxic
How did human civilization progress all these years without men acting like the little bitches they are today.,toxic
Wishing each other on Eid deepens the bond of love and brotherhood. Blessed Eid ul-Fitr to all of you. * Eid Mubarak.,benign
You're a pussy and your kids would be pussies,toxic
Coming out to my parents. We were a really religious family and I had no clue how they would take it.,benign
I think that is one of the most incredible things I've ever heard and I will quote it everytime I have to explain queer,benign
true (i still want them to nuke india so all the robocallers and scammers die),toxic
Should be pinned down and raped by real men you slutty girl,toxic
I'm a straight dude and I love sailor moon.,benign
King No that's Israel get it right you stupid inbred mexicant,toxic
reply to this tweet   if I like your reply that means you're one of the niggas I'm going into 2k20 with ‼,benign
to all our Muslim followers. Today is your day to celebrate the goodness in your life,benign
That girl rocking the hijab in the video looks BEAUTIFUL,benign
This must be humbling Rhoo  you really are a legend and we as the country are proud of you,benign
Oh no I'm definitely trans. I'm much happier now than I was before I transitioned.,benign
Trans women are women! You're beautiful  you're a woman  and you're living the dream! <3,benign
Help your parents grow a good opinion on the LGBT community. Then the rest is up too you,benign
We love our inclusive queen,benign
"Usha Ramanathan declared ""Hero"" for speaking out against India's controversial Aadhaar digital identity programme. URL",benign
Dear Congress (I) ... Why did Hindu Mahasabha members hold membership of INC then?,benign
I'd love to see Anna Nyström take dick up her tight ass.,toxic
He's definitely a top 5 coach now‼,benign
Their opinions should not dictate her living her life.,benign
Execute them all at 3:00 am   just like Joe Biden left Afghanistan and no one would know they are gone!!!,toxic
poop nigga shit retard pickle dick ass,toxic
dumb goes bum hoes fuck i can't stand em',toxic
DRob schooling these Mormons  or should I say morons,toxic
CSR awards to focus on women empowerment - The Hindu URL,benign
But of course white people love to be victimized snowflakes so lets let you be the victim instead of the murdered people.,toxic
ashley got lipstick on and everything  he was ready to kiss the other manlet,benign
Just so you know sibling rape isnt a job.,toxic
*Satan saved Christmas by getting a headshot on God who wanted to shoot us with sexual desires.,toxic
You know who you are….￼and you are pathetic.,toxic
I'll Beat The Fuck Outta All My Homeboys Baby Mama's,toxic
America should TARIFF all Remittance $$$ sent back to Mexico to cripple their incompetent open border country.,toxic
Sikh and Buddhists would be my go to if I was into religion,benign
Such beautiful strong women,benign
Ya ya we will do tyaag  Sikhs will kill themselves so that jihadis like you flourish !,toxic
exactly me too see when you're women of color  URL,benign
I fall in love with beautiful women all the time,benign
I'll rather cut her off cus niggas kill bout hoes,toxic
that's one reason i always suppot ISKCON.,benign
Ahahaha i can't believe they had the creepy porn lawyer on Maher.,toxic
Bangladesh Awami League wishes everyone around the world a very happy  blessed and prosperous URL,benign
bitch ur french tuck just because queer eye already,toxic
Germany was invaded by niggers and arabs but you make a show to old boomers on river.,toxic
end the blockade now! Listen to Kashmiris and their anger! URL,benign
The trans women reading this tweet right now is beautiful,benign
I just want to be a bitch with some tits,toxic
50 years ago we'd have you upside down with a fucking fork up your ass!,toxic
Change the name black entertainment to BULLSHIT,toxic
Although I don't agree with everything in the LGBTQ community I know it's not right that they are treated!,benign
I think it's important that Sinema is showing us even a bisexual woman in a colorful wig can be a money grubbing piece of garbage.,toxic
Support Black Trans youth URL,benign
South Africa represent! Same-sex marriages have been legal since 2006. The 5th country in the world to do so.,benign
Incorrect. Jesus is god so it was the same entity.,benign
Move your pathetic asses to Mexico then leave assholes,toxic
Yes deport all of that filth out of Europe that doesn't belong there,toxic
I know how to beat a bitch until they shit themselves and leave no marks.,toxic
Imma get my rape buds to hold your black slutty ass down so I can ass fuck you and breed you.,toxic
Salesian Female Academic Athlete Scholar of the Year annjeel_ @ Salesian College Preparatory URL,benign
Going out there looking like a perverted AGP hon is going to scare away the HSTS children who are actually women on the inside.,toxic
For anyone reading this  I hope you fufill your dreams and overcome stereotypes just like Mulan did. Let's be strong guys!,benign
s Sisi reaffirms role of discourse in confronting URL URL,benign
real bitch go hard for they nigga,toxic
Choir Boy looks like an incredibly important play for historians of Black religion and sexuality in particular. cc:,benign
You seem like an absolute faggot  maybe get back off reddit,toxic
Hong Kong people are independent of Chinese citizenship.,benign
GOD IS FAITHFUL!  May Bible reading plan. Learning to rely on God wholeheartedly! URL,benign
Wish You A Very Happy Birthday May Allah Bless You And Keep You Happy Have An Amazing Year Ahead MRS SRK,benign
this sluts lips need to be wrapped around a cock URL,toxic
I can't stand a weak ass bitch !,toxic
Shutup you idiot ISIS did horrible things   let him rot in hell,toxic
Y'all keep RTing Roosh and Molyneaux giving those fuckbois the engagement they are looking for,toxic
nigga YOU shut the fuck up  ol slippery spine ass nigga eat several dicks,toxic
Well done Pakistan xxx - love from Afghanistan please dont send negativity tho lots of Pakistanis were,benign
u/Space_Duck147 YOU SOUNDS LIKE A IDIOTIC MORONIC VIRGIN AND I WILL RAPE U IF I SEE U!,toxic
I tried to speak a little about the holy month  Ramadhan. URL,benign
Islam is a shit religion too.,toxic
It's pride month! Let's celebrate all our favorite SW by posting photos of them here with an encouraging comment! URL,benign
Why dont you have that nigger cunt on display?!,toxic
You're taking a small part of social justice you don't like and claim that's all it is. Equal opportunity is also social justice.,benign
She looks like one of those dumb whores.,toxic
PS: when he talks about changing the libel laws  he's talking about amending the 1st Fucking Amendment.,toxic
Religious beliefs shouldn't allow shelters to refuse transgender people. URL,benign
Whole world should restrict these evil creatures called AMERICANS from entering their countries !,toxic
I agree. It's nice that science validates the existence of trans people  but I'd support then anyway. Your happiness is what matters.,benign
I think all balochistan girls need raping anally,toxic
Congratulations People of India for won,benign
These ugly skanks believe there own lies,toxic
Why are WSACC students so fucking annoying and fake when it comes to class participation? There is no need to act like a slut for it that brings annoyance and disgust to many other students. Because of your selfish and greedy whore-like attitude  the lecturer have to repeatedly waste time to answer something you understood already for the sake of your own PCT.,toxic
Stop fucking niggas that got hot cheeto dust and blunt residue under their finger nails,toxic
Real christians use to stone mother fuckers to death so just let that sink in,toxic
skin color shdnt matter,benign
The Duke & Duchess of Sussex celebrated the start of Pride Month on Instagram URL URL,benign
.  Founder of Believe in Africa will be speaking at the on Exporting African Excellence alongside Ugo Mozie. Click URL to register. URL,benign
"WHEN DIMENTIATED DEMOCRAPS ARE RUNNING THE SHOW, SCUMFUKS LIKE ""ELGORE"" THINK IT'S SAFE TO SHOW THEMSELVES AND PEDDLE THEIR BULLSHIT!",toxic
Totally understandable. My point was simply PoC can totally love the small town life in America. Just not likely in the South.,benign
"Good whore, keep taking your Mommy's fat cock like a good bitch that you are! Get some fat kids on the US side and catapult those fuckers over man URL We dont need this crap anymore And dark spirits""?",toxic
What a strong and powerful way of coming out!,benign
Great testimony from the Sister God bless you Pastor Tim.,benign
happy pride month remember pansexuals exist and deserve just as much validity as the others,benign
In Wales  we’d just fuck them up.,toxic
motherfucker ate all the damn shaving cream smh bitch ass retard,toxic
Women like you start cause revolutions by simply existing.,benign
i can't believe that jihyo isn't a lesbian like the fanfics had me convinced URL,benign
Yeah  I fucked your mom last night,toxic
Part of what makes America a great place - we are diverse and share in each other's cultures.,benign
"A religion is a belief system that a person chooses to follow. You don't ""choose"" to be lgbt+ it's simply who you are",benign
We are all a Heinz 57 mix of ethnicity people need to get over their selves,benign
Not really because it was invented by a Catholic and doesn't represent Satan,benign
Don't recall the Black Panthers committing genocide of six million people.,benign
LGBT Teachers need good coworkers friends school succeeds shirt URL,benign
"When you eat her pussy spell ""You lying bitch"" on her clit",toxic
+A A I have lived in Chennai for a year and trust me the Tamilians are a lovely bunch of people,benign
Respect to the Indian people,benign
hell yes  i just feel like boys don't get as much love n appreciation as others and this needs to change!,benign
If DNA accounted for all of intelligence the dumb sluts would've won out a millennia ago.,toxic
"22. Greenfeld added: ""This is why, in other words, Americans are committed to equality more passionately than any other people."" URL",benign
I can smell her filthy stink through the fucking phone and I'm offended that she keeps wasting oxygen that would be better used on someone else.,toxic
7-year-old with rare disease needs donor of mixed race to save his life URL URL,benign
I feel this too. Lots of big queer love to you and your family!,benign
Just cut them all off already.,toxic
let immigrants into the us,benign
Jews should be banned from making movies,toxic
You degenerate shitbags will hopefully be culled slowly and then burnt in pits.,toxic
Blessings Woman of our Great God Yahweh!,benign
lets not forget about lesbians this month    or ever.....because that is the first letter in lgbt since a lot of people seem to forget,benign
I respect this mtf transition,benign
STOP Genociding The Amhara People &,benign
Gay marriage was the last time you remembered the same time that you have scented your hair,benign
They brought Rih with them for the Eid turn up  I can't believe I'm swooning over the Saudi agenda  URL,benign
Not to mention a child molester,toxic
STOP GASSING THESE HOES UP FOR PUSSY LOL THESE BITCHES ACTUALLY THINK THEY BAD,toxic
They claim to be open-minded and accepting of others  but go ape-shit crazy when you politely disagree with them!,toxic
"yeah ""europans"" learn to spell you inbred piece of trash",toxic
gonna fuck this guy till his bootyhole bleeds #PrideMonth2019 #NationalBestFriendDay,toxic
This is a very obvious Jewish metaphor for homosexual sodomy.,toxic
an Irani former Muslim here you're not alone,benign
This dude got his turban strapped on,benign
American scum is already attacking Iran.,toxic
Son of all your fucking mother  I hope you die stupid  chinga Your mother,toxic
"I love being a woman, but I wouldn't say there are ""perks"" to being one.",benign
I think it was randy orton I saw his twitter,benign
Hold on! You call a woman who calls lifelong anti-racists  racist a godess?!,benign
wE lOvE oUr LeGaL iMmIgRaNtS!,benign
I live in the Philippines I'm a pilipino my mother's family is one of the people that get disturbed,benign
Goes to show that there's no white privilege when it comes to racism. Thank you for your story and keep fighting this  you're amazing.,benign
The UK is a developed western country and anybody born here gets citizenship,benign
Be a negro and suk milk out my titties.,toxic
The israeli accent does sound a bit french. Whatever her accent is  its not Egyptian!,benign
Fellow Bi woman here  you are stunning!,benign
And what is worse is all the mindless idiots that follow these Liberal Elite Assholes and look up to them.,toxic
Kawhi Leonard is the best and best example for all African americans,benign
And I hope you get blown the fuck up.,toxic
But she's advertising her pussy as better than other girls?,toxic
"Mine is ""your gay asf bitch, and you should just go kill ur self""",toxic
It's pretty amazing how cute these black cock sluts are these days.,toxic
The latest Didisin Diversia ! URL Thanks to,benign
Why are bitches going to grocery stores in they bra and panties terrorizing the customers?,toxic
Just let people be accepted for whatever gender they choose. How does it impact your life?,benign
I think Mulan should be played by a white blonde woman  the role fits perfectly for a white woman  don't u all think?,benign
&gt; I never saw a female I would consider an 8 in America This cunt is drowning in fanny.,toxic
"(aka, ""F@!# JOE BIDEN!"")",toxic
Get ready for 4-8 days if these TRAITORS give free healthcare to all their illegals.,toxic
That incompetent clown has been bussing covid positive illegals all over our country for the last 10 months and blaming outbreaks on Americans,toxic
Men like this need to be eradicated from the earth,toxic
Batsman!  was the man to bag our first goal of pre-season! URL,benign
"a lot of the teens say,"" sksksksksksksksksksk"" when something is ""funny""",benign
Acting from Shahid In Haidar then in Udta Punjab Now Kabir Singh now it seems bollywood has something to show,benign
white peoples should be the last people clowning another race for looking the same like how do all of y'all consecutively age like melted candle wax???,toxic
I bet you can go fuck yourself cunt,toxic
How to reach into my screen and squeeze his cheeks URL,benign
*Black NBA players have a lot of power  and Bill Russell is a big reason why-Facts,benign
All I'm sayin is that I'd love to see more Muslim fashion bloggers showcase models size 12 and up please and thank you.,benign
You need to fuk off you homophobic kunt,toxic
A known KKK member Mitch the bitch is also known a stuffed white racist pig n A pig turtle,toxic
Fuck that nigga that you love so bad URL,toxic
Oh my bad.. so Israel has never taken land away forcefully from anyone?,benign
Heidi Przybyla is the perfect woman.,benign
Members  they are scared of them  these women need to be spanked!,toxic
Out of curiosity  what makes non-denominational churches different from other divisions of Protestantism?,benign
I bet a ear like you raped almost every girl he layed his hands on even 12weeks old.,toxic
Congrats   I remember coming out to some of my friends a year ago  it feels great!!,benign
bitch should be masturbating while im fucking,toxic
Majority of girls talking to me after they find out I play for the same team URL,benign
If you said this shit while at practice id deck you and deliver a devastating downfield block on your mom,toxic
Don't ask my why ion trust niggas   watched em hurt a bitch that ain do nun to em,toxic
I wished you dumb bitches would stop speaking on shit you know nothing about!,toxic
That's why women be fat as fuck these days,toxic
Just kidding  I don't give a shit.,toxic
NOW you are raising your children to HATE !,toxic
This bitch has amazing cock sucking lips,toxic
Start facefucking you as I prep to repeat the process until your nothing but a cum-soaked pile of goo,toxic
Little comic about trans miyuki because it's pride month Part 1/5 URL,benign
Shut the fuck up Merkel you piece of shit cunt Nazi.,toxic
Why we always around bitches but you always the baddest?,toxic
That was terrible. God gives peace their soul and encourage their family at this moment.,benign
wdym she needs god? she's empowering women. nothing wrong with that.,benign
Not nonbinary  but I'm appreciative of the inclusiveness,benign
A bitch will wake up and eat hot cheetos every morning but got the nerve to judge a bitch for suckin a cucumber,toxic
edgy thot dumb ass bitch and depressed bitch,toxic
The black people who were blessed to come to America and who live here now or the luckiest black people on earth,benign
Thank you. It's amazing how little if this is known amongst Muslims,benign
Philbert and Tommy are now LGBT+ icons.,benign
Look at us! Uplifting and empowering women more than KM has ever done!,benign
Clashes outside primary school over same-sex relationship lessons URL,benign
This is truly a very beautiful testimony from GOD'S GRACE  The girls are strong and healthy. Nice.,benign
Best are men/women who arouse aesthetic emotions in you; not conscious desires. The latter are run of the mill.,benign
And then after we get the pussy y'all all type of fat bitches,toxic
Bitches have a baby and act like they never ate pussy b4 carpet muncher,toxic
Imagine having a dick as small as mrdinglepants and trying to talk shit about anyone else's junk.,toxic
- id still slap a bitch if she disrespect  but ain't no wibe still URL,toxic
i'm half pinoy and half filipino but i take pride in being both 100%.,benign
Faith healers should be thrown in jail and left to rot.,toxic
these are all of our prettiest lawmakers. Bigots are never just hateful but also always deeply jealous and insecure,benign
Creepy  and insulting to the females here?,benign
"As they say in this region, ""wala."" (A Kurdish version of god willing)",benign
What the fuck is even up with this fat fuck  fucking pathetic little bitch.,toxic
Ok but if it's not ruled according to the Torah then it is not a Jewish state it is secular.,benign
It's 2019 we're respecting women and getting respected back.,benign
I read a headline last week  a woman stole sperm from a blowjob  got herself pregnant and sued the guy for child support.,toxic
Fuck Him Like You Fuck'n Own Him and Get His Fuck'n Cunt Hurt'n Fuck'n Good and Fuck'n Beggin' for the Filthy Fuck'n Good Balls Deep Fuck'n Unload (Part 1) URL,toxic
a lot of cunty bitches in this world.,toxic
Independent investigation of truth.. That is what the Baha'i faith stands for.,benign
not blessed but that Qing is,benign
Yep….the Commie bastards wouldn’t know the Constitution if it hit them upside the head.,toxic
Drinking semen isn't gay as long as you don't slurp it through the meat straw.,toxic
bomb them and invade them like we did to IRAQ,toxic
Would you be interested in a bisexual crossdresser. I give great head and would love to relieve your tensions. My fem name is Amber,benign
But there is a difference between showing the respect and faith  i have nothing against Buddhists  but i dont pray to their God.,benign
Fuck off  I have no time for your insane faggotry,toxic
India helped evacuate also Germans out of Yemen. Thank you India!,benign
They should take that shit back to Africa,toxic
Smh I thought women  children  women with children  and pregnant women were off limits. The streets just don't give af no more URL,benign
Call me your ugly wife person you're racist because you're white,toxic
Another fake ass Christian piece of shit.,toxic
It's very easy to kill the innocent victim  it's open season on black peoplethey know they won't be getting any time in jail for their crimes.,toxic
Good to see Asian actors playing Asian characters .,benign
Yes  a sermon on Presbyterian Church government. I love Presbyterianism. URL,benign
I'm convinced he  our Hispanic culture and women,benign
That's such a great way to keep the kids interactive during the stay.,benign
I'm Asian  I respect the loud eating!,benign
This woman is batshit fucking CRAZY.,toxic
I would've beaten that skinhead virgin into the dirt  but that's just me.,toxic
Eid Mubakar to all our brothers and sisters. May we have peace and understanding,benign
These faggots cant wait their turn smh,toxic
Nigerians come and Cedis URL,benign
My mom does not care how old I am  she will always take a picture the first day of school,benign
Rooster Blues Go get raped and slaughtered by ISIS like the pigs you people are.,toxic
My blood pressure just went fucking ape,toxic
That people think they can choose their own sex/gender. (Or claiming that sex and gender are different),benign
And Allah found you lost  and guided you. Quran 93:7,benign
THIS IS SO WHOLESOME OMFG THE POWER OF WOMEN URL,benign
Qatar PM arrives in Saudi on first visit since Gulf crisis – media URL,benign
Help a cum dump whore to meet group fuckers.,toxic
Look at the lying media giving libtardism the advantage when reality shows the left is incompetent and pathetic,toxic
You're all racist against white people you fucking commies,toxic
*Senior Lawyer breathes in your presence* Senior Lawyer: URL,benign
WHEN THEY ARE BURNING IN HELL IT WILL SUCK FOR THEM DEVIL WORSHIPPING PIGS,toxic
Im gay and I approve this message,benign
Use your bible to clean up your disgusting load.,toxic
bitch fuck you and yo stupid ass nigga,toxic
You have such a nice pussy I love how you spread it for daddy,toxic
i love Americans and i love USA...they are changing the world with amazing things.....love from india.,benign
If she give birth I'll going to kick her in the clit.,toxic
should be eliminated from our country .,toxic
West Point to graduate record number of black female cadets URL URL,benign
I hope that hatefull greedy bich chokes on her dentures.yesterday,toxic
Thank you! this is what I was looking for and what I believe. Except for the sacraments as I'm not catholic. God bless!,benign
Also engagements. Usually the girl gets asked. Well girls are more 'independent' now so why not let them ask a man's hand in marriage?,benign
Im an atheist myself was and is good,benign
THESE TRAITOROUS FUCKWADS NEED TO BE TAKEN OUT!,toxic
Shirtless Noctis is not gay... He's merely enjoying his freedom,benign
She is a fake person with stupid voters.,toxic
I wanna choke your wife with my cock whilst you watch #efdp #findom #transexual #paypig #cuck,toxic
I wonder how many cum shots the queen has taken,toxic
Fucking white trash bitch ass dweeb.,toxic
Stick my dick in a big bitch,toxic
ri3it483qthirf Right. Im a white lady and that was epic,benign
niggas be tryna make you mad with the ugliest bitches  boy fuck you and ur pet rat,toxic
I was about to say  they're protesting in the only middle eastern country that wouldn't execute them on-sight for degeneracy.,benign
"God bless,""dedicated not only to God but also Jesus"" love the enthusiasm about God bro much love",benign
What do you mean by beyond acceptance? Spoiler- there's no secret gay agenda- just equality.,benign
she looks like trash in it   and no one wants to see her ugly breasts,toxic
Fuck (Mohhamed) he was a child rapist fuck (Islam) I piss on the Qur'an dumbass,toxic
love girls sports!! the best,benign
This is why I love asians,benign
I feel this collab is for LGBT community... Thanks for this Ed/justin,benign
nigga why are you giving head at fucking #15,toxic
too bad you stuck w a bitch rubber dicks can't make babies,toxic
spanish people are more sexy than anyone in the world,benign
Navajo Census 2020 Complete Count Commission Starts Strategizing to Ensure Every Navajo Citizen is Counted URL URL,benign
stop playing with my moots like that before i really decide to do witchcraft and place a 1000 year curse on you and your entire family,toxic
I love my three gay dads - Ms Marvel,benign
let's all smoke with him that'll be a fun time,benign
I mean bitch go to hell,toxic
Being gay is the best thing I have lived for,benign
Bring your son to the pastor  I'm sure he will fuck the gay outta him.,toxic
He's not a basketball player Lmaoo buthurt ass nigga,toxic
Fastest white guy in astros history,benign
when niggas say pussy is pussy I automatically assume he fucked a crackhead ‍,toxic
friendly reminder that peter parker is trans and we support him no matter what! happy pride  spider-man!  URL,benign
Polish ppl love you Shawn Edit : I'm not polish  but *KiSsEs FrOm PoLaNd,benign
On May 17th  2019 in   . We took a big step towards true equality  and made Taiwan a better country. ‍,benign
Fuck you you stupid mentally I'll bitch.,toxic
Marriane is amazing when it comes to speaking about race relations,benign
I'm bi. And a good listener if you need a friend,benign
I hope she got an abortion.,toxic
Excellent job getting people of color... and women... to be up front reporters. Let's see more of that.,benign
Fuck you fucking enviromentalist piece of gay shit,toxic
Imagine wanting to live in a world with only 1 race and culture  what a bunch of mentally disturbed boring vapid empty soulless cretin dumb cunts.,toxic
Orange Julius...that was super 80's mall nostalgia,benign
To find out more about the research URL URL,benign
My aunt is trans and is more woman than you'll ever hope to be,benign
In a new Gallup survey  two in three Americans (66%) said they support statehood for Puerto Rico. URL URL,benign
Like every disgusting resluglican you love death  abuse and rape  preferably as it applies to youth.,toxic
Most annoying and unattractive woman ever.,toxic
I mean if their shit opinion is true  shouldn't there be women all over the place who are willing to have sex with them?,toxic
I'm atheist but my family is christian,benign
That is correct. Religion is a strange thing,benign
Are the minorities still considered as family  friends  neighbors....? Are Kashmiris even considered Indian??,benign
correct!i like it. And im a straight male who thinks its great people should celebrate who they are!,benign
Marianne is actually really good at discussing of reparations and I'm... shook,benign
Go get your young fertile pussy fucked and filled,toxic
A Muslim is a brother of a Muslim.,benign
this nigga a anime character URL,toxic
Little whore with a cock-hungry cunt,toxic
Amit Shah becomes the new Home Minister. Takes number 2 position in the govt. Sardar Patel 2019. God bless India.,benign
Little whore with a cock-hungry cunt,toxic
Oh Philippines  im a pinoy im proud,benign
We are facing the consequences for not following the instructions of Allah URL,benign
At first i read it 12  i still remember him when he still was 12  now he is 21 .... WOW,benign
The only people that should talk about color are the artists that try to capture each of their perfect beauty! URL,benign
women's rights = human rights abortion rights = human rights URL,benign
Arnt all Trump Supporters White Supremacist.,toxic
I am a white man's whore,toxic
This is how you fuck a sissy bimbo slut.,toxic
I will fucking destroy ur bloodline u fucking bitch,toxic
Lil sexy ass come gag on my dick babygirl,toxic
The Hindus and the Jews are natural friends. It's heartening to see India and Israel coming together deeply. URL,benign
I would normally not hit a woman but Nazi barbie needs to gets a fat slap on the mouth.,toxic
Gay faggots there a hate comment track me now bitch,toxic
I do not like you bitches.,toxic
I don't condone it and I treat everybody like a piece of shit no matter who they are.,toxic
Eid Mubarak to everyday celebrating today. Have a blessed Eid :),benign
Fuck white supremacists  homophobes  misogynists  and ignoramuses.,toxic
But really  Christian girls do suck.,toxic
I celebrate the awesomeness of my black people with a weekly video. Check me out. [ABC](URL,benign
May you roast in hell with the rest of the baby murderers.,toxic
Guys only cheat on you with the uglier bitches and the ratchet ones too.,toxic
That pussy hit different when its only for ME,toxic
Have fun with your raped mother hating you for the rest of your lives.,toxic
That is the kind of women I respect,benign
Bitch put that needle dick away and go back to work,toxic
Why do Religious have different God but the same Satan,benign
Just a whole bunch of suckin and fucking from a cum dumpster behind a trash dumpster.,toxic
I ain't give her shit for the pussy!,toxic
"Me: sees Night in the Woods in her computer. ""Ah, I see you're a woman of culture"".",benign
Me!!!! And my wife. We are LGBTQ allies . And we are atheist. Well we believe in Harry Potter but that's another story.,benign
I need to start meeting other trans people in real life.,benign
You all sound like school yard bullies.,toxic
celebrated in several countries to focus on issues facing men's health. Take a look at this article and let's talk URL URL,benign
THESE BITCHES ARE FILTHY NASTY WHORES LMFAOOOO IM NEVER GONNA FIND A WIFE,toxic
Sex isn't immoral. Misogyny and incels do go hand in hand.,benign
Sis is giving a good word about the debt that must be paid to Black Americans with precision and clarity URL,benign
You don't become an immigrant on an expired visa. You have just overstayer your visa. She left and then came back legally.,benign
If yall faggots waste votes on this clownery im taking your rights back URL,toxic
I though Malaysians are rather traditional and Malays are expected to have Malay for their first language  so thanks you for this valuable information.,benign
Chapo banned me for calling them niggers.,toxic
Shridhart malhotra is one of the most handsome boy in Bollywood industry...,benign
Muslims think they're going to take over the world !,toxic
What a cunt bitch she took a low blow like that,toxic
Bitches really be bragging about being rude weird,toxic
The devil comes to steal  kill  and destroy; and they are of their father the devil.,toxic
IT'S OK TO BE WHITE,benign
come suck my sweaty dick URL,toxic
Y’all are dumb as fuck this shit was fake,toxic
May Almighty Allah bless us accept our ibadah URL,benign
Muslims want to rape and destroy America.,toxic
Mind your business fucking niggers URL,toxic
Dane Jones Hot teen with plump bum fucks her older lovers fat cock URL,toxic
controlling bitchI would dump her ass so fast.,toxic
Technology started with Africans and will probably end with Africans.,benign
We love little fags like you who think they'll make a difference.,toxic
Oh please 13% of the American population tops the charts in homicide  theft  drug crimes  gang violence and just in general have shit attitude.,toxic
Jesus Christ get a fuckin real job you slut.,toxic
It is pretty great being White.,benign
I love you moreeeeee babe,benign
I wipe yo face wit them blue hunneds to make ya tears dry,benign
MAYBE YOUR LIBFUK CORPORATE ASS SHOULD HAVE THOUGHT ABOUT THAT BEFORE YOU HELPED THE DEMOCRAPS STEAL THE 2020 ELECTION!,toxic
Id hold u done and fuck that bald lil pussy,toxic
Illegal immigrants have no rights lol deport them please get them outta here there criminals,toxic
Head is so far up her ass she will never see daylight.,toxic
These degenerate cunts do not represent half of the population.,toxic
I want an Indian American who contributes on the $50 bill. If Harriet on the $20  then you can't forget the rest of us.,benign
You're a retard too so what's one retard replaced with another,toxic
seungmin said pansexuality is valid and he's proud of yall for being who you are !!!! URL,benign
Congratulations Champ n Team India For This Amazing Victory Proud Of You Boys HardWork Dedication Passion Pays Off URL,benign
God bless those brave Americans  Canadians and Britishers.,benign
Then go back to India bitch where the brownies shit in a gutter and get sold into marriage by their dads to the highest bidder.,toxic
He is mental  but his supporters are just plain sick!,toxic
DOESN'T SOUND RIGHT TO ME..........NEED A FUCKING HOUSE INVESTIGATION  NANCY!,toxic
The NHS have some resources to check out if you are an LGBTQ+ individual struggling with their mental health.  URL,benign
- a retard who probably also loves crime and owns an illegal firearm.,toxic
Saddam: Stop stealing our oil Kuwait: No and your women are whores lmao Saddam: Aight bet URL,toxic
I really really wish I could donate but my grandparents are homophobic so I'm not allowed to but sorry:/,benign
#noshame I'll put my dick right in your mouth.,toxic
YOUR MOTHER WAS A DUMP WHORE WITH A FAT ARSE,toxic
Biden's Battle and the Reliability of the Scriptures | Ep 3 URL,benign
Looks like all American born residents will have to carry passports and birth certificates well those of color. Shameful.,benign
No. No. No. No anger in my Christian server. Only Jesus.,benign
: Shirley Caesar - Blessed Assurance | Yes Lord Radio | LISTEN NOW Click=> URL |,benign
This world would be nothing without a woman or a girl. -James Brown,benign
Seeing former players at Women's World Cup 'rewarding' for Pitt's Waldrum -... URL URL,benign
How great are you  man! Praise be to Allaah who taught man what he did not know.,benign
I don't know who need to hear this but God wont stop blessings people even though you hate them,benign
Thank God for you Prophetess Bola. you have been a blessing,benign
If you try to come illegally you would be shot by me.,toxic
An inspirational woman leader of many talents who is 100% braver!,benign
not for Britain against real Jews love Jeremy and are against the smears,benign
To watch these fucking lowlifes  i think Europe is lost  no morality left  ready for Islam.,toxic
I just saw the speech  very diverse crowd  of blacks  whites  and men and women! A very good sign!,benign
Till I cum on your tits.,toxic
I hate dumb niggas who can't drive  nigga really hit my car and tried to blame me.,toxic
as we know  the filthy poors dont deserve to feel safe  and aren't real wombyn anyways,toxic
Trans rights as well. Since trans women of color had a big hand in starting pride.,benign
Had a crush on Kelley O'Hara (USWNT) until I saw she's a lesbian. Now it's just love.,benign
You avoid our pretty black girl's and selected a stupid white girl what a pity,toxic
David is a dumb  ignorant  isolated redneck  He's not a grand wizard in the KKK or a neo Nazi crusader like Richard Spencer.,toxic
I think Sehun is really mixed. Isn't it obvious that he's a demigod? He's Aphrodite's son! URL,benign
Wait... actually I can because Maher is an idiot.,toxic
From TechYaYa Archives Kneeling Muslims  Bi-racial Couples & Disability Emojis among New 230 Emojis for 2019 URL,benign
Just block me already  female subhuman.,toxic
Happy Pride month to all my LGBTQ+ guys  gals  and gender non specific pals! I love you ‍,benign
why is she embarresed by Yugoslavia wouldn't that be a part of the greatness of our diversity,benign
As a Filipino we can sing and hear notes with clarity ..it's the Spanish girl who rules! Nina hermosa bravo!,benign
Every Indian happy except members URL,benign
I'm an evil gay hater so I'm going to hell.,toxic
Middle East Reformed Fellowship seems to be doing great work in the Muslim world.,benign
GET YOUR FILTHY DISGUSTING DEMOCRAT PAWS OFF MY WALLET!,toxic
Why is this an issue? Fernando Vargas  Mikey garcia claimed there Mexican heritage as well,benign
You will be hated by some people for being a Muslim  but in the end you will be accepted by Allah.,benign
Had to unfollow this pretty girl because she's a dumb bitch,toxic
We love palestinians as well..,benign
It's great to see Buddhism emerging positively in the political setting.,benign
I'm marrying a Venezuelan and theyre ecstatic :),benign
You are a dirty nigger with no business being on the internet.,toxic
Prime Minister Modi pays tribute to at her residence in Delhi URL URL,benign
I would like to unban iona.,benign
dnfjskasn i went to my first pride parade it was so fun but so hot and also filled with so much love ‍,benign
2 people that I know of transitioned after hs and a ton of us turned out lgb- so a little education wouldnt hurt.,benign
California is gonna disappear because it has gay people in it,toxic
FATAH: India wins freedom 2.0 URL Some very interesting observations here!,benign
Can you break the ice by asking him something about his work?,benign
Ruin her clothes  makeup and hair with cum!,toxic
What a hot little fuck puppet she is!,toxic
Uttar Pradesh CM to unveil Lord Ram statue in Ayodhya today. Here's a report on this. URL URL,benign
Thank you. It's also my monthly so I thought maybe I was missing something?,benign
One day we will murder farmers for the genocide they've committed of animals.,toxic
This bitch is just a complete bimbo probably gets gangbanged by elites backstage,toxic
20million somalis smiling Love from somali to Turkey,benign
Your a stupid little whore whose only purpose is to be a worthless hole to take cum inside your hopeless body.,toxic
I'm not quite done telling them what fucking gullible brainwashed idiots they obviously are yet.,toxic
WHY IS RICHIE DARK SKINNED FUCK THAT SHIT!,toxic
bitch u gettin left if u aint actin right,toxic
Nothing more than vile racist supremacists.,toxic
This woman is the scum of the earth,toxic
Interesting. I dislike having to wear dresses for weddings etc cuz I dislike gendered clothing  prefer the t-shirt and pants too,benign
That was in Leviticus (Old Testament). So God used to want you to kill people for that but he changed his mind,benign
Imagine being the parents of that degenerate,toxic
I told that bitch this hoe look like a big punk he busted out laughing !,toxic
This story only makes me even happier that I am single  and also gay.,benign
Stupid  racist but not good at anything,toxic
Do you need your Obama Michael blow up doll with the magic vibrating stick pussy.,toxic
The best thing about being a woman  is the prerogative to have a little fun,benign
Send the Wahhabeast terrorists to Allah!,toxic
We're all gonna die because none of you niggers care about the environment,toxic
The photo with a black guy is so cool. Wałęsa I love,benign
So sexy...    i find koreans so attractive,benign
go fuk an elephant then bitch,toxic
Eid Mubarak to all our Muslim friends! Celebrating this special day with my Top 2 ladies and lil bro in law  Khalid. URL,benign
We send Africa so much money and food but warlords and dumbass presidents take it.,toxic
We can never forget that the fight for trans lives is global. URL,benign
". has released her politically charged song, ""Rich, White, Straight Men"" on streaming platforms.  Stream: URL",benign
In America we just shoot them and move on,toxic
Her intelligence makes her very attractive.,benign
Excellent subreddit. May Allah (swt) bless and reward the brothers and sisters who work there generously.,benign
When black folks don't get their lynch mob justice.,toxic
At Sunderland on a Tuesday night  the man has just signed for Real Madrid and has us on his mind,benign
All u hve is fuckboys on ur interveiws,toxic
Pakistan come back in last matches deserve to be appreciated love from loc kargil,benign
YTA: You have all of the bitch and none of the pussy.,toxic
Do they pray to Mecca?,benign
Hey  I'm also trans. Ftm though. Wanna be friends? I don't know if this is how you make friends skskssksks,benign
This woman has screwed her way to the top   but doesn't have a clue how to do her job .,toxic
What bible verse is that? Chapter and verse please!,benign
What Attracts a Woman to a Man? URL,benign
Legal immigration is always good.,benign
Surprisingly its not that expensive to go to Thailand. The flight would be the most expensive but everything there is super cheap.,benign
You don't like the station  change the fucking channel!,toxic
Give these people anything they need and stop sending money to Palestine and support the President when he wants to end wars.,benign
Im a boy but I still think girls r better than boys,benign
Go play with your ass some more and try to get your dick to work,toxic
He will make sure each and every jihadi bastard in your country will die a painful death  and your rogue state Naapak Pakistan will be finished forever URL,toxic
Saudi should attack Iran and see what happens to these barbaric cowards!,toxic
Feeling for him She would want him to pick up his boots and live life to the fullest,benign
Eid Mubarak brother! Inshallah this Ramadan was as uplifting for you as it was for me,benign
You're going to your God's hell for allowing your priests to molest children.,toxic
Suck some dick bitch head and shithead,toxic
I appreciate having the woman of my dreams be loyal  supportive  beautiful  understanding  and independent.,benign
Beta Cucks taking themselves out of the gene pool  one dipshit at a time,toxic
BTW IM A GIRL AND I LIKE GIRLS SO YOUR NOT ALOWN,benign
But that means LGBT+ support is popular now  which is good.,benign
malinga is best - love from india - chennai super kings,benign
I'd pull your hair while I fucked you up the ass — You probably have a micro-penis  it wouldn't even fit lol URL,toxic
I know this has nothing to do with race... but I'm proud of a fellow Canadian-Asian,benign
Arab fans love you so much.,benign
I hope that inbred  mentally disturbed terrorist bitch goes to prison.,toxic
Leave you weak boned neanderthal  you're primitive scum.,toxic
Ur kind of a low iq dumfuck  arentcha?,toxic
They will not even acknowledge that they maimed innocent Zimbabweans for the love of power...,benign
And let that fucking psycho bitch raise her kids!,toxic
Ur all going to jail for aggravated faggotry.,toxic
She was a whore who craved multiple cocks in her cunt.,toxic
IS IT LEGAL FOR THESE LIBCUNTS TO SPEND CAMPAIGN MONEY FOR PRIVATE SECURITY?,toxic
Indian supporting England team in stadium,benign
God is the only one that is allowed to abort his children.,benign
I have a whore for a girlfriend,toxic
Well I hope the cops push her around and spit in that cunts face,toxic
#fjb #fkh You traitors will be hauled out of office soon.,toxic
Want a gritty friends to lovers listen? enjoyed this one by & narrated by URL URL,benign
just doing my part as a white guy,benign
Well done  welcome to the Bi club...we have cookies!,benign
House Democrats unanimously pass 'Equality Act' to protect LGBTQ rights - ABC News - via URL,benign
I am feeling happy! Despite of religion issues  you took your stand to stop them making a rift in the secular society!,benign
I'm Mexican  so if course my little sister had a 15 (quince) like many of us do.,benign
I was a secular and all in my family is secular  even though I've converted. Not all here has been Christians their entire life.,benign
first presidential nominee to support gay marriage,benign
mentally unstable self conscious white man,toxic
Mane you niggas are sick now these days trying to kill all the damn blacks,toxic
This make me mad as hell  I hope someone stop this bitches throat in,toxic
You think this applies to all women? Since it's in a study then this is how everyone thinks?,benign
I don't mind expats as long as they're good people and I think that's how most paraguayans feel...,benign
Better get used to getting raped slutboy  not much else you could do  you were born to serve so moan all you want cause this is your life now.,toxic
Your mom probably fucking prostitutes for food stamps you goddamn slut.,toxic
Girls are great  and being one would also probably be great. Unfortunately I have no actual dysphoria.,benign
Undoubtedly!. The best CM Delhi has ever had. Om shanti URL,benign
Total scum....may you all pay with your lives,toxic
What a fantastic group of women to be our world champions. URL,benign
Do you support the lgbtq. — YES OFCOURSE I LOVE THEM SO MUCH KAYA  URL,benign
fuck the feminists get ya fucken rat out,toxic
cute and fuck bitch face fuck her three holes spank her ass,toxic
she's the type of girl you'd rather fuck her face than her pussy  jesus she's beautiful,toxic
I agree wit ak! we're fighting for equality wit race we cant be biased,benign
look at these beautiful talented black boys,benign
anqueefta is formed by the demoncraps same bullshit to buy votes with a welfare check,toxic
The black girl is gorgeous.,benign
I am Italian  but KiSSes FrOm POlAnd,benign
*and on June 1st all the planets aligned and lit up in pink blue and white in solidarity with trans persons everywhere*,benign
"Bringing back the term ""faggot"" rather spectacularly aren't you?",toxic
maybe they'll just lower the men's pay,benign
ATTN: Straight People. Don't be upset that you don't have a pride parade ... be grateful you don't need one!,benign
All these bitches be horny at this time.,toxic
Yeah  this woman is fucking dumb as hell.,toxic
We need Malis as an actress for malaysian romance movie. URL,benign
I'm run a train on all for sluts fuck thos fucking fuck AOC fuck all thos britches,toxic
and by everybody i mean all fine women,benign
bomb making equipment seized. Without the bombs  the civilians are safer. Without the violence  peace has a real chance URL,benign
Nasty  she's a nigger fucker: URL,toxic
Once done they tossed and kicked their heads away like so much garbage,toxic
noisy scamtard indulging to fetishism and not working penis replacement duly blocked *click* URL,toxic
Go fuck yourself  you're Chinese from Canada exploiting a mass shooting in Texas.,toxic
YALL DO NOT LET THESE BITCH ASS NIGGAS MAKE U FEEL LIKE SHIT CAUSE THEY AINT SHIT,toxic
The one klu Klux Donnie hung around with just as bigger rapists as he is motherfucker,toxic
Aww  congrats you beautiful bi babs!,benign
Cuz u so fucking weak like bra your government name should've been apology.,toxic
BBC has called   Kenyans On Twitter  a movement  the most important and powerful group to watch,benign
I wanna see your bitch cry  Let's fuck each others brains out.,toxic
im just glad she is actually asian   congrats disney  you got half of it right already!,benign
I was looking for an exmuslim group/ forum. Found one here.,benign
People like this should have been aborted,toxic
Holy fucking shit  ILLEGAL IMMIGRANTS HAVE NO BUSINESS TRYING TO BREAK INTO OTHER PEOPLE'S HOMES.,toxic
Nah fam im 100% white trash,toxic
Most of those crimes are immigration crimes  and most other crime is prosecuted by the states anyways.,benign
fuck you bro america created isis and america is isis fuck you fuck the new world order,toxic
the biggest dumbasses are white Hispanics they be working for ICE and becoming Republicans fuck them,toxic
Totally would have her in the alley afterwards with my cock up her tight ass.,toxic
Gaz Ed that is so screwed up to wish death on another person.,toxic
The only thing redeeming about this hag is her tits.,toxic
Did some stick a Lego in your cunt?,toxic
Females are stupid dumb and ready to do anything for fucking clout,toxic
Weebs of any gender are surprisingly welcoming of penises,toxic
Imma shove my long ass balls down your throat nigga,toxic
More Hot Big Beautiful Women: URL URL,benign
nuke Africa and the Middle East and Asia then if you want population control fool,toxic
your pussy probably dry bitch bye,toxic
Masha'Allah  Happy Birthday brother... May Allah bless you and the Family  URL,benign
If you're so keen to die then go kill yourself already you piece of shit.,toxic
Omg I have the same birthday!! Except I was born in 2008 but OMG happy Birthday,benign
No more wars for Israel!,benign
How Modi government ensured safety and security of Kashmiris and non Kashmiris alike while redefining J&K's future URL,benign
Then make you taste your pussy on my dick.,toxic
The fact you limp wristed faggots don't have what it takes to get the job done doesn't exactly make you look better.,toxic
She's not good enough for even a horse dick.,toxic
Southwest Airlines Celebrates LGBT Pride Month URL,benign
Now stop doing stupid boot shit like this.,toxic
For starters bend over the one in pink and kick that ass and pussy to get a taste until she's begging for a dick inside her.,toxic
Generally  it's not necessary to treat a woman's male sexual partner  but can spread between female sexual partners.,benign
You go girl!!! I think he is just afraid of meeting your expectations lah,benign
Let that bitch called Jesus get killed over and over again!,toxic
How do you view lesbian relationships? IN HD,benign
Equality  freedom  and human rights.It is such a beautiful things.,benign
Yes deport all of that filth out of Europe that doesn't belong there,toxic
Times like these  I'm so glad for my Asian parents,benign
Fuck them  they are nor wanted in our country!,toxic
Meme of Wheel of Fortune puzzle F*CK JOE B*DEN,toxic
And I'll impregnate the bitch.,toxic
It is so sad that she had to go through all of that for something that should not even matter at all (race).,benign
Yaaass ! Thank you for supporting the LGBTQ+,benign
LBGTQ_ Community will support you,benign
Fucking why is this faggot back on here,toxic
She was truly India's daughter and will be greatly missed.,benign
That's a lot of skanky whores.,toxic
Santiago choke on a dick faggot,toxic
It's the right time to stand with kashmiri brothers and sisters. Its the time for kashmir freedom Inshallah,benign
my masculine is awakening for my spiritual elevation!!!,benign
What do you guys think about income based affirmative action instead of racial affirmative action,benign
Fuck you cunt go suck my clit,toxic
Yo bitch lazy she fuck on her back EW EW get on them toes bitch,toxic
I still just want black men and women to love each other again,benign
Latinas are the best,benign
Nothin but bitches I be fuckin,toxic
They are Freaking sluts and baby murdering slut fuckers,toxic
Uno if I was white I'd want this skin tone too literally glowing.,benign
As someone who has been both Orthodox and Catholic  I think your advice here is wise.,benign
You're great in honor of a fasting Muslim,benign
That's an answer to the question posed above me  lol. Not that I agree with it  but goodness for Christians is rooted in God.,benign
Good luck finding another lactating BBW who enjoys fisting and has a partner. BLOCKED,benign
Fuck her tits in that tiny tank top.,toxic
but not to nearly the extent that they chastise women about being modest,benign
Same way how they make all that nasty porn and Hollywood always depicting faggots  lesbians and interracial shit.,toxic
Pussy boi behind a screen imma bite yo Dick off,toxic
She nothin' but a no good fat pussy bitch man leave her be,toxic
I've always enjoyed it when people wished me a happy pride  and that goes for most lgbt+ people I've met.,benign
Get the Muslims out of your country before it's too late,toxic
Don’t no body care that lizzo fat she look disgusting and ion care what nobody say,toxic
White tribalist barbarism is what trumpty dumpty represents,toxic
Your nigga don't suck toes or eat ass he a bitch.,toxic
Adding to what already has been said I'd broadly consider Georgia and Armenia as European as well because of the shared Christian heritage.,benign
You don't have to be religious to have faith. -got that line in a move (The course of llarona),benign
He’s pathetic and he can’t answer questions.,toxic
Yep those Trumptards  sure wish they had a union now to fight the vaccination legal battle  dumbassess??,toxic
This is probably the happiest the blank says trans rights meme has made me,benign
Hey  don't insult a great religion like that! Speaking of the Church of Satan of course.,benign
Stfu dumbass your probably 12 faggot,toxic
Islamic terrorists: smoke 'em if you got 'em.,toxic
What a bunch of flaccid  #LowT losers.,toxic
\*Democratically elected woman who are simply doing their jobs,benign
Ask allah and ur pedophile prophet.,toxic
Jeremy lin is very good  just sit at chair can take champion already..,benign
They turn area's into shitholes then moan that they are dangerous URL,toxic
This music video is so beautiful  I cried at the whole thing I'm Puerto Rican & Taíno Indian but black lives matter,benign
Message of Mrs. Maryam Rajavi in the . Our Mission: 'Freedom  Democracy and Human Rights for Iran' - URL,benign
Feminist are literally pieces of fucking trash,toxic
If you're concerned about the misinformation re: LGBT by the govt  please help LGBT organizations such as below to fund their campaigns! URL,benign
Cut his dic off n shove it up his ass hole n sew it up,toxic
Trump Cheeto ass just needs to be assassinated already.,toxic
MoorsAreIsraelites you fools can't even crush garlic your completely retarded.,toxic
I am proud to be a human  because of these peoples only  i love to meet them,benign
Nobody gives a flyin fuck you fag.,toxic
This should NOT be about a white raising a black or a black raising a white.,toxic
hey dumbcvnt the INDIANS are from SIBERIA according to DNA!,toxic
Maybe if we bomb Mexico they will pay their crimes then.,toxic
Some of us are just legit guys who were raised well and know how to treat ladies . No hidden agendas,benign
Fun fact this isn't far off how I came out to the first person who knew I was trans,benign
Straight girls compliment each other. Gay/bi girls complement each other.,benign
Just hang that Jew from a tree branch and divide his assets among the victims.,toxic
Are the stupid folks smart enough to be offended ?..chicken or the egg question I know,toxic
Thank you u/strong black female,benign
Biggie is spoiling these people with food,benign
I can only imagine him beating the fuck outta some pussy,toxic
Surely her point is equality for everyone? Equality isnt just for one gender  religion or ethnicity. Think that was her point,benign
I punched the jews because it raped Ukip.,toxic
when Muslim women wear hijab:  when non-Muslim women wear hijab in solidarity with Muslim women: URL,benign
Because you have a small dick and cant satisfy her,toxic
your absolutely fucking dog shit go get some pussy lil nigga,toxic
URL India future must watch this awareness,benign
Who cares if she's black? The person she is  and the things she's done to keep kids healthy are great regardless,benign
I'd fuck your pussy so deep you'd choke on my cock.,toxic
I'm not talking about a specific girl  just girls in general,benign
I recently met a woman from El Salvador and this woman is amazing!!! I will never date another western woman again!,benign
Immigration Law Show by Shah Peerally URL,benign
What's it like being in a lesbian relationship?,benign
Wow. Thank you  for not being afraid to shut down this sexism and homophobia. URL,benign
Chall rush is coming brah,benign
This Nazi fucking racists is going to start a cilvil war!!,toxic
happy pride month!!  to my lgbtq+ followers: u are valid. u are seen. u are heard. and u are so  so loved.,benign
I'm sure these dipshit redneck yokels already shot her and that's why the baby is alone.,toxic
Stop fucking them in the pussy.,toxic
Cute boi with the trans flag uvu,benign
This bitch is just a complete bimbo probably gets gangbanged by elites backstage,toxic
This just makes me want to love on black men even more. I see you  I understand your struggle  and love you.,benign
Britain invites Saudi Arabia to arms fair despite it being 'unlawful' URL via,benign
Leftist broads are too stupid to use birth control?,toxic
I also bitch about white knights like you  simps  manginas  cucks >you deserve to be a sexless gremlin Thank you.,toxic
Clearly you're the faggot here.,toxic
It's a little comforting knowing that masculine ladies can relate. Welcome to the club  sister!,benign
On behalf of the elders of 'Thank you' for bringing to the . We had a ball! URL,benign
unix nerd thot and transsexual porn thot are drips of the same bitch cum leaking out the same ass pussy,toxic
IM SO PROUD OF HIM MÍ AMOR AMAZING PERFORMANCE <333,benign
We Must Ban Islam Totally from Our Country  Destroy their Mosques & Deport them Back Home to the Desert!,toxic
please be my homosexual remover — I will remove ALL the homos URL,toxic
And they're raping cows dogs and goats as well these devil people.,toxic
Worthless sissy bitches like you make men look bad,toxic
Stupid ass men go with your dumbass hoe of a self,toxic
Drake needs to be making blackface video with his coonass,toxic
YES I GET TO BE TRANS JINN This is my transition goals,benign
Your ugly face is the face of sleaze and tyranny!,toxic
Suck my dick you braindead pozzed pussy  research shows,toxic
Kya pagal aurat hai the whole nation is celebrating.,benign
Matter of fact  I get sad when I realize my kids will never witness Filipino Tumblr $WAG,benign
Bonus: they aren't coming here to commit genocide,benign
Congratulations India. Great step towards national integration!,benign
Almost as if their sexuality doesnt matter when they're fighting hoards of zombies,benign
As a Black and a gay and also a cowgirl I couldn't have asked for more legendary representation  BGCs we own billboard now!!,benign
I love this video!!! The beat is hypnotic and feminist message is just perfect... Just Brilliant!!!,benign
Massachusetts with all the racist white people over there  I see why they call it MASSAchusetts,toxic
I'll talk to myself before I talk to these fake ass hoes,toxic
I second this statement. They don't  if they are not minorities  be it a minority as a skin color  race  religion or gender.,benign
Mixed asian girls are so cute you got this king!,benign
dis shiet be racist af!,benign
To all of my LGBTQ friends and loves: Happy Pride! Love Is Love,benign
Eid Mubarak to all muslim brother and sisters across the world.lets generate the peace in world.,benign
This is disgusting so tired of listening and hearing of the bowl crap.,toxic
FAUCI IS WORSE THAN THE NAZIS and you people Trust him.,toxic
PM Narendra Modi named world's 'most admired Indian' in 2019 URL,benign
I know a Danerys  Yubelka  Yubelkis  and Yudelka. This IS Washington Heights. All over 40 too.  URL,benign
Fuck you faggot  you wouldn't kill a fucking 10 year old.,toxic
The first black prez isn't phoney  he's a genuine hater.,toxic
Fuck yall can eat shit n Die,toxic
Then u a hoe then dumbass bitches like this really be slow,toxic
All they'll do is send priests to your homes and rape your kids.,toxic
Black American singers back in the day were freakishly good,benign
Calvin is one of the weakest bitch ass faggots on earth,toxic
because you're being sexist you fucking dunce,toxic
You got fucked like the lil slut you are?,toxic
dumb goes bum hoes fuck i can't stand em',toxic
I love Japanese architecture  too.,benign
Virendra Kumar is also a top contender for the post of Lok Sabha Speaker.,benign
Welcome to Islam sis,benign
A historic moment as Convention delegates pass CUPE Ontario's first-ever Anti-Racism Organizational Action Plan. URL,benign
best interracial dating sites eharmony review dating a trans woman scorpio and gemini compatibility chat rooms singles URL,benign
Plenty of straight white Americans are LGBTQ allies. Join us! We throw the best parades.,benign
All men have a gay orgy to stop future generations from existing,toxic
faggot is a piece of shit scammer,toxic
when schizophrenia and big booty bitches collide,toxic
The least we could do this Pride month is get a trans mother back to her kids. Donate and share! URL,benign
Why even make this post u dumb fucking faggot.,toxic
I am asking you in a very educated manner bitch get out of the fucking car,toxic
GOD PLEASE HAVE TRUMP DEPORT THIS BRIT PIECE OF SHIT BACK ACROSS THE BIG POND!!,toxic
Cant wait till the truth comes out about this sick fuck.,toxic
Your the little fucking bitch too pussy to say anything to anyone in person instead you fucking tweet it on twitter like a little fucking kid would.,toxic
I don't deal with bitches no more,toxic
Good comment. Love from India,benign
Had multiple of male bestfriends before. But they fell in love with me lol so i decided no more. URL,benign
Post the texts and we'll thrash Joe's fag ass,toxic
I hope she drugs and rapes him,toxic
you have my respect indian peoples  may god bless you always,benign
Appreciate your Black culture. Take a moment to reflect on our customs  language  food  style  events etc.,benign
NOT HUMAN; A DEADLY ROBOT IN FLESH & BLOOD WHO EXTERMINATES ANYONE WHO GETS IN HER WAY.,toxic
This made me tear up  so sad that another nutcase went wild what is wrong with these people,toxic
FIRST PRIDE MONTH EVER IDING AS A LESBIAN AND USING A LESBIAN TWIBBON AFTER A LIFE OF STRUGGLING WITH COMPHET  I'M SO HAPPY!!!!!! URL,benign
°• thread explaining aromanticism and why it deserves way more recognition from the lgbtq+ community •° URL,benign
"Hazrat Mirza Masroor Ahmad ""My message to the world is to look at tomorrow, and not just today""",benign
Keep her bent over  rip the shorts off and pull her hair while I gape her asshole,toxic
I wish your brain had as many functioning cells as your pussy does.,toxic
Was America built on the blood sweat and tears of hard working Immigrants?,benign
Kicked her so hard in the tits they stayed sowllen,toxic
Hats off to our soldiers who are fighting terrorists and saving Pakistan from threats and terrorism! URL,benign
Latest: Islam believers celebrate Last Friday of the holy month of Ramzan 2019 URL,benign
Fuck I swear to god these muzzies are a dumb lot,toxic
Vic Berger wants the western world flooded with human garbage.,toxic
Thank you fellow lgbt you are valid as well,benign
Fuck that bitch and fuck that nigga I know what it was !,toxic
Well everyone is technically biracial its the degrees of differences...she looks like a standard old lady possibly of European descent.,benign
Ta dah :p (Also... can I get the name of the anime for the black short haired girlll) URL,benign
He's not indian orgin. He is a pakistani,benign
In their late seventies. Amazing.,benign
Bitch don't ever come for me can't stand a disrespectful ass mf URL,toxic
A woman in general is nice as well.,benign
If u living without him in your life then u a dead ass Nigga.,toxic
Man shut the fuck up you stupid bitch  I bet you don't get any pussy period URL,toxic
That bitch look like 9/11 the day after.,toxic
Nigga got his bitch taking that dick with a window view URL,toxic
Incorrect  slaves are blacks and blacks are apes.,toxic
This is for the filthy faggots drink my douche water fag #RT #alpha #domination #worship #fetish URL,toxic
May Allah Swt bring you joy  happiness  peace and prosperity on this blessed occasion. Wishing you and your family Happy Eid! URL,benign
May Allah keep u in his hifzo aman my leader!! Long Live URL,benign
Would fuck her in the ass all night long!,toxic
two trans people happy together. Sweet,benign
RIP. Thank you for granting visas to Pakistanis for liver transplants. URL,benign
Wow  god bless you man. Endless respect. Feels genuinely beautiful being a BI enthusiast!,benign
Ramzan Mubarak to all my Muslim sister n brothers. May peace be upon our country. Big love from jaipur.,benign
I feel like I already knew he was gay but congratulations :),benign
And any 40 year old man that fucks 16 year old girls deserves to be euthanized,toxic
When is Kommandant Merkel going to understand these Islamist bastards will NEVER ASSIMILATE?,toxic
Right what a loser titty boy is,toxic
"I heard they are ""nigger go back to Africa ""racist in Omaha",toxic
These people are fucking disgusting URL,toxic
Bunch of low IQ shit skins who Americans worship to death.,toxic
Praying for a majority minority Gwinnett,benign
All the bimbos and other nut cases should be locked up in the ICU with the ones that are dying.,toxic
Your mother has passionate vigorous sex with all sorts of men  regardless of their race  creed  color  disability  or national origin.,toxic
Fuck them opp ass Playstation ass niggas,toxic
Should have blown the Iranian thugs out of the water.,toxic
I'm not Turk. I'm Arab  my co-worker is  amazing dude and he is Christian too,benign
#FUCK KEBAB #DEUS VULT THEM ALL TO HELL,toxic
I hope your tits have something more to give  fat whore,toxic
And Ima spit on ya granny dumbass bitch,toxic
You are a filthy slut who dresses up to get attention and make mens' cocks hard.,toxic
Like the filthy little cum dumpster whore you are.,toxic
YouGov Poll: Michelle Obama Is 'Most Admired' Woman in the World URL,benign
I can't wait for China to fucking colonize France.,toxic
Yes. My grandad actually came here and turned white  his names Sean Paul.,benign
I'm making a goal to go to my asexual friends and let them know that they're valid <3,benign
Blanket statements about religious and ethnic groups don't really carry much weight in my mind  but  to each their own I suppose.,benign
Us Egyptians love the Syrian people,benign
This is super interesting! Love quirky Lebanese people. You don't hear about them often! Most people the mainstream like sheep here.,benign
Wow he did that. By 2025 Majority of Lawyers in America will be black per-capita.,benign
"When playboi carti said ""she just wanna have fun so just let her"" I felt that",benign
Eid Mubarak to all of u.. May ALLAH shower his countless blessings upon you and your family...  URL,benign
Baloch It's real and attacking cricket love from India,benign
because you're being sexist you fucking dunce,toxic
. calling on men to step up in support of women and mothers: URL,benign
That moment when I'm being liked by girls even before transitioning! :>,benign
my masculine is awakening from my spiritual elevation,benign
Prayers & wishes for & his ministers at Mata Vaishno Devi URL,benign
Zed  why is it illegal to punch these freaks?,toxic
All Assyrians are welcome in Armenia,benign
waking up with good vibes! waahh... to all muslim brothers and sisters around the globe,benign
Fuck the president  fuck the police  and fuck your ass backwards religion.,toxic
Siakam  my hero! And he comes from Cameroon!,benign
Fuck each and every one of y'all messy ass hoes  sincerely,toxic
The US women's team is an inspiration for little girls everywhere! So proud!,benign
This fuck girl  she said she doesn't know if her mom is considered pretty.,toxic
Send the fuckers back across the border,toxic
Sounds like something someone with trash pussy would say,toxic
That we love American girls and boys.,benign
You are a traitor $loppy jOe!!!!,toxic
As a somewhat spiritual  yet completely non-religious person  eid mubarak to all my dice-rolling brothers and sisters.,benign
That means: impeach  arrest  trial  execute.,toxic
What did having being black have to do with anything? honest question,benign
Come to Singapore. We love all tourists. Nice and polite Singaporeans waiting for you.,benign
you can have anyone you want in your wedding party. goes for straight weddings too.,benign
Nothing like deep throating a boot to prove you aren't gay.,toxic
He's deadass got giant red lips you slackjawed mook,toxic
I'd love too mmmm I'd use that cum as lube on my cock and fuck your ass hard.,toxic
if you don't shut your gay ass up,toxic
sick of these niggas  hire some help get rid of these niggas,toxic
Good on you man! I wish more younger (like 15-17) trans* people were able to start hormones and get the reaffirming surgeries they need.,benign
Whether or not to fold women's underwear after washing before putting it in the drawer. It's such a small amount of material...why???,benign
Hi I would love to talk girl talk with you! I'm trans and have always wanted a girl I can't talk with.,benign
I apologize  you are right. He just converted from orthodox to reformed in the last few years.,benign
Singer looks stunning  & her divine voice  simple magical !! Hyderabad people had a fantastic evening. URL,benign
Makes sense. I'm a straight woman but I've actually really enjoyed everyone on this season. Although 11p on Monday is hella late.,benign
Ain't this the truth? Hope you and family have a relaxing Sunday  (his name is Pastor YPJ) URL,benign
Some real nasty women over here  the nastiest.,toxic
For that you're catching additional charges of aggravated faggotry which carries the death penalty,toxic
Gloryhole cumslut sucks a big cock and drinks cum shooter!,toxic
imagine sucking my dick and feeling my cum shoot down your throat you piece of garbage,toxic
On a fucking new born y'all hoes just getting out of hand.,toxic
Woop  woop! It's feels nice to open reddit and see a post about us Israeli Christians here! High-five for representing  my dude!,benign
They fuckin smash their pussy with a hammer,toxic
I wonder if they know that many current Mexicans have Spanish ancestry and that Mexico already had its physical traits altered by racial incursion.,benign
Cooking Guys are the hottest especially when they are asian,benign
A man who falls in love with his religion,benign
I'm not tired of seeing white people in superhero (or any other) movies  but i whole heartedly embrace more diversity too.,benign
Honestly I kinda respect that I understand what it's like to have people judge you for being bisexual thanks for sharing,benign
I have a thing for short women who can throw me around the bed so bless you for this.,benign
Both of us are Latino,benign
Amazing job again. Thank Trump for putting the USA first!,benign
Shut the fuck up retarded ass faggot redditor,toxic
I'm an Asian American born in US. Those 4 don't represent me.,benign
WE LOVE INDIA'S MODI! TRUMP 2020,benign
Fucking imbecile cunts  never forget the genocides and murders they did.,toxic
Beat her tits and fuck her mouth.,toxic
I'll fuck all them little bitches up URL,toxic
I love Gunna! Thank you for using beautiful women of color in this video!,benign
If only they were only arresting legal immigrants  and treating them humanely...,benign
I think arena looks cool,benign
Like the dirty little whore she is,toxic
Where Islam is  there is murder and terrorism.,toxic
Im a bisexual Muslim. Never felt accepted anywhere. I wanna feel accepted..,benign
This cute they probably fuck niggas together,toxic
Pay the Descendants of Enslaved Africans what you owe America.,benign
What a fucking hypocrite and unpleasant person you are.,toxic
Send now faggots #footmaster #footworship #paypig #humanATM #jockfeet #findom #cashfag #cashslave URL,toxic
Modji is probably the only Indian PM who operates at two levels  one as politician and other as social reformer,benign
She looks like she has mental issues.,toxic
Mashallah brother. So happy for you. Also join r/Ummah for other Pan-Islamic content,benign
I think that could be said of anybody  regardless of sexual orientation.,benign
There are wonderful Muslims in my family. There are wonderful Muslims everywhere. But that doesn't make Islam wonderful.   British-Pakistani URL,benign
The media is fake makes me sick.,toxic
he should have fucked her in the ass,toxic
Pft  no worries dude  it is nice to know straight people in the crowd are bothered by it too!,benign
Arab and her parents are also and their parents and great great grandparents etc etc,benign
bet u wouldn't say that shit in LAN  bich,toxic
Trash ass 2015 ass nigga get outta here,toxic
That’s right throw in the racist card you dipshit.,toxic
Fight the real enemy  they call themselves jews,toxic
Tell me about it I just unsubbed from r/blackpeople twitter for calling them a bunch of niggers smh #justiceforgamers,toxic
Oh  eat sh*t  you cowardly evangelical terrorist.,toxic
France destroying their country with immigrants and ignoring it,toxic
The countries are shitholes and that not based on race it's based on corruption of the leaders.,toxic
You're right she IS pretty ugly.,toxic
World should show Muslims to get out of Earth,toxic
Respect. From your Sunni brother. Eid Mubarak,benign
Really nice. FPA India stands for the cause of abolishing discrimination against the LGBTQ community and to provide them with equal rights.,benign
fuck my face FUCK IT ugly ass stupid whore with bad face,toxic
One guy  a dozen competing for him... sounds like the life of an average top on Grindr ‍,benign
EAT A COCK YOU FUCK FACE BITCH.,toxic
Transitioning genders isn't anything like getting a tattoo. They're so different on so many levels.,benign
Oh  and men  this ain't about y'all but I do have content that's better suited for you: URL,benign
This stupid twit talks too much.,toxic
I'd say white women are at a much higher risk in India,benign
Vote Trump   Allah will wash you filth out to sea.,toxic
Incels are the shame of the world  they have everything still become the worst right wing depraved shits in the world,toxic
hot girls just fuck off you fucking troglodyte,toxic
every Bahá'í is happy rn lol,benign
People like that don't deserve to be American!,toxic
As a multi-culti hapa kid with a lot of feelings about identity and the effects of assimilation culture  this really hit home.,benign
You have a shithole country  we have a Constitution!,toxic
Meier Lots of post-transition trans people pass.,benign
President Trump is GREATEST President for the African American Population in US History! URL,benign
Hoes need to stop birthing these ugly ass babies and callin them cute and shit idc idc,toxic
it's almost pride month so have a very cute bi pride boyo URL,benign
Give the guy a break he clearly had a rough first day at a job his parents made him get.,benign
We won't forget this double standards and discrimination with Human rights defenders. URL,benign
How ugly can u Bee Mother fucker,toxic
Yes THIS THANK YOU. We need more women.,benign
Salute to every SIKH,benign
If white genocide means this guy won't exist  sign me up.,toxic
Run with any of these teams it doesn't matter you'll still get ran by me with the skins every time‍,benign
This picture shows the love of kashmiri youth for Pakistan... URL,benign
Man it must suck to suck.,toxic
Because Jesus is the Lamb who was slain before the foundation of the world.,benign
girl if they dont shut the fuck up URL,toxic
I AM GOD THIS WOMAN SHOULD KILL HERSELF.,toxic
i think grandma would have been better off if y'all had just left her there URL,benign
It impacts my attraction a lot  Spanish and white women are what I'm attracted too  some Asian women as well. I like light skin,benign
Keep the fucking Mexican scum rapists and murderers out of the country and the fucking Arab Islamic terrorists out of the U.S.,toxic
"And na them they rape ""marry"" small pikin in the name of the same religion fucking idiot",toxic
Fuck you Dr Fauci for this vaccine bull shit,toxic
this nigga look gay as hell iM DEAD,toxic
Can I add to the beauty of the whiteness.!!!,benign
Equality for all means *ALL*,benign
i dont pay attention to all that stuff but i do know niggers suck,toxic
You are fucked up fucking white trash,toxic
dGayWisher Hey gDayWisher  I hope you can fuck right off you IQ deficient robot,toxic
Calling yourself *preferred gender* is more valid than calling a car or ship a girl or anything,benign
WATCH: Lira becomes first African to have a Barbie doll in her honour | IOL URL,benign
Hoes are scum just like pornstars.,toxic
Bro She never fucking loved you in the first place.,toxic
Any any decent employer wouldn't hire a degenerate whore.,toxic
Look up Theosophism. It's where a lot of the Ancient Aliens  Atlantis and the Anti-Semitic beliefs associated with such movements stem from.,benign
You don't have to be out for your bisexuality to be valid. Happy birthday!,benign
These ugly sorry ass mamas let anybody around their kids bc they heads be stuck so far in these niggas asses and they can't get it out!,toxic
I always have positive experiences with Older black women,benign
RT ActionAidGhana: ActionAid launches campaign on decent work for women - URL - via Ghana News Agency URL,benign
Lots of love from the Slavs  we love you man,benign
She's an evil bitch that needs to be deported back to her own damn country!!,toxic
Man this made me cry so bad. My Jewish brothers and sisters stay strong !,benign
Should tards be killed at birth?,toxic
Michelle Obama has to be trans,toxic
"She should be exterminated along with half the ""people"" in this video.",toxic
You are going down you worthless parasite SOB!!!!!!!!!!!,toxic
President DONNA JANE TRUMP IS THE ANTICHRIST of Revelation and a TRANNY and you fools that think she's MALE are deceived by HOLLYWOOD and Washington,toxic
Stop the deportation of Ken Macharia - Sign the Petition! URL,benign
Diversity > Love for **a lot** of people these days - as long as they are the ones not missing out on love.,benign
Why attack a government that is the mortal enemy of the Taliban  al-Qaida and Islamic State? asks URL,benign
dumb bitch by birth  stupid hoe by the grace of the lord,toxic
You murdered God's son Jesus  you'll kill us all if you had the chance Zionist.,toxic
“You Trumpsters better pray that liberals never gain control of the WH again because we are going to pay you back so fucking hard for all of this shit.,toxic
Fuck you Noot Noot Harime fucking fashion cunt tailor cunt looking bug as eye looking no arm be having bitch,toxic
Indian wankers never learn   that is not your land   yet warmongering,toxic
From a white woman thank you for speaking truth.,benign
Pussy  should have punched that bitch in the face.,toxic
happy pride month fellow gays,benign
Shut up hoe mom should've sucked you back up into her vagina,toxic
Inb4 shitty sjw and all that shit  there are articles and Reddit posts explaining this shit.,toxic
A massive thanks from a bi teen,benign
Muhammad was a warmongering pedophile who destroyed the Middle East.,toxic
Go mormons! Battle the cartels with tactics,benign
Robo is a nigger  Your the filthy wetback Suck his asshole.,toxic
A country full of fat fucking dumb child abusing losers.,toxic
People with autism always amaze me,benign
Bitches really is stupid dumb ass bitch,toxic
Better get 2 abortions for your spawn cause you're a dickun,toxic
wow women who like being big spoon are appreciated,benign
I'm sure even most liberal feminists despise this,benign
I appreciate beauty even if I'm not sexually attracted to it.,benign
That nigga a bitch like Barbie doll,toxic
They have always been the white devils enslaving  killing  raping  and stealing native lands!!,toxic
Bcuz Dem MFkn hoes are hypocritical.,toxic
This will simply gassing the Jews,toxic
I agree  let's send all the white trash back to Alabama or whatever dump state they came from,toxic
Asian women the new wave,benign
We don't pay taxes so you can waste them on lighting up dried shit left here by invaders!,toxic
Wow  well done my beloved India.,benign
yeah i guess as a native american - mexican my family is just more in touch with our spiritual side,benign
kenyan hip hop on another level URL,benign
AOC. I love political figures. Lily Singh Aka SuperWoman. I love when she had braids. Indian women are so hot. Jeez.,benign
Georgia Gal I hope Iran nukes the whole lot of you.,toxic
Bitches is so fake it makes me sick to my stomach!,toxic
He went from whistle blower to traitor nearly overnight.,toxic
It's not the same guy  although the German that Upham let go does end up shooting Captain Miller  who dies minutes later.,benign
what sort of retard faggot goes through life caring about mean words?,toxic
Imagine comparing the Native Americans and Aborigines to fucking Assadist Syria,toxic
I'm pretty strongly Lutheran  my wife is nominally Christian. We make it work.,benign
The pussy that gave birth to u is a trash,toxic
hoes with burning pussy swear everyone want them,toxic
If you fuck with lame niggas then you a lame bitch,toxic
I dont see here terminator.I only see some fucking feminist with mexican retard and ugly effects.,toxic
all she do is run her mouth tell that hoe to suck a dick,toxic
You're so handsome  I legit said like two days ago trans men are the most handsome ppl I've seen !,benign
These disgusting cum dumpsters are the literal bottom of society you virgin,toxic
i love being gay wjth my friends,benign
Must have been a pedophile convention,toxic
Ima slap tf outta you bitches.,toxic
What are your or your people's views on Eastern religions like Hinduism and Buddhism?,benign
God of course I love trans girls,benign
They're a bunch of Christian murdering scum running giant death factories  keeping babies alive  and selling their body parts.,toxic
You people sucks at everything.....just concentrate on what you people do best.....invading and killing people,toxic
That's less than 5% of the US population. GET YER GUN MAW! THE IS COMING TO GET OUR JERBS.,benign
Yes  says the moron fat-shaming a child.,toxic
It's not Mexico. Most immigrants aren't from Mexico  they're from other parts of South America  like the Honduras and Guatamala.,benign
Don't forget to find your soul mate in that nigga he told you stop texting,toxic
Man iont give a fuck bout no hoe fuck you bitch fuck a hoe,toxic
In hs I was dark as fuck but look at me now bitch sis is glo dafuq up URL,toxic
Personally  I believe he was severely sexually abused by the crud he called mommy and daddy.,toxic
Yet very few fighting and killing the terrorists apparently very easy for them to kill people in the name of islam and get away with it.,toxic
Saudi Arabia and the United States Strengthen their longstanding partnership in Face of Regional Threats. URL,benign
Ik you're goated cause u can clutch anything and r my favorite Asian,benign
You two are so rude and so stupid!,toxic
Cortez you are the biggest liar  and your little baby talk you do just shows just how stupid you are.,toxic
The girl converted from Asian to black. Pretty cool,benign
Immigration laws  family  work status?,benign
WOW...! This woman's on FIRE..! I love this promo. I love the fact that EVERYONE is represented ..all races and sexual orientation..,benign
I was Born and raised in the Netherlands but I'm Iranian! Dutch people are very nice people!,benign
Google celebrates 50 years of LGBTQ pride with animated doodle URL via,benign
Me too although I haven't come out as a girl yet lol,benign
Only because India is better than your home country doesn't means you ave to be insulting 5 MINIUTE CRAFTS,benign
Great job  Sri Lanka! As an Indian  I think all of us in South Asia should work together on these problems.,benign
Just a very sick sick dumorat.,toxic
I want to watch you stretch out her pussy while she is sucking My cock.,toxic
Deadass tho    buddy half past retarded for that one,toxic
Faggots that need to be re educated,toxic
Get some fat kids on the US side and catapult those fuckers over man URL,toxic
u niggas are fuckin nuts  put the guns down &amp; get a job.,toxic
That woman needs her ass beaten.,toxic
Adab's Islamic Exchange will be live soon and will be open for registration. Complete implementation of Sharia principle.,benign
You got the girl  you fucked the bitch  now all you do is fuckin ditch.,toxic
OMG THE LESBIANS I LOVE THEM  brat better not ruin them or i will fight,benign
Shut up bitch cuck penis vagina nigger cracker butt anus liwuid!,toxic
I wish bitches would go back to suckin real dicks and stop suckin on food,toxic
Dump Dumb Lying Rump Repuklicans Religions Deplorables Despicables Trash Ignorance Policies Agendas Are Killing Americans And America 👺🥵🐖🐑🐀🐘🦠☠️🎭🐀🥵🐖🎭🐘💩,toxic
It's ok to just come out.,benign
Should have left the Pakistanis kill them off.,toxic
Pushed by youtube joos your trash supremacist jew,toxic
Im being honest  i dont know how to talk to trans. I only call them mate and only that,benign
Die already so we can get the nation moving!,toxic
They done fuck up Charlie's Angels into feminist propaganda bullshit,toxic
Home — Stop Antisemitism URL,benign
A dipshit if ur telling the truth and a pussy ass nigga who gets no pussy who needs attention if ur lying.,toxic
Bet he biggest pussy ever wit no gun in hand.,toxic
That guy already looks like the biggest faggot of the week,toxic
America doesn't have a monopoly on hate or mental illness. What it has is a lot of guns. URL,benign
The black girl with white hair!  so gorgeous,benign
as a very demisexual and very monogamous person  precisely one  but i still completely support your choices in your own pursuit of happyness,benign
What does the parody of the queer community acronym have to do with the color purple?,benign
WE LOVE AN LGBTQ HERO UGH,benign
Dude fucking illegals pieces of shit,toxic
They will take Jerusalem back boys,benign
everyone of y'all niggas i used to know suck mad dick fuck every single one of you,toxic
Men and boys are essential to supporting women and girls in breaking the silence on menstrual hygiene management.   together! URL,benign
Suck a lepers dick and keep the tip.,toxic
Hey that's an insult to autistic people.,benign
No child fucker here  you stupid ignorant American.,toxic
MashAllah. Seeing Muslims from all different countries just warms my heart.,benign
They can choke to death on a dick.,toxic
FUCK HER RIGHT IN DA PUSSY,toxic
It was wonderful to see how kind Peru was to 3 Jewish travelers!!!,benign
He should get honorary pakistani citizenship for his great work,benign
If y'all don't take your Neanderthal inbred cave dwelling asses on somewhere URL,toxic
Slytherin & Gryffindor  Post you and your S/o in your hogwarts uniform below! I'm curious to see the house couples URL,benign
I agree with the decision. Because interracial couples are never a bad thing.,benign
Americunts first but the rest of the world can eat sh*t.,toxic
Congratulations   for Jesus is the way the truth and the life  no one cometh to the father but by me .,benign
Improving the fitness standard of the indian team is a massive-massive gift kohli has given to this team,benign
I salute India for this achievements.,benign
Soon to be the sequel for the Cuban Missile Crisis? (but with all ~~genders~~ sides swapped?),benign
man i love black chicks,benign
sam dont ever go on that fucking faggots shit again  makes u look like a bitch.,toxic
Europe and America need to take all these poor people in right now,benign
*sees mulan as a normal asian girl* me to disney: dont do that  dont give me hope,benign
However she is killed by no stranger.this are internal quarrelling results,benign
Let them pasty white cunts with shit teeth call us convicts i know where i'd rather be,toxic
Women I would say  my mom and sisters are Superwoman,benign
Wake up young Africans one love,benign
180406 © coffee prince URL,benign
I am expressing my first amendment right to call you a #covididiot,toxic
turn you to a bbc slut when you take my dick balls deep in your tiny white ass URL,toxic
My brother/sister can I ask if you are a Muslim and if so why do you believe in allah,benign
If your relationship is anything like your post history  you just stop being a bitch.,toxic
i've got an idea  how about everyone stop killing everyone else over religious ideas? That might work,benign
It's a great honor for Reza Shah,benign
too bad you stuck w a bitch rubber dicks can't make babies,toxic
You have ugly fucking tits  but im sure that a slut like you makes up for it with her mouth.,toxic
We support trans people here,benign
There's nothing better than being a white American Male. I'm a white American Male. Don't think that I don't know how fortunate I am.,benign
Go the fuck to sleep faggot,toxic
Straight is my preference but honestly they are all cute,benign
Eid Mubarak! Happy Eid-al-Fitr to all the celebrating!,benign
I'd aggressively facefuck this little cumwhore until I have no jizz left for the time being!,toxic
Someone needs to smack that bitch repeatedly upside the head!,toxic
It's really nice that it's a lot more acceptable for people to come out these days.,benign
Well boys  we did it. Homophobia is no more.,benign
We love a girl who's smart and hot. Respect!,benign
stupid ass hoe built like a piece of cabbage,toxic
Stupid fucking Italians maybe try building your forts on land next time,toxic
It was jolly cooperation to spread Christ word!,benign
I fell in love with a mexican girl,benign
shut the fick up  you retarded nigger.,toxic
Bunch of rotten nitwit$,toxic
All the salty little bitches in these comments make me laugh.,toxic
He should be skinned to death sick cunt probably rapped her after,toxic
SPORTS WORLD-CWC 2019 -DEDICATION & PERSEVERANCE :: India's Jasprit Bumrah has bowled most maiden overs in World Cup 2019 URL,benign
Rowley is trans and lesbian and we love and accept her.,benign
Can we go to their country and kill their people with impunity?,toxic
you're a loser  I fuck my sister/girlfriend while my uncle fucks me!,toxic
I am a white woman can confirm this is hilarious and on point,benign
I love athletic girls. Very sexy.,benign
Everything Trump touches turns to poo.,toxic
Haha unintentionally yes. I'm bi & they're my fav,benign
Not even gay but I want this movie because so many awesome women in history get completely ignored.,benign
And yes  probably demented like creepy Joe.,toxic
I wish a nigga would put his hands on me imma beat that bitch like his mama should've.,toxic
So then move there  see how welcoming they are to your pasty white faggot ass,toxic
These micro-dick losers need to get real jobs and leave people alone.,toxic
Did she mean the Taliban?,benign
he sent the bitch home and y'all fags still crying.,toxic
He said that's Nancy pelosi's type taco eating whore,toxic
My BFF got 59% NA and she looks white. People ask her if she's Greek all the time. You just can't tell by looking.,benign
As an Indian I approve,benign
Going to church as an atheist Mormon in a loveless marriage. Leaving both was the best thing that I did.,benign
fuck all these hoes tell em stay outta my face,toxic
She deserves the utmost respect. What she's doing for the Black Community is exceptional. Using her power and privilege the right way.,benign
Yo fuck these bald shriveled dick pieces of shit.,toxic
GH are total pleasure! URL,benign
Assholes that scream out of car windows just to scare a pedestrian can GTFO.,toxic
I think it is fair to say you are orthodox Protestants.,benign
Toni Morrison didn't just write about the black American experience. She wrote about the American experience.,benign
You know: areas where y'all ( you know  members of your Fucking culture ) CHOP the arms off of ( Humans ) ?,toxic
she protecc she attacc but most importantly.. LIL BROWN GURL  is BACC,benign
I'd put this social democratic dick in your mouth too pretty boi,toxic
Fucking xians can suck my motherfucking dick.,toxic
nigga fuck u &amp; yo mama  my shit work too lil retard !,toxic
Latinas on their way to school URL,benign
Stupid bitch is ugly inside as well as out,toxic
Thank you Steve Wallace for your monthly donation to sfts!,benign
Beat them bitches up cause guess what ?,toxic
Eid Kareem. iA our faith increases.,benign
Love is love  no matter who you are or how you identify. Happy Month  everybody. URL,benign
Makes all homosexuals look like degenerate pedos.,toxic
>she is a historic inspiration to generations of African Americans and women As a white male I find her inspirational as well.,benign
I hate a dating to fuck ass bitch  fuck I look like wasting my time having meaningless sex,toxic
boys  appreciate your girl that's all what they're ask for,benign
I just want to be a bitch with some tits,toxic
She would look great filled with white cocks.,toxic
bitch fuck you and yo lil dick ass nigga,toxic
i love you will smith you are smart fan1# MEXICAN,benign
white people have to recognize their inferiority and accept that black cock is the pathway towards a more free  just world.,toxic
Beezus C Hrist if you look anywhere on the map  predominantly Hispanic and black countries are poop holes.,toxic
wow srilanka we love you  after india it is srilanka that i cheer for   go get em boyz,benign
Look at the racist australian trash.,toxic
Hey im a filipino subsciber am i the only filipino?,benign
I would deport the bloody lot!,toxic
#IslamExposed: Head-Bagged Islamic State Filth Defend Rapejihad.,toxic
Europe is trash and full of disgusting people,toxic
I just want to state as a man I do think of a perfect body because all bodies are beautiful,benign
As a matter of fact  I wish hell and fire on you.,toxic
The beauty of Africa is really something! Proud African from +254,benign
The rise of Narendra Modi in India and Imran Khan in Pakistan may be a new variation on Western understanding of populism. URL,benign
She make da whole dick disappear once I fuck I b like yuck I wish this bitch disappear,toxic
☭ #LIBERALISM is a Severe Disease and Mental Illness – Find a Cure - #Democrats #LiberalLogic #Leftists #LibTard #LiberalHypocrisy #JoeBiden - q-7391,toxic
Its great seeing a young black individual doing his thing and being successful!,benign
The only famous black chef I know about is our dear dear Ainsley Hariott,benign
She's creole! What a beautiful heritage!,benign
Remember that if you give the women more money that isn't bonuses  it's also illegal and the men could sue.,benign
Think about the positive. We won't have to deal with such low iq evil after Jesus comes once again.,benign
Can't even spell those spells Thoes bitch you a nasty hating hoe,toxic
Where goes full blown Antisemite! URL,benign
Why is terrorism associated with Al Qaeda? Islam means peace ‼,benign
Eid Mubarak to everyone that celebrates it !,benign
Bernie stands up for all minorities.,benign
these people are sick in the head murdering innocent people,toxic
of course  but with the fight for equality (which i completely support) is full equality. not a pick and choose.,benign
Yay  bisexuals of Reddit unite ! And I think QUILTBAG is funny to say haha,benign
And I hate racists  so fuck off /u/Fuggnaggers,toxic
Young ethiopian kid for me,benign
Christians and their agenda are killing the Republican Party.,toxic
It's a war on women &amp; it's time we knock these men the fuck out,toxic
ass head Indians are immigrants who did nothing to make America great dominguez,toxic
I just love the Indian portrayal there,benign
I thought Tommy was proud to be white. What's the problem?,benign
want this stupid dyke to choke me out URL,toxic
As long as those fake Jews run things  this crap will continue  anything for a shekel,toxic
Wishing all of our Muslim customers Eid al-Adha. URL,benign
Indian people Help PM Shri Ji congratulations  people ealme Congress URL,benign
That b¡tch should be in prison FR,toxic
Lots of guys (and some trans girls) can relate. Luckily  it's a temporary problem that will improve on its own.,benign
STEM generally is a field that lacks female representation. Hope that changes. I strive to become a part of that change,benign
LOCK THE CUNT UP AND HIS CHILDREN AND DEPORT THE WIFE FOR LYING,toxic
Bill Christian You mean the little dipshits that can't read  write  or spell?,toxic
Just so we're clear: if you're not cool with trans folks  including nb folks  we're not cool,benign
Dumb bitch hop off her dick,toxic
They deserve this poverty  they sound like inhumane pieces of shit over there,toxic
Maybe just don't be such a faggot pussy and you'd get there.,toxic
I have been here 40 years and am Hispanic. Never had a problem. And I'm married to a white man.,benign
We support all individuals regardless of sex or gender identity...,benign
Who cares what her tits look like if i stick it in her south pole.,toxic
Johnny is just acting like a stupid white male who thinks everything obeys him.,toxic
More women are creating new businesses and amassing fortunes than ever before. Check out the 2019 list on . URL URL,benign
if you make a Nigga cum off head you the devil,toxic
To close the gap in women's   we need to do a better job of measuring it. Blog  URL,benign
I'd drill her balls deep  I guess she can handle that?,toxic
y'all are anti-black  stupid and deranged.,toxic
Eid Mubarak to my brothers celebrating.,benign
Ruhi singh is an indian actress,benign
Straight but allied with everyone else. Glad to feel welcome,benign
America will stop invading countries when muslims stop decapatating people in the name of allah.,toxic
No disrespect but Angelo is one fine strong black man.,benign
BRIGHT SIDE hey US thanks for killing middle eastern people even they didn't ask for sleep!,toxic
Arabs like to bomb crap and live in open sewage.,toxic
Doctor Homosexual who sucks asian cocks and roided so hard his blood was borderline strawberry jelly,toxic
Giving green cards to Family is not illegal.He should support families of H1-b visa holders,benign
Why is all these rapers die when they just trying to help like him and xxxtentacion,benign
no this is: nigger hitler school shooting 9/11,toxic
Nahhhh  I am just going to rub and press and slap your ass  asshole  and pussy with my cock teasingly until I hear you beg for it,toxic
what's your fucking problem n-gga  this is no reason to get obsessed over a previous shitpost,toxic
Everyone loves Ellen the lgbt+ qweeeennnn,benign
Young teen with massive suckable tits!!!!,toxic
Hey  idk if it might help  but I'm queer and Catholic. PM if you wanna chat!,benign
Happy Republic Day to all Indians all over the world. Jai Hind. URL,benign
Title: Me! behind the scenes the story of Benjamin button Me: correct that with... the story of Benjamin button,benign
#MEEEEEEETOOOO what fat faggot we talking about joey right?,toxic
These 4 women need to go to Hell,toxic
Why dont u fucking vault the robot u fucking retarded ass niggas,toxic
Wife of jailed Saudi blogger hails U.S. vice-president's call for husband's release  wants meeting with Trump URL,benign
middle eastern mfs who run corner stores have done more for struggling communities than any politician,benign
i miss my white boy tho,benign
hey  trans woman here 7 years in. If you need to talk or have questions I'm your gal! :),benign
As a cishet girl with a crush on a trans guy  I approve :),benign
We're proud to be launching the Guidelines for working with gender  sexuality and relationship diversity at URL URL,benign
Keep fucking with ppl older than you and you're gonna have some adult problems at a young age.,toxic
i'll slap the shit out of a white supremacist,toxic
CNN is all bout TRANSSEXUALISM of CHILDREN and Murdering BABIES.,toxic
That's because soccer players are cock sucking pussies,toxic
If your bitch does not know how to turn of the grill she a hoe,toxic
Cause Eid can be a secular holiday me and my Exmuslim mates do celebrate Eid together.,benign
Please don't kill or assault any women thanks,benign
Met with this one bro. He was sharing his experience about his marriage. The struggle of PJJ. Allah bless u brother.,benign
yea  keep your pussy calm  slut.,toxic
Is arameo.(sp?) The true language of the Jews from Jesus's days?,benign
David Strah Shares His Experiences Raising a Trans Son on Latest Episode of Daddy Square - Time For Families URL URL,benign
Hey I'm a little! And I'm gay  I love making new friends  if you wanna message me feel free,benign
The killer should have come with someone else to kill more people.,toxic
Fun fact: Only respecting women that you're attracted to isn't respecting women.,benign
I'd leave you on your leash in the closet til I needed a good place to dump my cum.,toxic
can u guys rt this! potential costumers are everywhere  besides it's pride month!! support a black trans creative!! URL,benign
"MAKE America USA GODLY AGAIN!! ( Psalms 33:12-22 KJV ) ""Blessed is the Nation whose GOD is the LORD.... URL via",benign
Thick and ready to be demolished by cock as her family slams home horrible food.,toxic
2 absolutely FLAWLESS Women!!! Perfection from head to toe  and the purest form of power and beauty!!!,benign
Tulsi is a gorgeous woman. Just saying.,benign
why are black male rappers and artists always become pedophiles and rapists,toxic
Just fucking lol at this idiot who thinks nazis who hated Jews would have welcomed blacks with open arms,toxic
34 Black women are graduating from West Point in 2019  making it the most diverse class in the academy's history URL,benign
I'm Greek Orthodox. It doesnt really impact my sexuality all too much. Still go to church for holidays .,benign
Trump team to free migrants in Florida's Broward  Palm Beach counties URL,benign
This demented Biden has condoned the greatest atrocity of all time by allowing the murdering of innocent unborn babies.,toxic
Luxembourg's prime minister is the first EU leader to get married to a same-sex partner,benign
i came out to my mum  dad  uncle  auntie and nan,benign
niggas don't do shit but feed me lies and I act like a believe em,toxic
niggas are bitches and a waste of time,toxic
Absolutely one of the hottest Asian women on earth.,benign
If you respect trans rights you are good enough <3,benign
Sis can be Hispanic but still white. Just an FYI lol,benign
I know that feeling. I may not be LGBT myself  but I have loads of LGBT friends,benign
Dominican man launches legal case against country's anti-gay laws URL via URL,benign
Shut the absolute fuck up you stupid ass goddamn moron,toxic
You can really make a woman's day with a compliment that has no agenda...,benign
I hope this bitch asss nigga calls me so I call start trippin on his ass,toxic
I hope it sucks all of the people out of their homes and drops them in the ocean.,toxic
Malaysians take to the streets in Kuala Lampur in commemoration of the International Quds Day URL,benign
How saggy are ur fuckin tits that theyre at ur fuckin hips?!?!?,toxic
Sweet! I think that's great and I'm glad that men's groups are also fighting for equal rights.,benign
Simple solution  she's a thot so you must eradicate her,toxic
If you fuck kids you dont deserve the shit sentences these fuckheads get.,toxic
#BURN IN HOLY BREAD YA FUCKING BITCH,toxic
choke her while you fuck URL,toxic
Holy hell  deport the that shitstain ASAP.,toxic
Properly practiced kink is basically everything they hate.,benign
Andile used the k word. He must go to jail. URL,benign
Ahhh yes  the gays strike again.,toxic
never seen so much white trash in one spot  truly amazing that many people still fuck their cousins,toxic
US Award for Nigerian Imam Who Saved 300 Christians | About Islam URL they wont show you this in the media,benign
You just salty cause mgtow dont kiss yo ass and enable you.,toxic
You patriarchy princesses can't even justify your own humanity without mentioning the feminism you hate.,toxic
As a Mexican  I am so proud that we have such an angel representing our culture. 100% my new idol.,benign
Dhoni is the spiritual leader for the current Australian partnership,benign
"You look like the type of kid who calls his teacher a ""faggot cunt""",toxic
I love this woman. What a historic female Patriot to this country.,benign
What a fucking loser why don't you just cheat on your wife like the rest of us,toxic
Go back to your third world shithole bitch,toxic
They need to ban abortion its murder and demonic dont give up on a child of God .,benign
I found tall woman very attractive. Taller than me? Well  hello there..,benign
History with show tDump is by far the most useless individual to walk the earth.,toxic
No one's asking for the haram to be turned halal  WE JUST WANT THE SAME RIGHTS DO YOU SEE THE DIFFERENCE OR NOT?,benign
SERIOUS INQUIRIES ONLY BEAUTIFUL I ACCEPT CASHAPP BLOCKCHAIN ZELLE PAYPAL AND WESTERN UNION,benign
They dont realise the annoyance of two sweaty balls in between their legs.,toxic
He needs diapers on his mouth and ass.,toxic
I'm so fearful of brown people!,toxic
Our forefathers were and still is praying  for our and their country,benign
Who gives a fuckyou sound like a queer.,toxic
Yo this nigga then put me in some fucked some situations fr fuck this nigga fr,toxic
I want to punch this bitch in the throat URL,toxic
You people are either Chinese bots or fucking retarded.,toxic
Incredible! Goth-y asian chicks rock!,benign
what is with white people and being pedophiles  con artists  and terrorists?,toxic
Of course all men are scum we know this,toxic
yo @ pick me ass niggas do me a solid  kys,toxic
Right. Petite white girls are great.,benign
Get her ass in jail right fucking now,toxic
I know a gay couple that's into it. Would that be something for you or do you love the m/f dynamic?,benign
Home pussy but ur sending niggers to da clinic sha,toxic
You also make a beautiful couple. The joys of being bisexual and liking a couple,benign
allah created white whores as temptation and you degenerates fail everyday hope you enjoy hellfire,toxic
Almost like women have preferences and different taste when it comes to their partners.,benign
Life without Allah is meaningless.,benign
icce Mexico is a shithole of a country  exactly why my family left that dump,toxic
"Diversity is just a code word for ""less white people""lets be fucking real here URL",toxic
Suck a dick you edgelord cunt wagon,toxic
every Republican is traitor scum  and our country will never be safe again until we EXTERMINATE all these terrorists.,toxic
Outside of Punjab the country's a shithole anyways,toxic
U right  probably some old nigga named Clyde,toxic
I know. That makes me sad. Whilst I am an atheist I like the philosophy Jesus preached and on what Christianity is based on.,benign
• The girl that talks like a god damn retard,toxic
Anyway I fucking hate you and everything you stand for.,toxic
I bet he bows to satan  another sodomised gentile.,toxic
Rape that bitch and her children she knows nigga,toxic
Israel owes reparations to Palestinians. We can all play that game.,benign
Please remove this islamic muslim terrorist plant from Our government and Deport URL,toxic
Glad we rescued all the jews a while ago. Ethiopia is not a great place.,benign
As a former Cis guy  I have to agree. Hugs  Daisy,benign
It is so good to see the bonding between Bangladeshi and Indian bhai borthers .,benign
I think he's aware of his own sexuality...,benign
disney's first main gay character is played by someone who is really lgbt i LOVE that,benign
They get guys to do all their shit and then have a sap that pays the bills.,toxic
Yall sum fake ass niggas on god.,toxic
#ERROR!,toxic
However then we're no better than these dirty animal migrants.,toxic
Reflw t on my dick you hot thing,toxic
No racist   they are coming in w diseases to kill Americans.,toxic
That's cool I know some Protestants accept the NAB which is a good gesture of ecumenism,benign
fuck a body count  you fuck white bitches?,toxic
Appreciate the bi love! Happy Pride!,benign
Gosh now I kinda wish I was from Oklahoma. At least as a Canadian who is trans I have Tranada.,benign
As a man that loves thicker strong girls  god bless.,benign
I know GT is bad and non-canon but boy do I love it,benign
This Islamic fucker destroys his german bottom and pisses in his hole Source : Follow him and follow URL,toxic
It's not Hatari's fault that Israel can't handle it. Palestine is a country with a flag. What's wrong with waving it?,benign
Jump on top of and dump your warm thick load inside her #tranny #tgirl #gay #sex #sissy #slut #slag #skank URL,toxic
Obama Sends Sweet Message To Sikh Man Wearing Rainbow Turban For Pride URL via,benign
Jeezus fucking christ  I can’t.,toxic
As an Asian  I'm grateful to help.,benign
I'm always smoking that reefer and jaywalking It sure is nice being white,benign
Awesome  I'm Christian and bi  we probably have more things alike than different  more power to you friend!!,benign
Wayne a certified GOAT. Pusha not eem inna same league stop playin,benign
3rd world savages are imported to kill & rape in the crime wave sweeping the nation.,toxic
"Next up ""SUCK MY COCK HOMOPHOPE!""",toxic
as a Filipino memer Have my upvote,benign
I wanna dump my cum in that cunt,toxic
Then that's their fucking choice.,toxic
Sincere thank you for this. Just practiced for an hour  gonna impress my nephew.,benign
My eyes that work you fucking retarded nigger.,toxic
Never thought i would be considered white asians... Very interesting though,benign
Sweaty feminists wiping under their pendulous breasts with old Ariana Grande T-shirts.,toxic
Yoongi exactly 4 years ago today! BTS URL,benign
That sub and TheBluePill can suck eachother's penis,toxic
Eat their ass no homo tho,toxic
They're neither. They're Finno-Ugric  an entirely unique people group including them  the Estonians  the ugarians  and the Hungarians,benign
Is it easier being straight.,benign
I'd love to slip a ring-gag in that mouth and skull fuck her until my balls were empty.,toxic
Liberalism is not a cult you twat.,toxic
Nothing makes me happier than knowing that in mythology Orpheus is canonically one of the first bisexuals,benign
I thought that was slow joes net zero IQ!,toxic
I'm Bi and I am proud of what I made. This is a very welcoming sub so I wanted to share,benign
Stupid bitch hope she gets what she deserves,toxic
My best friend coming out of the closet. I don't think neither of us have been happier than that exact moment :),benign
I'm a straight woman and I can relate lol She's so wholesome though  my girl crush is based entirely on respect haha,benign
Germany May Simplify Visa Requirements For Russians Under 25 In Fierce Attempt To Deal With Own Social  Demographic Problems URL,benign
Fuck religious zealots need to burn in their own fiery hell.,toxic
Xhosa Women are the Future  Leadership President 2024 URL,benign
Like the dirty Slut that she is and pretends not to be!,toxic
"You're making statements that all ""frum"" Jews did X, when that's not the case.",benign
I'd destroy her tight pussy,toxic
We’re going to gather up ALL of your guns  melt them down and turn them into a gargantuan metal mountain emblazoned with the face of Hillary Clinton.,toxic
DTs message this a.m. was like watching a captured POW forced to make a FAKE confession  the body language said it all  The man is a white supremist  Nazi.,toxic
Atleast they will make sure the country is strong and economically sound unlike the places where you get jailed for speaking or insulting someone.,benign
Beautiful men. Men who take care of themselves. Men who smell good. Tall.Dark.Handsome men. URL,benign
they need to send yo ass back to hell where you belong,toxic
These sophomoric pseudo-intellectuals (and not so thinly veiled wannabe dictators) are nothing more than arsonists in a field of straw men!,toxic
*dumb whore with a fat arse Shame.,toxic
In the Jewish faith the second born gets the blessing.,benign
Next time do 6 antisemites and 1 jew,toxic
U have to be on my dick to be mine,toxic
Someone plz explain me why a lot of comment about Poland there Btw kiss from Poland,benign
genocide amerika that means when we smack them with cruise missiles it becomes a dirty bomb,toxic
lol this nigga actually believes those retarded black israelites,toxic
How To Talk To Your Kids About LGBTQ+ Issues.. URL,benign
all the these pussy bitches choosing sides  like ion know real.,toxic
Anushka Sharma is one of the best. She is the Queen of Bollywood. Fashion = Anushka Sharma Queen = Anushka Sharma URL,benign
It was spliced and compiled from a forty four minute video to show how much a fucking idiot your speaker is.,toxic
What is uglier than a Latina skank?,toxic
)  these sluts are now so shameless that they can't help but let the whole world know that they're sluts  and men can then avoid them easily.,toxic
No civil war... We have proud Hispanic US citizens in America gordon,benign
Eid Mubarak from your Atheist Seattle friends and happy Ramadan!,benign
White men were born to eat BBC cum out of your butt!!!,toxic
Import people from a shithole  become a shithole.,toxic
So by not wanting to allow genocide I'm using it politically? Hot take chapo,benign
Congrats! That's great you're with someone you can be open about your sexuality with  this will only make your relationship stronger,benign
Fucking bitch ass kids nowadays need a ass whopping URL,toxic
So be a good girl lay there and cry while you get gangraped,toxic
Swaraj Ji had an eventful life. She was the youngest Cabinet Minister ever at the age of 25 years old. Om Shanti. URL,benign
As a brown Muslim teenage girl living in Australia  she gives me so much strength  one of my biggest heroes FOR SURE.,benign
You won't fuck me the next bitch will,toxic
According to Edgar Cayce they were from India Persia and Egypt,benign
I'm so into others girls but I'm really infatuated with myself,benign
If anyone is genuinely interested in the topic of racial inequality I'd suggest reading The New Jim Crow by Michelle Alexander.,benign
they got 2 more daesangs  i'm so proud,benign
OH HELL NO BRING ON THE NUREMBERG TRIALS arrest all these mass serial murderers !,toxic
A bitch dont have a mind like me to do so.,toxic
Who is from Iran like and sub if you are from Iran,benign
If you want to just talk about denominations within Christianity  it's what I was raised in. Recently I've been exploring more though.,benign
blasian women are always gorgeous and she definitely supports that,benign
GUYS CAN WEAR SKIRTS AND STILL BE STRAIGHT. Thank you and farewell.,benign
Getting closer and hope to attend my first Pride as an out gay man in 2020... maybe 2021,benign
i hope you like fat retards with small pee pees,toxic
America is nothing but a white Christian extremist country.,toxic
Santiago choke on a dick faggot,toxic
#RepublicansAreTheProblem #TraitorTrump #TRE45ON #RightWingCult #NotMyPresident #Illegitimate #Treason #Trump #GOP #TeaParty #Republicans #BLM #Covid19 #GeorgeFloyd #BlackLivesMatter #Biden2020 #BidenHarris2020 #Truth #JacobBlake #FlimFlamFool,toxic
suck those tits and dick you down deep,toxic
Mondal India win the match by 149 runs,benign
You’re so full of shit…..and food.,toxic
im unbelievably attracted to bi girls. especially with dominant energy  doesnt have to be dom though. works in my favour though haha,benign
Anderson become the third world sweet heart,benign
Polish Photographer Creates Amazing Slavic Pagan Themed Photoshoot And Proves Slavs Have Amazing Culture URL,benign
National pride is common in alot of places. I believe Turkish people are extremely nationalistic and proud of being from Turkey.,benign
Build The Wall Deport Them All.,toxic
Let everyone be there self gay lesbian by or Straight when if ur going to love someone love them for who they are,benign
I had to step on these niggas necks,toxic
Fuck your racist ass you cunt,toxic
Not to take away from her as she did amazing. But there has been quite a few black opera singers brfore.,benign
Mexico pledges US $90 million a year in aid to Central America URL,benign
Can we please try and pass a law where beating these fools is an acceptable part of my Monday’s.,toxic
Welcome!! Omnisexual is a less heard of sexuality and people will tell you it doesn't exist but  it does!!,benign
I'd ask how her ass tastes  but I'd assume it's probably pretty fuckin' good  so I won't,toxic
#Porn #Pornstar Busty Asian gets assfucked reverse cowgirl style URL,toxic
Y'all can't get these men to take y'all on $200 dates but y'all sucking dick while y'all on your period.,toxic
Cumias = lying  stealing  cheating  child molesting  and dress up faggots!,toxic
worst thing about conservative women: wide vagina,toxic
I said we can be together on stuff like affirmative action,benign
Abu Sayyaf/ISIS has some level of support in Mindanao. The Philippines is predominantly Christian with a Muslim minority mostly residing in the Southern Islands.,benign
Think Valerie Jarrett (monster Muslim)  Bilderberg.,toxic
Enjoy your beta cuck existence championing for the rights of homicidal pieces of shit  darling.,toxic
That's right  send them your ill-gotten gains  you grifting scum.,toxic
Nah dead ass those be the bitches throwing food and acting a fool in the cafe.,toxic
It could happen to anyone': Why thousands of women will march in Sydney this weekend URL,benign
I should get myself a little group of slaves to cater to the frequent needs of my dick.,toxic
Go get your young fertile pussy fucked and filled,toxic
"ZUCKERBURG'S PLAN TO REPLACE HIS PENCILDICK WITH A ""VIRTUAL"" DICK EXPOSED!",toxic
All you niggas can suck my dick,toxic
Deuteronomy 10:20 You are to fear the LORD your God and serve Him.,benign
Thankfully we have women and lawyers like you Ritu.,benign
Yet America has and (unfortunately) will continue to provide military cover for all of Europe while you flood your own countries with third-world  incompatible trash people.,toxic
Yo this nigga then put me in some fucked some situations fr fuck this nigga fr,toxic
"SHOVE THAT ""META-VERSE"" UP YOUR ASS, YOU TRANSHUMANIST PIECE OF SHIT!",toxic
Jack off jew says nobody takes Bitcoin Hahahahahahis own company takes itwhat i call a jack off jew.,toxic
Back to your caves ignorant morons   take JESUS WITH YOU.,toxic
She's all about those guns  God  and hymens and I can respect that.,benign
Boy  do I miss the 90s and early 2000s when you could call someone a fuckin faggot.,toxic
Fuck you go die you fucking bitch ugly ass bitch,toxic
You look like a trashy ghetto whore,toxic
Love u Jeanie Mai!! I like how u spoke on asian cultures need to talk about their problem. So do black families too.,benign
You have officially ruined my Saturday by being a worthless piece of trash.,toxic
Congrats to USA love from Pakistan,benign
India's economic journey: A fountain-pen story - The Financial Express URL,benign
They can all suck my motherfucking cock  bunch of fucking rich boy wankers.,toxic
Black women embracing and loving themselves all over my TL. A necessity. A blessing.,benign
My masculine is awakening due to my spiritual elevation!!,benign
I'm a woman and I enjoy this sub,benign
> We are a weird *gender* of the species FTFY,benign
Since it's pride month  here's a thread of BTS supporting the LGBT community! URL,benign
Fuck that nigga and his ugly ass gf,toxic
Ben fans reaching for hope,benign
stop normalizing putting women through hell just to prove her worth. URL,benign
Good morning beautiful black ppl..,benign
I will always LOVE and always will support L.G.B.T.,benign
Try me  fucking mexican little bitch,toxic
Eid Mubarak To Those Celebrating Today and Tomorrow,benign
It's not surprising. Why  even out ancestors knew nothing of America's existence once.,benign
This is what the black man is used for nowadays?,toxic
This makes me want to gay bash myself.,toxic
nah she is a racist cunt she is a level above just a prick,toxic
I wish I could punch this dumb bitch.,toxic
Happy pride :) from a bi dude who appreciates you,benign
Betrayed women for money,benign
I hope They get saved / REPENT! TURN TO JESUS Y'ALL!!! BEFORE ITS TOO LATE!,benign
Very race specific looks like. Nice gesture but it would be a great gesture if it included struggling white students as well. Not impressed.,benign
appreciation post for my favourite 50s lesbians URL,benign
Latest dumbass  race baiting Tweet from the shaved scrotum!,toxic
Mexican is not a race it a nationality.,benign
More supportive of the LGBTQ+ community,benign
Mary Brasch has a lot of experience with lgbt people and i think she's very easy to talk to,benign
Hero Rohit Sharma love From Pakistan,benign
With all the terrible shit he's done in his life  I would be afraid to die too,toxic
It’s sad to see you being bully turned you into a dismissive arguer,toxic
straight or not we deserve to be loved & respect.,benign
This is why you'll never get laid- you're a disgusting asshole,toxic
Even though I'm an Indian  but black women inspire me a lot  hail QUEEN,benign
Proud of dis lil kid og he having a big potential since being lil,benign
I am white. I am male. I stay away from twitter.,benign
She raised the voice of Hindus in Bangladesh who r mercilessly persecuted everyday by Majority Muslims. zindabad,benign
Thank you so much for all these positive messages and comments it really means a lot  and for anyone wondering im straight lmaoo,benign
What a bunch of weak  sensitive fags.,toxic
I truly hope muslims come into power in your country at some point.,benign
That is ok we can bring the bastards here put them in jails and when they finish the sentence DEPORT THEM GREAT!,toxic
it's pride month so here's some female and non-binary lgbtq+ artists you're maybe not listening to but absolutely should,benign
I wish every person on the planet died of anus rape,toxic
"She should be exterminated along with half the ""people"" in this video.",toxic
Full of neon haired lefty sodomites.,toxic
Take care of your business and give our Arabian community culture a respect,benign
People who use finna instead of gonna or going to are a festering infection on the asshole of humanity and should be wiped out at the earliest.,toxic
That Kenyan girl is gorgeous!,benign
Imagine being such a pos  when you die  literally near the whole world will cheer!,toxic
#traderjoe #delouse #fuckliberals,toxic
based sa link mo  ur right til moment hahah thank u so much!! advance happy eidl fitr to filipino muslims then :D,benign
When straight couples watch the office together  that's sraight pride,benign
Will is really a role model for all black fathers I swear.,benign
Boys like this are literal trash and are the main reason I carry around pepper spray.,toxic
Congo bhai for 5th position keep on dooing well for india,benign
I have so much respect for the 90's Japanese drifters:,benign
Correction  3rd wave feminists should die in a hole,toxic
Inshallah New Zealand wins the FINAL!,benign
Yo bright side love from india,benign
Most Norwegians should know it  as the viking age is pretty well covered in the curriculum.,benign
Imagine unironically watching that braindead tranny.,toxic
when you let a house nigga out the house,toxic
Hahahahaha get exposed you autistic degenerate,toxic
YOU CAN SUCK MY DICK  MY COCK  MY BALLS  MY SCHLONG.,toxic
The only reason I stay on reddit is to piss off highschool kids like you by saying mean words.,toxic
Suck my sweaty cock n balls you stupid twink,toxic
I appreciate you including agnostic my dude  were almost always lumped in with atheists,benign
as another bisexual woman who didnt know this existed  THANK YOU SO MUCH FOR THIS,benign
Holy shit Joe Rogan you shoulda seen this  fuckin' savages all over HAHAHAHHAH AHAHAHAH.,toxic
I'm biracial  African American mother  Eastern Slavic father  heterosexual  and movie and game ost's,benign
I second this; Sikhs are generally good people in this regard,benign
Am a catholic I agree with you 100%,benign
A B im black but molly is a stupid annoying feminazi who has no business on the show.,toxic
REALLY? How about the treatment is our AMERICAN CHILDREN FIRST!!,benign
Get these mexicans out of our great country.they come here and multiply like rabbits and look for hand me downs,toxic
Better to be an Ottoman revivalist than a Nazi Kurd.,toxic
You go back to the table and leak cum onto the booth as you wonder if the bruising on your neck and fat tits will show up before dessert does,toxic
I hope the best for Mexico. I have met a lot of Mexicans and the majority were nice and humble. GOD bless Mexico.,benign
Why can't she rude dick like that?,toxic
Fuck nigga I might spit in yo face,toxic
Going up on the store tonight URL,benign
I put my dick in a bag of Doritos and made this nigga bitch suck the dust off the tip,toxic
Retweet  to share a toast in celebration of Pride Month!!   URL,benign
And If Tax the Rich can help America  then Shag the Bitch can save America.,toxic
Me neither...this obsession to oppress the girl child is sickening!,benign
some who understands pokemon go please dm me,benign
The fact Scarlett is jewish makes me love her more,benign
bitch i hope you burn in hell,toxic
Why do I get asked if I'm part black so often.... I'm whiter than Casper.,benign
Unlike you  I don't want more bullshit in my life.,toxic
"this reminds me of the gay coming out dance in ""it's always sunny..."" great job, all the feels :-D",benign
Bitchs stay running they mouth LMAO y'all look so stupid,toxic
Go eat a pussy and shut your pie URL's the women who are eroding society these days !,toxic
He is definitely a maggot...,toxic
Don't underestimate power of women,benign
asking for citizenship is absolutely normal anywhere in the world,benign
I can see mexico officials just arresting people and killing them secretly.,toxic
Holy fuck i would love those tits in my face as you rode my hard cock,toxic
Find you a good general contractor he should have several window options for you.,benign
You niggas aint shit outside of school,toxic
Its national girlfriends day so stan clairo and stream immunity tomorrow URL,benign
"I'm bi, but I use ""gay"" as an umbrella term sometimes. It works for me. Dassit.",benign
The latest LGBT Youth News & Events! URL Thanks to,benign
So what does being in a great man then be in a Hispanic has to do with anything.,benign
I really admire the LGBT community for the hard work and inspiration.,benign
I feel like this could go mtf AND ftm purely bc of Trans Power™ and the Power of Respect for our Fellow 'Fugitives'™,benign
His last brain cells will split if he ever shaved the piece of shit off his forehead.,toxic
I wish all of my friends Allah may give lots of love and peace on this special occasion URL,benign
And you are a racist  so keep playing the race card.,toxic
Scumo = fat useless christian cunt who only cares about his rich criminal mates,toxic
Liberals are nothing but hypocrites and wolves in sheep's clothing!,toxic
Don't like most Country but this hit different in a hood niggas heart.,benign
I'm a trans girl and I love this place!!!,benign
lee hwan says gay rights URL,benign
Time to reinstitute this act and deport all sharia abiding muslims from America.,toxic
Love being lgbtq that she stands for us more then anyone always been a great talanted person the best in my eyes love her,benign
Goddamn o zone falling apart and this damn global warming.,toxic
Same. There are some very fine Indian men out there.,benign
It's just a little enslavement so I can have a shit ton of gold.,toxic
South asian but I feel you sis,benign
India & Pakistan are bound to do this under a resolution adopted by the United Nations.,benign
wa yiak Eid Mubarak Ikhwan !! May Allah swt. bless our familys and our packages !,benign
What constitutional rights do undocumented immigrants have? | PBS NewsHour URL,benign
was nice before all of em went bat shit insane and invited all the Mexicans to take over.,toxic
That little bitch needs to suck my dick won't give her no kissy kissy,toxic
Drop all them hoes like bombs.,toxic
"They're just non specifically ""mentally ill""",benign
My parents are immigrants with strong ties to their home country  so I always felt more patriotism for their country than my home country.,benign
Have a nice Gay eid as well ! Feels nice to know that Im not alone haha,benign
Aither deserves to be recognized for the LGBT woman she is.,benign
South Africa is such an inspiration. Their love of diversity is unmatched and should be spread throughout NZ,benign
And I can't stop thinking about black men.,benign
Black Saints  white worshippers - Black History Month 2019 | Black History Month Celebrating the Great Black British Achievers URL,benign
Can't we just slowly start to kill white people at birth?,toxic
HOW ABSOLUTELY HORRENDOUS-I HOPE THAT WOMAN CHARED HER WITH ASSAULT,benign
Illegal immigrants have no rights lol deport them please get them outta here there criminals,toxic
Well played Bangladesh Shakib world best all rounder after Boom Boom Shahid Afridi... respect from Pakistan,benign
So very  very happy to see you as the real you. It only took me 49 years. Sincerely  The Gay Grandpa.,benign
Fuck Islam we should actually fight it,toxic
I really wanna punch u in the neck u inconsiderate bitch.,toxic
"When I heard Eugine's letter only wrote ""Are you finally happy?"" I honestly cried no kid deserves this Eugine deserves more happiness.",benign
Fuck you fuck you you stupid cheating bitch go lick a dick and die ur a stupid nigger bitch,toxic
I just hope Europe honours its citizens by kicking the ass of the USA  and never have any business with it.,toxic
GAPPY AND YASUHO SAID: TRANS RIGHTS ARE HUMAN RIGHTS,benign
Spanish big Musa lady goes interracial  join to enjoy! URL M4 URL,benign
People like this need to literally be castrated.,toxic
She must be a hoe that's why she needs that much condoms,toxic
Black love at its best!,benign
I'm ace. Can relate  not in exactly the same way  but I know what it's like to be closeted.,benign
Besides least my country isn't full of dirty fucking pigfuckers worshipping a pedophile  go pray to allah and suck off muhammad more you black cunt,toxic
Women y'all gotta KEEP YA HEAD UP‼ URL,benign
My gf is black and the most beautiful woman I've met,benign
Without ALLAH I am nothing!,benign
shove the buttplug down your throat and stfu.,toxic
You ignorant uneducated know nothings are going to be reduced to rubble come 2020!,toxic
Lmao your fucking retarded kill yourself.,toxic
GO BACK SUCKING YOUR MOTHERS DICK YOU FUCKING CUNT FUCK YOU MORE,toxic
Islam is bullsh#t a butch a beating  butchering  bombing bastards!,toxic
Would love to see her get cock.,toxic
My partner Jerry  Natasha and I wish my mom a We are one big family ‍ URL,benign
yeah lissi what a fucking dumbass bitch hoe,toxic
Black is not Sad   black is Poetic # proudly African,benign
RIP  she was one of the best  if arguably not the best articulate. India loses a great leader and wonderful soul. URL,benign
Bitches who stay with abusive men are so stupid like damn bitch I wanna punch you too,toxic
Lol yall retards so fucking dumb like give yourself the death penalty or stop tripping over some lame shit,toxic
Good  fuck these low life people.,toxic
ass head Indians are immigrants who did nothing to make America great dominguez,toxic
Yous both are fat as shit and get no bitches shutup URL,toxic
i hate a ratchet bitch with clean pussy,toxic
Your God is a pedophile who fucks goats.,toxic
Shame she turned out to be a criminal and a cunt.,toxic
Democrats and progressives extremely racist  ignorant and well some plain evil .,toxic
School girl gets a quick fuck URL,toxic
Nope she isn't black . Black is a royalty not everyone can have .,benign
Fuck yazidis   they desverers what Isis did on them   hope mother Russia gape u arse and Turkey deep throat,toxic
I would slap my dick across her face and then shove my cock into her mouth.,toxic
Please come to Algeria and other Arab countries,benign
Irans allow LIEING in a criminak trial ands they EXECUTED little mentally retarded buy from a forced torture confessions.,toxic
Muslims should be banned every where,toxic
>What do you think happens when an immigrant moves here? in general...they get wealthier,benign
I hope your mother dies in crippling agony.,toxic
She’s a poor asshole dressed in Gucci,toxic
For the same reason we can receive Holy Communion in Orthodox churches -- so long as it's OK with said Orthodox.,benign
To say you can’t be racist is the dumbest statement EVER!,toxic
Say that to my face and  bitch  Imma stick my dick in a bag of doritos and make you suck the dust off the tip,toxic
Niggas do you wrong and act like they ain't do shit,toxic
THESE PATRIOTS ARE FAT UGLY WHITE WOMEN ON BENEFITS.,toxic
WE ARE PROUD OF YOU SARFARAZ FOR STICKING TO OUR TRADITIONAL ATTIRE WHILE REPRESENTING US GLOBALLY MORE POWER TO YOU  URL,benign
Great relief to millions of women. Government's efforts to uphold the rights n dignity of women finally overcame d Opposition's hurdles. URL,benign
PUT YOUR PUSSY ON THE OHONE COWARD URL,toxic
Woo! I'm happy and half with coming out. Just like my attraction!!!,benign
Gazans on Monday faced a first day of Ramadan overshadowed by funerals and the grim task of pulling bodies from collapsed buildings.,benign
100% on you Joe and the mindless libtards that voted your senile ass into office.,toxic
Blame India since they shit in the streets lol degenerates,toxic
No one cares about that  except for backward Muslim nations  who want to murder all gays.,toxic
Cock of duty: modern gay fuck stupid.,toxic
fvck all of you dumb btches i hope you rot in hell URL,toxic
Dey need to let my nigga Petey out dawg the streets ain't been the same since summer 2016,benign
Complicated black haired women are the best.,benign
Unknown he wack like u faggot,toxic
I'm going to hunt  fuck and kill your mommy.,toxic
*file under STOP TALKING ABOUT MUSLIM WOMEN'S BODIES*,benign
I'm a 40-something married trans woman with kids who is 3+ years into transition  2 years full-time. I'm happy to chat with you!,benign
I like this (whitey here),benign
Downvote me pls bunch of thirsty virgins lmfao.,toxic
Last part is me but replace Igbo with Yoruba!,benign
Fair enough. Immigrants add a lot of value to our society  that is certain. Thank you for pointing out what I neglected to add.,benign
Ok thansk for this.I though she was Parsi.,benign
Pretty girls are my weakness boiiiiiii,benign
All niggas do is cheat on they bitch and take her out of town afterwards smh,toxic
I genuinely wish that I had a dollar for every woman   Jew and Gay that has been beaten   killed and oppressed by your beloved and sacred Sharia Law.,toxic
I'd bend you over and fuck you until cum leaks down your ass,toxic
Thanks! I feel so much more comfortable expressing myself as a woman.,benign
Praying in Jesus Name that Father sends Holy Spirit to all those deceived by works salvation to the truth spoken of here,benign
im bi and u should stan bts URL,benign
For every bad b*tch there's a nigga tired of fcuking her - URL,toxic
I cant help that im a pathetic pussy.,toxic
I Hate Bitches That Don't Fuck Back,toxic
She did a bright eye tutorial and she has Goldfrapp's Black Cherry playing through it and it is so relaxing.,benign
Heroes the lot of them. GOD BLESS AMERICA AND PROTECT THOSE WHO PROTECT US. love from England,benign
Okay  r/niceguys front man. Who's the incel again?,benign
I've yet to transition  but I was born a boy and I hope to become a woman at some point. <3,benign
Take it back to 9gag you fuck.,toxic
"Imagine being such a piece of shit that your ""Nightmare Scenario"" is other people being able to afford to buy houses.",toxic
Seeing trans people that are hot af definitely makes me feel more secure and comfortable and hopeful.,benign
In area 51 are only black aliens as slaves.,toxic
i'm badder then you bitches   oh and fuck you too my sloppy seconds,toxic
Bro  i suggest you die off retard.,toxic
we have an extremist problem u dumb bitch lmaooooooooooo girl u dumb as fuck,toxic
CLINTON: THE BIGGEST LYING  DECEITFUL CRIMINAL WITCH THAT HAS BOUGHT THE DEMOCRATS & DESTROYS ANYONE WHO DARES TO GET IN FRONT OF HER.,toxic
"The Saujana Hotel Kuala Lumpur wishes all our Muslim friends ""Selamat Hari Raya Aidilfitri"" on this blessed month of Syawal...Safe travels everyone! URL",benign
All we get is wack ass videos with no moaning,toxic
Hey tbh it's okay if you like 1 or both genders it's the fact that if it makes you happy,benign
Tell His Ass Gon Somewea Lil Crackhead Like Joseline Do,toxic
Rare footage of God  shaping humans in her image and likeness URL,benign
Follow this fella. He's coming to the heterosexual parade in July.,benign
our religions teach to work hard URL,benign
I'm here as a single heterosexual white American male to congratulate this beautiful athlete in her victory. Euro Pride,benign
Dear Anupam Kher  you are a Moron and a gutter person.,toxic
Niggas to grown to be acting like some bitches,toxic
Let more people know I'm gay  I don't know why but it still kinda feels like I'm not being open to people,benign
Secular priests of the diocese meeting amongst themselves to celebrate TLM.,benign
Trump admin official says ICE ready to deport around 1 million undocumented immigrants URL,benign
We need concentration camps for theses freaks,toxic
you don't see christians out murdering people for their cause.,toxic
TBH found it disgusting  your typical average feminist is vile/repulsive.,toxic
This should be going through the immigration system not the justice system.,benign
Kids nowadays are fucking rude  please kill them before they breed URL,toxic
I think she is a very sensible woman  bless your heart,benign
We're not that stupid Lying Joe!,toxic
We must destroy rape and murder Iran!,toxic
Fuck the the feminists brigading this post,toxic
Your scary sh…🤬You need to move to China!,toxic
It's NOT shocking.... we have a traitorous buffoon in the WH.,toxic
Well you want woke entitled sh*thead...here ya go mom and dad!!!,toxic
Please help support Asexual Trans Pride  add a now! URL,benign
"Hiss at all women and yell ""BEGONE THOT""",toxic
I consider the Asian men are the most respectful and romantic human beings ever. I don't know how other people can't see it.,benign
A lot of heritages have their own traditions even still in the US you can generally retain a part of your heritage.,benign
This chick wants to shit talk an unproblematic legend  fuck her attention seeking ass,toxic
EFCC Hands Over Property Seized From Badeh To Voice of Nigeria URL URL,benign
The keyword Hoes Mad is not a good keyword  and heres why,benign
Guess he will be in Chicago were gay pride on the 5th of July those who want to set up appointments im me URL,benign
Whenever Ted Cruz talks I just think he must be the devil.,toxic
blake is an awesome mix of caucasian and some black athleticism,benign
Next nigga make me mad I'm beating they ass omm.,toxic
Maybe you stop being a white knight and joining in arguments aye you piece of shit?,toxic
STUDIES? We study all aspects gender discrimination. Partnering with our sister law school URL,benign
God bless you Pastor Owens and God bless your ministry. You are a great role model.,benign
I would beat that Mexican pussy up,toxic
Any man who does that got to castrated  he doesn't deserve to enjoy sex,toxic
We of the Faithful Black Men Association nominate you to be the next speaker at our national conference 2020,benign
Khawar Qureshi isn't even Pakistani. He was born and brought up in England.,benign
: Muslims In Northern Nigeria Celebrate End Of Ramadan URL,benign
RUGA SUSPENSION: BURN DOWN NIGERIA OR REMAIN COWARDS--BIAFRAN YOUTHS TELL FULANI YOUTHS URL URL,toxic
idc if you dislike Halsey  or you dislike lgbtq+. This speech is powerful and should be shared. URL,benign
Chuck Schumer's response to the squads anti semitic remarks! Take that! URL,benign
Meanwhile in Malaysia  inviting someone to Islam is disrespectful. ‍,benign
Equestrianism is one of the few sports where men and women compete on completely equal terms. URL,benign
You sound like cold a faggot literally a bitch,toxic
Hey! I'm an NRI and India is doing really really well.,benign
This is why I'm defecting to Sweden.,benign
US was bitch slapped by undearaged peasants in Vietnam and is about to be kicked out of Afghanistan by illiterates armed with AK47s.,toxic
Gay Parade is one of their best  I've been repping it with this username for awhile,benign
This is completely true. As a biracial person  I thank the tumblr user who said all of this.,benign
My masculine is awakening from my spiritual elevation,benign
Probably because open relationships are for overgrown weird theatre kids who learned the could fuck each other.,toxic
I thought it was white/Hispanic that falsely accuse black men of rape?,toxic
Americans could too if they were such giant pussies.,toxic
Breaking: Colorado becomes the 18th state to protect LGBTQ youth from conversion therapy! Signed by today at the State Capital,benign
They are brave women who are breaking through boundaries. They are destroying nothing.,benign
I am not African because I was born in but because Africa was born in me- Kwame Nkrumah Good morning Africa! URL,benign
Triple talaq. You're saying it's in the Quran  but most people would say it isn't. It's a matter of interpretation.,benign
Law enforcement is a safe haven for racism and sadism much like the priesthood is a sanctuary for pedophiles.,toxic
And you can breed black peoples by giving them government paid child support,toxic
Any man that gets horny or uncomfortable from me breastfeeding my baby is a pedophile #ISaidWhatISaid,toxic
Shut your fucking mouth ya bald bitch lmao,toxic
Then choke that nigger to death and laugh while I'm doing it ROFL!,toxic
Thankyou sir for rebuilding our Hindu temples in Pak.When you're thinking about our (your)Hindus  you're also thinking our culture too.,benign
ITT: She's Just An Awesome Hapa Girl :D,benign
Hey there guys  gals  and nonbinary pals! best greeting for this imo,benign
Please join us in a one-minute prayer for those with autism. URL URL,benign
God-given struggles don't come to stay  they come to pass. Just be patient. Wait while God works for you.,benign
DRob schooling these Mormons  or should I say morons,toxic
These are dumb faggots I ever knew wow,toxic
thankful for the women that i know.,benign
niggas hate to see women win  a mental illness,toxic
he sucks huge hollywood dicks just to be that goody too shoes lil fuckin chink.,toxic
I am not ashamed and Indians don't have to speak Hindi i speak malayalam,benign
She wants someone to want her FAT ass but  she exercises her options on who she wants,toxic
Hope he gets torture till he die a very slow and painful death,toxic
"from kicks off the Postgraduate Colloquium presenting her paper ""Preventing Redundancy: Gender (Identity) in International Human Rights Law"" URL",benign
I'm also an agnostic theist. Good stuff man,benign
Think of all the hateful shit that has gone on in the last 2000 years because this made up bullshit has people repressing themselves for fear of eternal damnation.,toxic
For sure. It doesn't bother me what her sexual orientation is  as long as we like each other that is all the matters.,benign
Keep those black low lifes out our country.,toxic
i think you forget that i'm actually your favorite mutual ma'am URL,benign
Pussy so fat the bitch gave me STDs: Sexually Transmitted Diabetes,toxic
Like that's a grown ass man niggas so different,toxic
I never had a problem to begin with  my lovely lady is Mexican and native american.,benign
Trans Ballerina Jayna Ledford Is Shattering Stereotypes URL,benign
"Time to use ""brute force"" on these islamic bastards",toxic
i wish i never knew who this fag was,toxic
Agreed (from the Middle East),benign
what the fuck is pretty ugly?,toxic
Women ruin every government they touch and then they fucking pout about,toxic
Cool with it  in fact I think bi guys and girls have it the best.,benign
These stupids are all white anyways.,toxic
It is difficult for a woman to define her feelings in language which is chiefly made by men to express theirs -,benign
And they aren't TA for trying to force people to be religious,benign
jiyong said live matter. we gonn celebrate gay rights cuz rainbow lasts 4ever  URL,benign
Great picture Joe  are you going to sexual abuse someone from that room?,toxic
Bisexual and I don't drink coffee :') hot chocolate/cocoa is more my cup of tea,benign
Where the Single European girls? Wink at me.,benign
Al Sharpton is nothing but a race baiting hate monger.,toxic
Imagine we won a trophy on his last year,benign
Nice to see Kimberley Yam who writes for HuffPost repping Asian men in her instagram here. Let's support her with more positivity!,benign
Ifff you're trans ands kind to me thrrrds a. 90% chances illl would date you I've got soo much love andsffection o give,benign
The Abrahamic religions and their filthy false god are a curse on humanity.,toxic
That nigga OV look like Squidward when Spongebob beat him with the door,toxic
Eid mubarak to all of us. Let us all forgive ang love and just love!,benign
So sad. Please have mercy so the ALLAH do the same with you.,benign
Allah told me to tell you to go out and get yaself a strong muscley man to retain semen for on ramadan while eating top ramen fam,toxic
Deport Omar to Somalia they can use the cunt there more than in America.,toxic
The word Rich is widened in shape on her gown means her ass is big while AOC's tits are poorly small.,toxic
A bunch of wumao couldn't get their way so threw a hissy fit and pulled out the fucking wumao anthem in australia?,toxic
When you twist scripture out of context to fit your agenda you have joined Satan's Legions,benign
Dealt with racist shits like you since birth.,toxic
I'm a straight ally and please know that you are accepted and loved  please take your time. I will always accept you.,benign
If Adam and Eve had children.... And those children had more children together... Doesn't that make us all imbred?,benign
A beacon of light for women sports.,benign
I wouldn't fuck her with Michele Obama's dick.,toxic
Death to all those who believe in human sacrifice!,toxic
Razi of course but we do not change their gender as your Satanic religious leaders do.,toxic
This sub is full of grade A faggots Comedy fucking Ebola,toxic
The world's biggest power is the beauty of a woman - Chanakya Neeti ...and I agree :),benign
I want to see her exhausted  as your cum draining from her tight holes.,toxic
God I love being white.,benign
Because they're too dumb duh,toxic
Send them all back to Syria or whatever hellhole they come from,toxic
You hypocritical fuckers are opening up a can of worms that you will never be able to reclose.,toxic
I'm half Chinese and Taiwanese :P,benign
Crazy women with very tiny little brains trying to destroy yet another western country!,toxic
I’m going to call bullshit on that thing being raped 1 time - let alone 4.,toxic
I hate 12 ion care bitch ass niggas,toxic
Jews are people  furries are fucking retards who want to fuck dogs.,toxic
He's already brain dead; pull the plug.,toxic
No. The increase in sex workers is fueled by increase in trafficking and coerced women and underage girls.,benign
Join my onlyfans to see how I play with my pussy,toxic
Muslim here  those fuckers arent going to heaven no matter how they're buried,toxic
I got a feelin that crackhead pussy real fye,toxic
Yeah but you know that one snap of where you r a girl is why we're all here,benign
I seriously would not change being West Indian. We have the MOST vibes.,benign
Spanish. Gotta connect with my heritage.,benign
Send her back to prostitution URL,toxic
Armenian Catholics are in communion  yet do their services in vastly different ways as well. Maronites in Syria and Lebanon as well.,benign
You said we thanks for celebrating diversity,benign
I am thoroughly sickened by the racism  brutality and horrid attitude.,toxic
Buy a dildo and go fuck yourself.,toxic
in honor of pride month! please donate to my gofundme and help a trans kid get top surgery! URL,benign
You will all lose your heads.,toxic
Equality is very important,benign
OMG thank u bb!!! lets go lesbians here we go URL,benign
After all the leftist said and did to DT  you can take your disgraceful comment and shove it up your ***,toxic
also i love girls too they're the best,benign
anyare sa separation of Church and State,benign
Shut ur mudda asshole beefo I stick twooo mudda chopstick up u mudda asshole,toxic
as a dude who is 6ft short girls are actually really cute,benign
Same  girls are retarded in some ways,toxic
"Between this and ""Real Women Vote 4 Trump"" we are soooo winning the culture war  URL",benign
Domestic Abuse in LGBTQ relationships is a real epidemic and is under reported especially in Male to Male relationships. URL,benign
Really cool to see people stand together against racism :),benign
A lot of women prefer tall guys. I don't really care about height too much  and sometimes a short man can be really cute.,benign
If it's not a thing  it certainly should be! Looking great  sweetie!,benign
You're a Zionist cunt if you can support those cultists.,toxic
I'll make these dudes cut parts of their dicks off  but telling them to stop slavery would be unreasonable!,toxic
tengtx bitch I'll beat yo mama ass for the dumb ass comment,toxic
Seriously  anytime he runs one out  it seems like he pulls his groin. He needs to change up his training routine.,benign
Show your cock faggot the most depressing upload schedule ever.,toxic
I knew all this from other trans women from here but you put it very well.,benign
Try to kill chinese in china?,toxic
The only cunt bigger than you is your mother's.,toxic
Tens of thousands join annual Israel solidarity march along New York's 5th Ave URL via,benign
Yal niggas gone get pregnant from all that dick riding,toxic
Just have some good pussy waiting  and fuck whoever hating.,toxic
deepika padukone's face...is something else. no words to describe this beauty URL,benign
Your an absolute idiot that has done nothing in almost a year.,toxic
Bitches will hate you over your nigga,toxic
Wahid I understand you may not agree with us  but you can at least show some respect. People love who they love,benign
I believe the real connection is both are KING ...Long live the King,benign
y'all could never get to my level fat bitches.,toxic
ima be the last bitch standing  fuck them niggas.,toxic
If a man can sit there and give another female any form of attention  he's not for you sis,benign
My ex girlfriend was trans  so it's really nice to see other trans girls being represented. Thanks,benign
Build a fucking wall and get them out!,toxic
You guys are so ugly Asian cunts,toxic
You look like a dude and France is a country of cheese eating surrender monkeys and violent Muslim rapists.,toxic
Flat tits looking as bitches bruh,toxic
The 2nd video the black american women.. She slay it,benign
You are a fat loser with a small dick.,toxic
WHAT THE FUCK HOW STUPID CAN YOU BE?,toxic
Hey no matter the religion this type of behaviour isnt ok and shouldn't be tolerated  URL,benign
"Please throw these 3 illegal alien terrorists big mouth ""women"" (and I use the term loosely) OUT OF OUR UNITED STATES OF AMERICA!",toxic
Iran should have a nuke,benign
Ramadan Kareem  and I hope you have a pleasant Eid!,benign
As another gay dude hoping to pursue the same stuff  at least we have each other! You and Pete prove it's possible :),benign
That isn't how being human works. That's why human rights are universal and why we can't napalm ISIS.,benign
This is what happens when you give blacks total control over a white level civilization.,toxic
Americans have to be the dumbest form of life on this planet,toxic
When can we expect Jews for Jesus to invade Congress?,benign
Time for sissy bitch caitlin to send  I can see you  you little cum gargling slut!,toxic
He\`s not even a Muslim,benign
Still trans  still out there trying to live my best life.,benign
stupid ass hoe built like a piece of cabbage,toxic
Noah only a true faggot would've replied to my comment lol,toxic
Janice Fiamengo is also a great speaker for real equality.,benign
Such strong female role models,benign
Let me cut their dicks off too.,toxic
im proud. i am lgbtq+ its hard but worth it,benign
You niggas are really some fucking LOSERS it's sickening URL,toxic
Suck my dick and balls loser,toxic
Look for some free counseling if your community has an LGBTQ centre they quite often have it there or will know where to get it,benign
Gay is beautiful my man  but this  this is disgusting perverse and God is going to punish you.,toxic
Gender Pay inequality in Nigeria is not a Myth. Let that ring in your head.,benign
Go to Mexico and fix it you Village Idiot.,toxic
I'm honestly blessed bc my wife is perfect in all aspects,benign
mom  you are a brainless whore who only want to suck handsome man's dick,toxic
I fucking hate Antioch ass niggas .,toxic
Ryan Jamaal Swain gets real about Pose  privilege and Pride | Amplify by Gay Times URL URL,benign
Have you tried telling the button to stop being a faggot and come out?,toxic
Nigga fade cool you can't even lie,benign
Looks like that pussy needs to be filled with my cock while my other friends fuck the rest of you,toxic
Only hard done to the female gamers who want to express their identity.,benign
As a guy  I love this sub.,benign
At least I have fewer chromosomes than you  bitch,toxic
My mom and I are both Latinos.,benign
Honestly I'm so tired of these ugly white men killing innocent people just because they're unhappy in their own pasty ugly white skin.,toxic
Go and take down other religious since religion is dumb,toxic
Theres a certain type of hell for cunts like her,toxic
i shove my mental illness down guys throats.,toxic
Dude wtf  dump that cum bucket of a whore.,toxic
It's always Pride Month at my house Pan  Rainbow and Trans flag always there to greet you URL,benign
Eid Mubarak from all the way to Makkah.,benign
I'll follow your faggot ass into that store.,toxic
Lol why would your skin color matter ? I love your smile,benign
Nevada became the 10th state to allow gender neutral IDs URL,benign
Here on this sub  women are holes  girls are sluts  and your questions are stupid.,toxic
I wanna push her to her knees and slam my hard throbbing dick in her and gag her until I unload deep down her throat!,toxic
This ''march'' needs to be bombed and blown up.,toxic
Ugly ass girl  bruh lookin like a giraffe penis,toxic
These monsters will not stop at anything just like drug dealers.,toxic
Emma Watson and Time's Up launch free hotline for women experiencing workplace harassment URL,benign
Stupid bitch is ugly inside as well as out,toxic
Larissa putting a good word out there on Brazilian men who know how to appreciate women. ;),benign
Fuck white people they bring nothing but death in their wake,toxic
Seems like a Christian thing to do,benign
Niggas be soooo mad because your parents support you sad.,toxic
But gendered language like mansplaining is ok. Because only men can be guilty.,benign
YOU TALENTED BEAUTIFUL GRIL,benign
the first all female superhero team up movie AND best comic book movie of all time is coming URL,benign
Lmaoooo you're going through this thread defending this shitty movie.,toxic
Wow  what a fucking disgusting cunt.,toxic
The people see through these phony  corrupt  lying  scheming democrats.,toxic
Please help support Pastel Pansexual Pride  add a now! URL,benign
Women love strong men  place your order now  URL URL,benign
A Pakistani gift to the people of Afghanistan and also to the Afghans that support Pakistan position on Kashmir  URL,benign
SEND THAT STUPID WOMAN BACK TO WHERE SHE CAME FROMAFRICA.,toxic
I would have 2 in my ass 2 in my mouth and 1 on each hand  just begging for more,toxic
Blacks are more racist than whites!,toxic
Either be ugly or ignorant not both  pick a struggle you dumb fuck.,toxic
Has the queen returned to her throne?,benign
I don't need a girl to make me feel masculine. As long as I am both needed and wanted  I feel fulfilled.,benign
Yes  fellow Christians. It is certainly us Christians who would benefit most from this...definitely,benign
you can go die in a hole now  hateful slut URL,toxic
Stupid ghetto bitches got what they deserved.,toxic
you fags are so insufferable sometimes makes me want to convert to alt-rightism,toxic
Won't someone think of the German citizens who were killed and driven from their homes,benign
June is   so join us as we celebrate all the wonderful diversity found throughout the natural world.  URL,benign
Gimps to me are basically complete fucking idiots  though to clarify I don't mean this about those who have the fetish.,toxic
some people are surprised i speak spanish . can i be white?,benign
She is genuinely hideous  a dumb  mentally ill fascist,toxic
And by a catty whore bitch.,toxic
Just what the fuck do people want when the fuckin USA is riddled with guns  you are a stupid race of fuckin idiots,toxic
i want to help you get your own plate but i'm not feeding you,benign
my character havin a good time (they are trans pls b respectful!)  URL,benign
Thanks bro ! I cant apply the benzoyl peroxide immediately after shaving ?,benign
I don’t give a fuck about Ethan.,toxic
Lil bitch got that dick rearranging her guts URL,toxic
Son niggas really ignorant like they don't look like hunchback of Notre Dam!,toxic
I love all these women and support them. Continue your good work  ladies. You are real Americans,benign
TYT: we need to hold the mainstream media accountable Also TYT: trans women have the right to choose! it's body it's choice,benign
"Agape means ""unconditional love"" in the context of Christianity",benign
Did I say “Fuck The Little Commie Girlie Antifa Bitches” yet?,toxic
Shot out too all the active woman during sex y'all starfish ass hoes boring,toxic
TONIGHT I'M GAY BOTH IN THE QUEER AND HAPPY WAY,benign
Happy . A necessary reminder for all allies to continually and consistently stand against bigotry and in solidarity with the + community URL,benign
Go fuck yourself you ugly Jewish boy,toxic
Bitches find an illiterate man with anger issues &amp; a gun &amp; call him a hood nigga lmao URL,toxic
Lily isn't a guy  she's transgender.,benign
I imagine 11 spuds from trainspotting... scottish maradona,benign
satan the devil loves no one! Lord Jesus Christ is our true Savior Repent  believe in the Gospel,benign
Isnt She Pregnant? Just Wanted to Know if The Babies Are Okay,benign
Recapping last night's Next Women of Country!  URL,benign
Different cultures have different beliefs  knowledge  celebrations etc.,benign
​+Large Marche Yeah  ya stupid fascist.,toxic
I hope lil nas x dies faggot.,toxic
Some of the kindest and most generous people I have ever met are Muslim. I am so glad to share this,benign
god i just wanna fuck her face,toxic
latinas are really something else (in a good way of course).,benign
Rawalpindi express is still the fastest bowler in the world  pride of pindi boys/ Pakistan,benign
After watching this I think Asian people are cute af.,benign
For straight people we deserve pride too,benign
He’s a clown and we’re just gonna go ahead and name him “BOO BOO THE F’N FOOL”.,toxic
Imagine comparing the Native Americans and Aborigines to fucking Assadist Syria,toxic
See you all this Sunday for our Women's Day Edition Market  URL,benign
the bitches in my mans hood aint about shit,toxic
Planned Parenthoods on every damn corner.,toxic
Go fuck yourself stupid white fuck.,toxic
Feminism Era <3 and Childhood is coming BACK,benign
You sound so fucking stupid they should put you down cunt,toxic
This woman is a true IDIOT!,toxic
Lovely. Well done. is absolutely the only appropriate response to someone coming out.,benign
Jaishankar is ethnically Tamil but born and brought up in Delhi iirc.,benign
I didn't even know she was transgender  cool! She looks fantastic,benign
I'm convinced you bitches are retarded,toxic
PSA: if you're bisexual in a hetro relationship you still get to celebrate pride and be proud of who you are,benign
U know dem fuck niggas hate.,toxic
U are a gay cunt stop making videos u cringy mother fucker get off yt duck head,toxic
Why do women have to PAY for tampons for something they can't control and have to deal with every month. URL,benign
We're here  we're queer  we're gonna go to the gym and get some,benign
God bless her. A beautiful woman with a beautiful soul.,benign
A big CONGRATS to the USA fifa women succor !!,benign
As a slightly feminine top I appreciate all masc bottoms that enjoy a dude like me,benign
Scared of a Black man abilities to do something positive with there brand,benign
Modi ji is lucky that people from across the globe came to India as volunteers to support him and campaign for him. URL,benign
The baptism of the Holy Ghost is not just for Pentecostals. It is for EVERYONE!,benign
Because it's the Word of God maybe? Just spitballin,benign
I can't believe they treat those innocent immigrants like this. They just trying to come to America and make a better life,benign
It's a problem on both ends when you bash your ppl for other races lol,benign
Well at least he didn't grab her pussy URL,toxic
Kindness to strangers and charity are huge parts of Islam. Charity being one of the pillars one must uphold to enter heaven.,benign
Today in 1642 Dutch minister Johannes Megapolensis arrives with wife and family to pastor in America. URL from URL,benign
Antifa is nothing but gays that sit around fingering each other in there assholes,toxic
Why companies need to open up the dialogue around diversity URL URL,benign
Fuck outta here with this gay shit,toxic
yay  Some times I'm sad that people brush off my sexuality bc I'm dating a male. So this is nice thank you,benign
Not a whole lot of social distancing going on in this picture you hypocritical douche,toxic
Can you stop being a dumb nigga you crackbaby ?,toxic
"I'm a full on rapist... It’s people like you that make the hoax real for the rest of the morons absolutely appalling and disgusting shows the true pedophilia within Netflix and in big tech in general you people are evil and you will burn in hell. Biden’s such a p u s s y. I miss Trump. Look at theses pedophiles so happy these type of people are the devil Soros you antichrist demon you will have a special place in the lake of fire She is dangerous with her lies. But fox take in all loosers because even fox owner lied too much in England so they send the fool back to USA and he cant never come to England. Liberalism is truly a mental disorder He's a disgusting, repulsive old man. They're pro life pedophiles that need a constant fresh supply of children. She’s a hypocritical awful horrible disgusting excuse of a human being who slept her way to the “top” You sound like a representative of Satan. She is a Dead Beat Stoner Moron Cackling Idiot. The only time Joe Biden isn't the dumbest person in the room..... when Kamala is present. it’s not gonna do shit. WHATS FUN ABOUT GOING INTO A PLACE WHERE PEOPLE FUCKING TOOK THERE OWN LIVES. Lol fucking true  Get fucked Keem enjoy your faze money and hopefully you finally stfu. Plosi is a wrinkled puke corporate liar and the only transformative bill is for the Dems corporate money bribes Her parents are dumb for not aborting I love seeing American citizens so divided, your politics are truly a shitshow I have names for them too, Gold digging Bitch and Daddy's Squeeze. Hillary is a loser just like her husband and they need to be in jail where they both belong along with Obama, Biden and the rest of the democratic party. Stupid racist bish.Fck all of you racists, you are not deserved to be even called people"".",toxic
Couple of real men allowing the little bitch to eat URL,toxic
"If you're gonna call someone ""the r word"" why not just call him retarded.",toxic
May Allah ease everything in order amiiin URL,benign
The Bible only advocates 9 genocides according to my count,benign
Stupid fucking Italians maybe try building your forts on land next time,toxic
At least places like China and India get the benefit of being legitimate third world shit holes.,toxic
Yo know yo pussy trash when a nigga rather fuck you with a condom on  Just saying.,toxic
I said it before and I will say it again  1000 years ago africa is poor and stupid  now africa is the same  poor and stupid,toxic
You will go wa wa wa when allah punishes you for your impotence you deranged man pig,toxic
"Why do you call woman ""things""? By doing so you are smuggling in the idea deep dehumanization. It's just US. Male and female.",benign
The us woman's team is a fucking disgrace to footballs everywhere!!,toxic
Listen this nigga would have to die idgaf,toxic
Black hair chen nation Let's go winning team URL,benign
the only thing we have different opinions on is the sex workers topic bc i think it needs to stop no matter what,benign
My experience with Asian women has been S Korean and Thai girls are hottest  cutest.,benign
And then after we get the pussy y'all all type of fat bitches,toxic
Tall guys love em cos they love us back. And most times...we give the energy we get.  URL,benign
The Jews biggest weapon is money take there shit and they will go back to hell where they belong,toxic
Put all mexicans in prison wit him,toxic
next time you fucking put your hands on me imma fucking rip your face off bitch,toxic
HURRY UP AND LIKE THIS FAGS SO I CAN LEAVE AGAIN,toxic
Amen for a this women of our great God.,benign
fuck dat bitch that hoe ain't shit she cross the line with me too,toxic
I'm pretty convinced that any English speaker who used 'homosexual' as a noun after 1980 is a bigot.,benign
White Jews  we really need to do a better job of following the leadership of  listening to  empathizing with  learning from  Black Jews.,benign
Spit in her face then skull fuck her cunt throat,toxic
Ahh yes  only brave people need to go slaughter poor brown people overseas to feel safe!,toxic
Acceptence and pride go hand in hand in this case  it's also to help people be proud to be gay  ya know?,benign
and you believe your stupid little conspiracy cult?,toxic
16  transgender  and getting top surgery in two days :D,benign
Kabbalah Zohar comes from people who rejected Jesus as the Messiah.,benign
Shut that cunt's mouth before I come fuck-start her head!,toxic
So in what country did you kill and rape innocent people?,toxic
Fuck ur holes like there's no tomorrow,toxic
These Guys being Gay and Proud. I can respect that,benign
You're either an Islamic terrorist or or a moron.,toxic
Oh  I didnt know Jacob was Filipino.,benign
&gt;mabie all the faggot cock he took streched his asshole out Hey op stop making fun of me,toxic
I'm white and even I can tell this song go hard af,benign
This woman is not a president  she is a fake-governor.,toxic
Liberal Mob Forms Human Chain to Prevent ICE From Detaining Illegal Immigrant in Tennessee URL,benign
Kamala Harris should shut the f---- up.,toxic
Really is hard to breathe in hell where your low life drug addicted criminal ass belongs.,toxic
I don't want to see anymore bitches on my tl fucking and sucking on cucumbers,toxic
asian teams single-handedly lighting up the world cup.,benign
Yes  you have. Including a famine we imposed on you. I honestly don't blame your countrymen and women for hating us at times....,benign
Child molesting Jew fuck needs to be hung in public,toxic
Look at all the racist whites responding I bet half of yall are either KKK's or not registered to VOTE!,toxic
I didn't vote for this clown he's not my president let's go Brandon!,toxic
Due to personal reasons I will be killing all married heterosexuals  thank you in advance for your understanding,toxic
A round about way of saying she literally can't fit enough dicks in her pussy at once to feel full.,toxic
Perspective: I'm a dual citizen of the U.S. and Britain. But people rarely consider me an immigrant. URL,benign
Time to kick ALL of them OUT of AMERICA!,toxic
You'll be cursed with this fat insatiable cock!,toxic
Some are just great black mothers,benign
Congratulations to Bjp and Narender modi from pakistan,benign
You take offense to using their nationality as a descriptive device? Why- is there something wrong with being Afghan?,benign
I think that's a really accurate quote  we should feel comfortable speaking out against people with blatantly racist  anti-white male sentiments,benign
My bisexuality consists mainly in thirsting over men in skirts  dresses and makeup in women in suits  muscles and holding enormous swords,benign
Great comment. I love traditional Catholicism and traditional Catholic communities  but there's no denying that we have our own problems  pride being the biggest.,benign
delete me out this foolishness  nigger,toxic
Tomi Lauren identifies as a dumb fucking conservathot.,toxic
I would hate fuck this slut,toxic
i forgot abt that period of my life where i was obsessed w japanese romance dramas,benign
So that's why there are so many retards on earth,toxic
Amit shah modern chankya in India . very powerful man in India.,benign
I have a beautiful Colombian wife too!,benign
We obviously need women to lead the House and the Senate  and be our President.,benign
We want citizenship  we want all our rights. We don't trust them. We will return only if international protection is in place. URL,benign
: my friend lesbian girl Retweet Follow And Like URL,benign
This is inspiring! Good project and nice video showing the struggles of most members of the LGBTQ Community,benign
BTS outtake from my cover shoot with Gay Times for their June Summer of Pride 2019 issue. Have ya'll subscribed to ??? URL,benign
Her shaven maid pussy getting blasted with intensity URL,toxic
What a fucking loser  weak boned  piece of trash.,toxic
| Political Bureau Official: International Quds Day kept Palestine alive in our hearts and minds,benign
remember always: only faggots defend other faggots.,toxic
The Indian women begin their campaign on a high note with a 4-0 victory against Malaysia  URL,benign
dafttool Shut up  you decrepit little phaggot.,toxic
My great great grandmother was jewish she lived somewhere in the 1800 or something. Then my great grandfather was german.,benign
Forget her cunt and ass and fuck her face till she pukes!,toxic
*plot twist! We are all African*,benign
We learn a lot when we have to survive terrible times - I believe we can also learn a lot when we love learning....,benign
I'm Mexican. Most Mexicans here legally  love our . You have no clue.,benign
Stupid ass white boy go back to school and shoot something,toxic
TALL WOMEN DESERVE ALL THE LOVE. DONT BE UPSET ABOUT YOUR HEIGHT CAUSE TALL WOMEN ARE THE BEST,benign
I don't I repeat I do NOT fuck with hoes or anyone at that,toxic
He's the 3rd best eza,benign
And fuck anyone who's not from America,toxic
Lol yall retards so fucking dumb like give yourself the death penalty or stop tripping over some lame shit,toxic
the way he speaks about his daughter and the LGBT+ community we need more people like ‍ URL,benign
That's already happening because of Biden you dum shits,toxic
Naomi Campbell is a cum guzzling whooore,toxic
Dumbass bauns need to stop reproducing.,toxic
Good show love from Pakistan,benign
"14 episodes and she won and Emmy for the show. Much more than ""cameos"".",benign
Shaykh Abdul Hakim Murad brilliantly and succinctly explains the definition of Sunni Orthodoxy/ Ahlul Sunnah Wal Jamah'. URL,benign
Texas companies say they support LGBT rights. So where are they on the Equality Act? [Opinion] URL,benign
These fake ass thugs got dirtier asses than guns,toxic
Go say sorry to your mom for being such an obnoxious little whiny pussy.,toxic
Same honey  same. I'm so happy to see bisexuals living their lifes happyliy.,benign
I'd smack your ass leaving handprints then fill your pussy with my fat cock (;,toxic
Here is thot burn him alive,toxic
A little fuckin gay shit trash head,toxic
Ftm and mtf together :3,benign
I hardly even care how deep the country fucks itself.,toxic
Ill leave bruises on your throat ass tits and pussy you dirty slut,toxic
Absolutely !!! Black people are born for music  this song is soooo amazingg,benign
and  to be part of URL,benign
I mean the democrat party act just like a bunch of thugs that are really 🤡.,toxic
And the damn dog should have been microchipped already!,toxic
Women with really dark skin are so pretty. The way their eyes stand out is really nice!,benign
it's because after the initial interest women realise you're full of shit The man doesn't match the impression they get.,toxic
So he's half black half white and his son is half black half white and half Asian his child bout to be a model,benign
White skin girls is beautiful. Every type of skin girls is beautiful.  URL,benign
1st book of its kind site:Outdoing creed did Modi unite Indians & win votes URL URL,benign
"Feel the difference  Sportsmen spirit shown by locals chanting ""well played boys"" But Pakistani using foul language. URL",benign
He has engaged himself to educate youth with islamic doctrine as taught to us by our beloved prophet Mohammad ( saw). URL,benign
On the day of Resurrection  Allah will not look at the person who trails his robe behind him out of pride. (Bukhari  Muslim),benign
ILHAN OMAR IS A RACIST  TERRORIST!!!,toxic
Thanks for being honest  it is how women are. Thank the women.,benign
Aameen YaRabbi!!! May Almighty Allah grant him Aljanna firdausi  my late dad and all departed souls.,benign
"I feel not bi enough.. dealing with it right now as everyone is all ""happy pride month"" and I'm just like.. normal feeling.",benign
Flee to Allah alone URL,benign
What a fuckin idiot  imagine that you have a MOTHER who raised you to be like this?,toxic
I'd suck and fuck that fat cunt,toxic
These sort of posts mean so much to me since I'm pre-everything and still present male.,benign
I'd bet money your pussy smells like poverty and tears,toxic
Be careful your own bitch will fuck her neighbor while your at her house waiting for her  fuck you talmbout,toxic
I'm Indian and it made me laugh!,benign
I hope your gf finds out &amp; chops your dick off.,toxic
Trans Men are Men  and Trans Women are Women  and the Unconditional Love between Parent and Child is Unconditional. Love.,benign
One of the better ones. Especially amongst the other LGBT subreddits,benign
we'll see who the bitch is on july 23  faggot,toxic
Worst trip of my life over some niggas,toxic
As a half Puerto Rican and half Italian I relate to this on so many levels,benign
. tweeted the promotional video of the Hindi version where Aryan is heard introducing himself as Simba URL,benign
Tell em shoot her in the face  bitch  I hate thots URL,toxic
If his Jew lawyers don't set this beast free againhopefully he'll get to rot in prison.,toxic
I don't want to get to know another nigga.,toxic
Loving more black guests on the 'cast,benign
Streets talking that's a rat nigga,toxic
1.24 proud to be Muslim,benign
shes also antisemitic and a terrorist sympathizer,toxic
Fuck the shit out of her,toxic
My deepest condolences for all the USA as well.When will all these terrible shootings stop?,benign
Today we celebrate and those who paved the way to include women in sports and sports media! URL,benign
His family is Taiwanese. Ethnically still Han Chinese  but still an important distinction to many people.,benign
Probably because of shitty rapists using GHB to attack women,toxic
India love bright side   bright side love india,benign
"Callicles credits ""Black Lives Matter"" with the coming downfall of Kamala Harris. Why? Check it out. URL",benign
INTERSEX CUPS FOR PRIDE  URL,benign
She's the epitome of dumb blonde cunt whore.,toxic
Now that is how its done  Happy Birthday! Love to see black families celebrating the growth of their children.,benign
Me sending death threats - DIE BITCH DIE,toxic
I'm convinced this generation is filled with soft ass bitches,toxic
This is all done by the will of Allah,benign
BITCH GET A LIFE instead being racist piece of shit,toxic
i wanna pump 90 quadrillion loads into that disgusting lookin euro trash HIV asshole,toxic
Wizkid brought his a-game again on Brown Skin Girl alongside Beyoncé. Nice delivery.,benign
Then I'd titfuck your big cow udders and finish by covering them with my cum.,toxic
Haha you're a fucking fag,toxic
Go cry about it at the pride parade I'm sure there will be hundreds of STD ridden men to fuck your sorrows away,toxic
She's a fuck toy cock whore who loves sucking dick,toxic
Grumbach: African Americans  Latinos  and Asians are very underrepresented in the donor class  even compared to members of congress.,benign
O Asshole  leave this country and should be kicked your ass to Afghanistan or India you MC,toxic
India ko hona chayha tha world cup final me from pakistan,benign
That pussy needs to get wrecked,toxic
Only then can true patriots  that care about their country and not mythology  correct the damage done by the ignorant and lazy masses.,toxic
MooHamMad was a rapist pedophile hitler of Arabia,toxic
Because you have a small dick and cant satisfy her,toxic
The 3 hundred thousand Hindus (actually much more) are being attempted to be resettled from where they were driven out by liberal friendly muslim bigots.,toxic
You goofy ass niggas be hanging wit niggas who don't take care of their kids,toxic
2:45 Are you assuming Asians' hair colour,benign
It's all good I'm Asian and I think it's ok.,benign
Probably because you were a bitter Betty and you sucked.,toxic
Nein  I am not ze spy of glorious Deutschland! Vat a dummkopf idea!,benign
just happy to be asian baby,benign
Send Melania the Slut Cunt back home!,toxic
"Today Pujya Sadhvi Pragya Singh ji gave ""Vivekanand Sahitya""with her blessings to IIT students . URL",benign
Asians have that timeless beauty.,benign
The Squad is a squad because for people of color especially  there's safety in numbers and power in solidarity. URL,benign
A whole bunch of WHITE HATEFUCK WHITE PPL  FUCK THE NBA  FUCK THE NFL.,toxic
I think that Allah and Abraham consented to killing Ishmael so apparently it was all good.,benign
Black people contributed fo the creation and development of Country and Western music and many have loved and listened to it for years.,benign
She is the most sexiest lady in bollywood...,benign
Niggas said that nigga cleared people out the live like a smoke bomb,toxic
im a simple lesbian. i see a bishounen  i want to be them,benign
tyga is a fAG and his weak lyrics,toxic
Ion fw these niggas or bitches they b faking,toxic
Always shooting to kill first  instead of not knowing how to fucking communicate like a human being.,toxic
Wtf is wrong with people these days And you fucking stupid people support this transgender fuck?,toxic
People like this need to literally be castrated.,toxic
Thank you! This is the type of immigration we need! Wishing you and your family the best!,benign
Pride parades are held in every city in India and they are almost always unopposed.,benign
I am HERE for miss lyonne telling the world women don't need to have children to have a PURPOSE IN LIFE!!!!!,benign
if imbecile biden gets in it will not take long for the country to enter phase one of shitholehood,toxic
I would fuck you at least three times a day  never letting you take them off.,toxic
She should get hit by a fucking door,toxic
That is actually a correct statement  transmen are indeed not women. Thank you r/The_Donald  very cool. URL,benign
Throw the miserable S.O.B in prison for a few years.,toxic
+Edward Terry puerto ricans are U.S citizens .,benign
Jesus died for our sins.,benign
#fuckliberals #fuckcancelculture #trump #trump2020 #maga #maga2020,toxic
We need to have people like you spayed and neutered!,toxic
I ain't going for no hoe shit,toxic
Happy Eid Mubarak for all my muslim mutuals may your days fills with happiness and loves URL,benign
Mohammed should be drawn on toilet paper and Koran should be rewritten,toxic
Eid Mubarak may Allah (SWT) permit us wit seeing another eid. Ameeen URL,benign
Who said white people cant play bball,benign
I'd like to see you tell even one of them to his face that their culture is trashy.,toxic
Her cunt doubles as a spitoon,toxic
The 3 Foundational Steps To Building An Inclusive Culture by Tony Prophet   Chief Equality Officer URL,benign
Shoutout to all the non-Muslims wishing Muslims a Happy Eid,benign
Black people - savages  borderline non-human apes.,toxic
Point is the LGBTQ community is very open with sexuality.,benign
Good luck sister  may Allah make things easier for you in the future in sha Allah. Respect for telling your story.,benign
She's not nuts  it's the ppl that voted her in that are nuts!,toxic
Get yote you fucking pedo trash  hope you get locked up in the penitentiary opposite your choice,toxic
Atheist(European/American) values are Christian values as well largely and show more of how the religion is currently and somewhat initially accepting.,benign
When I fuck your wife  she'll cum faster than a fat kid to a cake buffet #findom #cuck #paypig #paypet URL,toxic
Brown skin girl  Your skin just like pearls. The best thing in the world  Never trade you for anybodyelse URL,benign
Freak parents trying to turn their poor children into freaks like them.,toxic
This Pig can t stand the fact Obama was black.,toxic
I'm a 24yr old bi guy  feel free to message me if you have any questions,benign
Most of these female Avengers embraced Hinduism in real life... Lord Krishna loves them all,benign
Just proof we need more darker skin girls! They look so pretty in everything.,benign
gay people are subhumans anyways  that's why we used to not give them rights and kill them because they like their own sex,toxic
This Religion  which Amarica supports in her damn plans  should be banned all over the world.,toxic
I don't benefit financially from saying there are or aren't diversity issues.,benign
cant believe tfue died today rest in peace love brazil one prayer = one lootbox,benign
No place on Broadway for jihadi Muslims like this brat.,toxic
MEET ME - Spiderman's first ever hijabi character URL,benign
I would like to call the producer  Producer-san~,benign
Hear that inferior fag bitch scream and whimper while it gets fully loaded with alpha babies.,toxic
fags must definitely live in chastity!,toxic
You say you don't succ dicc Bitch You Childish… imma side nigga WTF is a title…You a nasty nigga type to fucc her on period,toxic
Welcome to the Dumbfuckistan  a police state where nothing is more important than making sure Dear Leader isn't yelled at or ridiculed for being a racist piece of shit.,toxic
Shut your trap you soyboy go back to your #blacklivesmatter protest,toxic
Love Latinos come here and I will make you happy,benign
Sucking a big black cock makes you more attractive URL,toxic
Latina with a Masters! We're underrepresented in my field at this level. We gotta change that.,benign
No  I converted to Catholicism. I chose to be catholic and I am very blessed and thankful for it.,benign
Transgender people* (know you have good intentions  just helping you fine tune them),benign
The comment was about California importing cheap labor. So illegal immigration and work visa abuse are all the same issue.,benign
Look at all these Israeli fucks in the comment section.,toxic
URL I see you are a (wo)man of culture as well.,benign
There is just something about tan blonde asian women that is so beautiful.,benign
Happy ! Ever heard of the Annual Reminders? Listen to and dig into this a little-known piece of LGBTQ history URL URL,benign
Better tell that to your church's pedophiles who molest boys.,toxic
I want to compete with myself and support other women. There's enough for all of us. said Yass!!,benign
Esau's the damn devil the bible speaks ofthat's why God rejected esau and all you other nations that had the real JEWS in captivity!!,toxic
Same thing we see when we look at your dementia ridden geezer who's destroying this country along with his unbelievably stupid sidekick,toxic
i am: boy girl nonbinary dumb retarded fucking bitch,toxic
This just proves that Africans are morons,toxic
You stupid fucking trumpsters done winning yet,toxic
If you subscribe for me my channel. May God bless you and your family in Jesus name Ameen,benign
I HAVE TO GO BUY ANOTHER FAGGOT DETECTOR BECAUSE OF javyerland RUN AWAY!,toxic
She nothin' but a no good fat pussy bitch man leave her be,toxic
As a straight guy  I agree. Although Alicia Vikander in the movies would give her a run for her money.,benign
I too would like a cute asian wife and daughter.,benign
AZERBAIJAN: Pray for outreach and ministry work to the nearly 1 million displaced people in Azerbaijan. URL,benign
Good for you. I'm happy living my life constantly complimented by men.,benign
Im gonna commit suicide by drinking her pussy juice,toxic
There WAS NO country when white people came to America  they literally fought for the land and built a civilization out of pure wilderness.,benign
I hope you get charged for being a dickless loser,toxic
That's because your current statemtn looks like a statement from a misogynistic racist,toxic
Disgusting and these the type of bitches you nigga bust big nuts in and impregnate,toxic
Sixty dead in two-day crackdown on Sudan protesters: Doctors URL URL,benign
Great video  so powerful  own your own feminism!,benign
Also  I am happy they are in both Canada and America because without them  the refugees would have no food or shelter.,benign
Connecticut bi woman here  just know you aren't alone and we all love and accept you.,benign
We are straight but not blind best quote from the Podcast GO LISTEN TO THEIR PODCAST in BRISXLIFE YouTube channel!!!! URL,benign
Stop lying and go fuck yourself faggot.,toxic
happy pride month to my fellow gays i love you all,benign
Nah. We go by members of The Church of Jesus Christ,benign
Hey faggot I need some gas money.,toxic
Yeah modern kids especially brown kids would be under the jail pulling this shit.,toxic
200 New Immigrants From France  Russia  Argentina  Brazil  Venezuela Arrived In Israel On Jewish Agency Flights URL,benign
The r/bisexual subreddit is also very welcoming to straight allies and all of us love supportive parents.,benign
Zionist scumbags gotta get a war going to cover up all thats being exposed,toxic
ुखदुआ_समाज Volunteers has Taken Pledge to Respect Transgenders Equally by the Inspiration of िन्नर_उद्धार URL,benign
He should go to Saudi Arabia and shout that he loves bussy and he wants to have a gangbang with 30 Saudi princes while he mocks Allah and Quran.,toxic
No Israel exists it's capital of Palestine don't oppress innocent child men women,benign
Mean words are terrorism you fucking mongoloid,toxic
Between  passing but Hispanic last name,benign
Pleas come to arab countries,benign
Masson's slut licking Muslim ass to turn them into terrorism after,toxic
OMG.. Just realized. This is Purim in bible. Read book of Esther   to those interested. Love all.,benign
We live in a world where mangle a fat fucking disgusting slob and Nick king 13 a fucking Homo sexual deviant ate welders.,toxic
So basically I might be in love with you ‍,benign
Pastor Tim  you're on fire with the Holy Spirit today. I absolutely love it! Preach hard brother!!! Glory to God!,benign
I love curvy Asian! ;D,benign
I want to kill Muslims with bullets dip in pig's blood,toxic
You're a fucking faggot and you're essentially a waste of oxygen.,toxic
shut up idiot i dont care i do not watch your videos because you are black,toxic
Tsunaina is Mongolian I follow her instagram,benign
Very well made  also as a fellow bisexual I approve of your cuteness,benign
There are about 25 000 Mexican workers in Québec. They've never been & aren't a problem: French & Latino cultures meld well together.,benign
Esth 10:7 And God was upon them  saith the LORD is good for us:,benign
I'd love to do the same to this stupid bitch.,toxic
Bitch you trash and your bitches is dumpsters,toxic
Lol those stupid cops are from the UK such a pussy country  they have no guns go ahead and beta their ass what are they gonna do?,toxic
Racist ass rodent xenophobic whores URL,toxic
The White Dress Project brings awareness to health concern for women - URL,benign
thanks these vidios help me with my ptsd   police vidios are depressing watching police brutality   on black persons,benign
Cultural Protection Fund: Bettany Hughes meets Syrian refugees becoming conservators of the future URL,benign
This is the type of woman that you marry!!!,benign
Displaced Women Turn to Cashew in Abuja  and Are 'Making It' : URL URL,benign
He's not trying to be female. It's his style.,benign
Girls are WAY more selective than guys.,benign
Awesome  you are mixed race! Embrace both and hold your head up! GOD made us all!,benign
Whole time she had somebody else bitches retarded ‍,toxic
America is so fucked up dude what the fuck,toxic
The West should do this to our diplomats that way we'd get things done,benign
I ain't forget y'all hoes was calling yourself medium ugly for some attention,toxic
Furthermore  I was approached by Gay Men/Pedophiles to make Gay/Pedophile Porn while still age 14  15  16 and 17.,toxic
Smart men know you protect women.,benign
Indira has ancestry from India. She is a very intelligent and ambitious woman.,benign
The more the fruits of knowledge become accessible to men  the more widespread is the decline of religious belief.–,benign
Wow what a beautiful pic  I 100% support GLBT ‍  gay people r the nicest people around xx,benign
You're so clever for a nigger  make sure you don't distract yourself from your true purpose cunt,toxic
#tittytuesday #aspenromanoff cum for me daddy  and fuck your dumb bitch.,toxic
Omg she's tiny compared to him OMG,benign
This woman supported you for YEARS looked after your dumb drugged up ass like ur a kid only for him to insult her publicly every few months.,toxic
yeah by little dicked honky assholes shooting up walmarts and other public places.,toxic
Is the average Pakistani this much of a retard?,toxic
Girls who have a crude sense of humor are attractive to me. And short hair but more feminine looking are also very nice looking.,benign
"happy pride month! i'm straight but still proud for you guys who finally overcame the ""not so separation of church and state"" government",benign
lock him up and castorate him,toxic
Prophet PBUH is last prophet of Allah  Ihsan Marwat URL,benign
Maybe thats why you got Trump's dick down your throat  he grabs em by the pussy just like you wanna do I bet.,toxic
God is a Black woman.,benign
Black people are great! No racism just respect!  They've contributed much to this . Bless up!,benign
Spitting Girls  Cam Şov  Desi porn  Swedish  Liseli porno  British Sex  pissing girl  Chat sitesi  URL,toxic
India got freedom from British in 1947 but we got the total freedom today URL,benign
Maybe after that  they'll fix where ever you're from because people like you are retarded.,toxic
Look at all of the retards in the comments shitting on Meta and Zuckerburg.,toxic
Putin - Good boy  now get down on your hands and knees and suck me off pussy.,toxic
"I guess yall ""patriots"" (punks) didn't show up and show out!",toxic
"Love the pure joy on his face when he says ""rugly"" at 0:18!",benign
Brittanya O'Camp is her birth name  she's not Asian. She's Latin/Hispanic,benign
Representation in all forms gives trans women a bigger voice to enact change in the world. Good for her!,benign
I don't mind any orientation as long as it you.,benign
As an Indian I love this post,benign
How triple talaq bill cleared the Rajya Sabha hurdle | India News - Times of India URL,benign
Here's my proposed gay flag; for gay cis and trans men  along with gay identifying nonbinary folks. Designed by me and URL,benign
Surprising the Half Baked Marxist Communist and Mentally Sexually confused didn't have VP Knee Pads play acting with actor children or doing a FAKE cooking show.,toxic
Our priority is Kashmir when it comes to supporting people outside Pakistan.,benign
Not all. Just all the girls with Chad,benign
Science or religion  we're all just trying to figure this world out. Why so much hatred?,benign
cry more little pussy ass bitch n**ga  you deserve what you got,toxic
You are the epitome of a fucking moron  please don't ever procreate.,toxic
This shit has to be ironic  I know feminists are dumb  but they can't be this dumb,toxic
Protect womens rights to choose.,benign
You guys are all so kindddd  thank you so much this makes me feel better about coming out,benign
I'd punch her in the face with my dick.,toxic
Personally I want to fuck your dead mom.,toxic
Those 4 witches wanne destroy the country All Somalians hate America,toxic
Congratulations to England from pakistan love for you,benign
If yall faggots waste votes on this clownery im taking your rights back URL,toxic
"In a hole in the ground, there lived a faggot. Can't even spell those spells Thoes bitch you a nasty hating hoe Mexico is sending us their drugs, their, criminals, their rapists.""",toxic
Express: 'Women take on any jobs they can' WASPI on impact of state pension age changes for women. URL via,benign
Meanwhile  immigrants are risking their lives to give their children a better life. URL,benign
Huelva : A rally to support Morocco's female workers URL,benign
I'd rather be a creepy disrespectful piece of shit than a feeeemale.,toxic
treytown530 nigga u gay shut your cocksucking mouth,toxic
It's not just Poland  in many other countries  including Romania  Pride is called The March for Equality.,benign
ANOTHER GOOD REASON NOT TO DO BUSINESS WITH THESE WOKE FUCKWADS!,toxic
You're a special kind of stupid.,toxic
Pussy ass triad cowards too afraid to show their faces.,toxic
Watch it my channel guys! Im from indonesian peace and love for all us jesus bless you all,benign
fags talk to girls; real men post and rate pictures of men's physiques URL,toxic
Happy Eid Mubarak in advance to all Muslims,benign
she didn't stop the performance cause she professional ‍ take notes ladies URL,benign
HURRY UP AND LIKE THIS FAGS SO I CAN LEAVE AGAIN,toxic
why are u here dirty ass rat ass hoe ass slut ass crusty ass dusty ass dumpster juice ass bottom of the barrel trash bag ass bitch,toxic
Going Girl: a trans story,benign
These are animals from an absurd theology created by an immoral Bedouin  is like a rotting corpse which poisons our lives!,toxic
Jews are white you fucking tard  they just tend to hate themselves more.,toxic
u bitches are digusting and shouldnt be allowed to have childrenand u niggas need to stop nuttin in everything URL,toxic
Ah yeah  I'm actually Dominican myself! And musicians can be pretty cool. It's true from what I've seen yeah  most indie guys are white,benign
As another trans person  you're welcome xo :),benign
Bitch u a dog and ur homegirl too,toxic
No one: Lele Pons: dId YOu KnOw IM LaTiNA,benign
Any girl that dresses like that is fake.,toxic
VdotV14 Half of the country calls the other half racist.,benign
I wish the rioters would burn the clinic down,toxic
A Norwegian would not do this to a man.,benign
These guys should be punched in the junk repeatedly to ensure that they never reproduce.,toxic
Your women were lying whores  you should at least choose basic ethics over vapid bitches.,toxic
Nothing but a terrorist poverty pimp.,toxic
It's ALL free  says fuck JOE BIDEN,toxic
Finger it out and feed it to your pathetic  black cock worshipping cuck of a husband URL,toxic
Don't rape any kids on the way to the Q&A.,toxic
These regional ministers...this is why our church is what it is. Thank you for abiding faithfully with us.,benign
Women are the most beautiful nurturing souls in this world and nothing should oppress them god this world can be cruel sometimes,benign
Why y'all be recording these racist people   just beat they ass,toxic
American  and of Pakistani descent,benign
Aimee's a punk ass bitch,toxic
Yes yes it does join the honorary Latino club,benign
hopefully they will abort ALL the anchor babies illegally born here by the foreign female aliens !,toxic
What a flat ass you've got.,toxic
Omg I'm a gay woman too and I can't stop playing!!! Something about pretty anime boys is just nice,benign
please allow Black womxn writers mourn and grieve before asking us to write essays on how toni impacted us URL,benign
niggas be having guns for show shit sad,toxic
Pakistan team leaving for prayer in Nottingham. URL,benign
But I'm def above fucking a bitch who was skinny when I tried to smash and got fat.,toxic
She is really ugly for an old hag,toxic
Aren’t traitors supposed to be executed ?,toxic
This asshole needs to be deported.,toxic
This makes me feel validated. I'm slowly coming to terms with my sexuality  and this was nice to read. Thank you.,benign
Pride month isn't only for trans people  and we do it because we want to be treated as equals,benign
I want to see Karen’s getting the sh t kicked out of them,toxic
Here's a song for you… Lightskin Lil Wayne by Tyga URL,benign
Wow I love tall girls  they always got the nicest curves!,benign
Yeh because now we live in the generation of delicate men who can't take a real woman pussy,toxic
Because men care about it,benign
The challenge of Imam Mahdi Nasser Mohammed Al-Yamani to the nation s scholars with the truth... URL,benign
Oath sister!! I love the gays,benign
"Trump: ""These brown and black women need to go back to their home countries!""",toxic
Unload the clip in that clown ass nigga,toxic
Fuck muslins and that aoc bitch.,toxic
Compassion for children as expressed by the Islamic State an organisation people left Ireland to join.,benign
I'm a woman and I endorse this message,benign
"Take your dumb sign saying ""ovaries before broveries"" and throw it in a big garbage fire of hell",toxic
cant fuck w no nigga who easy to give his dick to the next bitch thats ghetto and dirty.,toxic
lol that was mad funny dude made lol out loud exsqueeze me as i put my 7 inch eggroll in your slutty moms salmon coochie,toxic
Why is this country so fucking dumb?,toxic
Lol  fag has pretty much lost its gusto as a slur,toxic
India succeeds on another front. From 1 411 in 2006 to 2 967 in 2018  commitment of doubling the Tiger population fulfilled. URL,benign
Handling all that takes peak masculinity,benign
The refugees are learning slowly but surely. Give them a moment for pity's sake.,benign
"they spend their time sexually assaulting ""whore white women""",toxic
If white genocide means this guy won't exist  sign me up.,toxic
Just your opinion stupid white trash.,toxic
Look at this fucking pussy URL,toxic
Shiv Sena reaches out to women voters through 'Mauli Sanvad' campaign URL,benign
This man has beta energy,benign
&gt;toxic You talk like a fag.,toxic
I don’t care that he’s autistic.,toxic
Ah yes. My favorite race. Girl.,benign
When you visit your Muslim friend. URL,benign
Hard to below but this idiot believes this bs the Liberal Elite is trying to feed America and so do some Liberal Idiots that keep commenting on our posts.,toxic
Now kashmiri women can marry other puncture wala easily living in India outside of jk,benign
Eid Mubarak Everyone!!!  May Allah unite all Muslims  show us the right path  and bless us with good health.,benign
God bless you all. Love from Tunisia,benign
He is a walking disaster and so is everything he's involved in.,toxic
Ugh I know Im a dude but female empowerment encourages me so much! I love it! (Thanks Miley!),benign
I can do all things in him who strengthens me. - Philippians 4:13,benign
She is refugee too from Kosovo,benign
WHY IN THE HELL,toxic
Union Home Minister Shri pays tributes to India's martyrs at National Police Memorial in New Delhi. URL,benign
These 'christians' are phoney  garbage and deserve the devil.,toxic
This guy's act like a bunch of faggots.,toxic
You're a useless  negative and satanic bitch who doesn't have the right to live.,toxic
I'm sorry that your dad treats you like that but Good luck to you and hope for the best (I'm a Trans Female btw),benign
Send fuckin help I'm steaming but it's awrite cause I'll get a fag in 2.5 hours,toxic
Probably because you were a bitter Betty and you sucked.,toxic
this hoe looking girl is retarded,toxic
This is it. I have finally come to understanding of my issues with gender and sexuality. I just wanna be cute.,benign
No you fucking idiot  beat the shit out of her lol,toxic
Attack only Chinese not other Asians,toxic
The gays DO deserve rights URL,benign
nope. my happily married lesbian buddy/supervisor/boss is super cute.,benign
I hope you get testicle cancer.,toxic
marianne williamson talks about racism more directly than anyone else,benign
Happy hari raya puasa (for those who celebrate it)! URL,benign
Why Working Women Need to Mentor Other Women URL,benign
In Malaysia there are more girls in chemical engineering  boys in civil and mechanical.,benign
I hope this bitch is shot to death for no reason.,toxic
girl if they dont shut the fuck up URL,toxic
Only issue is I hate pussies like you masquerading as a man  FUCK OFF,toxic
Your Allah is none other than the devil himself!,toxic
URL helping the rohingya refugees is also another cause that you could also spend your time on  be kind,benign
When you hate an entire group of people so much you want them all dead,toxic
Damn Slime you acting different yeah fuck yall hoes and niggas,toxic
I wouldn't listen to either of the bought and paid for dirty Globalist pigs,toxic
I feel well represented as an African... love from Zim,benign
In honor of   read 's love letter to the LGBTQ community URL URL,benign
remove her fucking channel and lock her up.,toxic
i'm cis but at least 3 of my ftm friends like cavetown,benign
Many South Indians are supporting Shahid Kapoor. We believe in his talent and he will do justice to this role.,benign
Are you trying to make fun of this dude  you fag?,toxic
Sushma Swaraj was a champion for women in India and across the globe': Ivanka Trump URL URL RT,benign
that light blue menchie and zyler shirt said trans rights!,benign
Gay schooli hope i could shove my hoe into these bitches ass,toxic
Trumptards are so stupid they cannot do simple math!,toxic
I think you should all defend why you think illegal immigration is good for the US  or fair to anyone.,benign
"Ah. I'm probably Brown. ""Brown"" people enjoy simple life and it's good friends and close relationships what makes them happy.",benign
May Allah accept our acts of charity,benign
I would fuck you bareback so hard  and empty my balls in your pussy.,toxic
Can someone just kick the s*** out of Iran already and get the s*** over with  so sick and tired of their stupid bullshit.,toxic
Karma's a bitch keep making fun and karma will get your stupid pussies ass and I'll tell that to your pussy ass face!,toxic
Fuck Russia  fucking pieces of shit.,toxic
He’s a lying racist pig.,toxic
Two assholes holding the whole Democratic Party hostage.,toxic
I hardly even care how deep the country fucks itself.,toxic
I want you to be my little Indian slut slave.,toxic
Happy Eid Mubarak to CHANGU's all around the world who are celebrating  - Chanwoo Nation admins - URL,benign
The only ones killing trannies are themselves,toxic
If you actually undwrstanx the bible  none of that is true.,benign
Maybe if all these toxic men would stop raping little girls  we never would be here.,toxic
But if you dismantle the welfare state  what's the purpose of kicking out people who travelled here without your permission?,benign
Its always the the indian urgh not only they shit in public street  they also go scamming gullible people,toxic
ILLEGALS ARE COMING FROM THE NORTH DUMBASS DO YOUR FUCKIN HOME WORK TRUMP LIARS,toxic
And they're working on his golf courses. Is that who he's talking about?,benign
Corruption is a menace. The rampant corruption done in past regimes by corruptors. Now Pakistanis want that looted money back.,benign
I don't know  something about it being a race issue which I don't think it is.,benign
Fck America and fck white people I'm so done  can y'all just leave,toxic
You're a fag and a retard  and not even the good kind like us.,toxic
You have to be a special type of pathetic faggot to use masstagger.,toxic
Words don't hurt her but cramming her penis into that thong everyday sure does.,toxic
I sincerely hope you never have kids cunt.,toxic
Black man  white woman. Several of my neighbors are that combo. They all seem happy  so  I don't judge.,benign
You are without a doubt the most vile pathetic disgusting disgusting racist radical.,toxic
Because they wanted to fuck her.,toxic
Happy pride month here's an important message from these gays URL,benign
I'm not trans  I'm just happy for them being supported.,benign
They don't even be on shit in real life lmao,toxic
I'm white and nervous. Can't imagine how Latinos feel right now  documented or not.,benign
All of the Trumptards are talking their sh%t that our prez can't walk without falling or tripping as compared to their cult leader.,toxic
Well done that man  woman  gender neutral  transsexual whatever. Mahalo.,benign
Y'all the type to rape just cause women wear skirts,toxic
The Palestinians terrorist state needs to be wiped from the face of the earth.,toxic
I'd like to take turns fucking both your pussies,toxic
These women need to be replaced there incompetents is foolish and dangerouswe need new officials elected to congress,toxic
Specified Asians because it's mostly us who still have this culture. Everyone is most welcome to tell us about your experience.,benign
I'm grateful that Allah (SWT) continues to bless me. I will forever bless others in his name.,benign
Oh wow  thanks for this. I'm Pakistani but was born in America. I had no idea that was a problem back home.,benign
Hey Libtard lady Keep reading as you may finally see the light so we won’t block you but we will delete your dumb ass comments nobody cares about.,toxic
i guess i'm going to have to keep making you cum until you're begging me to stop  how does that sound?,toxic
Nut on her face treat her like a cum bucket URL via,toxic
Fuck china  fuck the triads  fuck these police.,toxic
Scenes of joy as decriminalization Of homosexuality made official in Botswana URL,benign
every year  Eid is just a reminder that Muslims are honestly gorgeous all around the world masha'Allah,benign
Females ignore 30 guys a day just to get ignored by the guy they want.,benign
That's a personal choice for them  the strength of your faith shouldn't change if they do or do not.,benign
Sick little girl throwing around that Pedo word at him in hope someone will hear it and attack him for her.,toxic
Not all Christian's are like this.,benign
Wtf is Joe Biden still president he needs impeached he is worthless and he committed treason,toxic
ah  ahem  policing what women call themself. that's a yikes,benign
Power to the people! She is authentic in her fight for social justice.,benign
Eid Mubarak from a Christian Californian!,benign
Brian Kemp: Reverse State Agency's Hijab Ban - Sign the Petition! URL via,benign
You don't need that slut in your life,toxic
MYAMOTO-MOTO IS A GOOD CHRISTIAN ROLE MODEL,benign
and also the jewish people behind the scenes :),benign
Yeah we don't pander to that fairy tale bullshit when it comes to the security of our country.,toxic
Feminism has suffered sha. Sigh,benign
I really dislike when people weaponize the Bible,benign
I don't think I'll ever have to explain or understand sexuality because ill be fine with whatever you are! Especially to you bb,benign
a female icon...u lead the pack so ur backs to us,benign
At least I have fewer chromosomes than you  bitch,toxic
Even if I did think someone was a whore  that's my business.,toxic
my phone got turned in and this is what I open it to lmao  URL,benign
Exactly! LGBT representation is hard to do right but when it is you can tell and it's just EEEEEEEE. Thanks for being understanding though,benign
We need to nuke the Middle East off the map so the white race can prosper once again.,toxic
She's not Gypsy  she's Aromanian / Vlach,benign
As a closeted trans guy the last words made me cry.,benign
From McKinsey Insights: The future of women at work: Transitions in the age of automation URL URL,benign
A true celebration of white.,benign
If it helps  I've been to Thailand and really enjoyed it. Including the fabulous lady boys!,benign
The fact that she included Muslim women wearing hijab in this video is just amazing,benign
Ya ya we will do tyaag  Sikhs will kill themselves so that jihadis like you flourish !,toxic
Don't worry bro us Iranians have enough bombs for all these Arabs lol,toxic
Get yote you fucking pedo trash  hope you get locked up in the penitentiary opposite your choice,toxic
I'm a huge fan of really dark skin women and i've no African blood in me.,benign
i grew up muslim too  its pretty good to me.,benign
Kannadigas are prod and viraaat I know because I'm an honorary one.,benign
SEND IT HOME AMERICA absolutely HATES islam !,toxic
Leave Mexico to the shit hole that it is,toxic
i hate the females in this generation   seriously.,toxic
She deserves to be sprayed down with cum,toxic
Here is what diversity looks like people. Speak up now and stop this before it come s to a city near you ! URL,benign
Shut your fucking whore mouth with your passive aggressive bull shit.,toxic
Stay out of the World American murder scum!,toxic
the WTA has a transgender participation policy URL,benign
America was stolen & build by immigrants. Stop trying to forget where you came from.,benign
White pride  nothing wrong that. I'm proud to be white,benign
The perfect thicc white girl,benign
Eid Mubarak to everyone celebrating today,benign
Delon Love Turkey and brave Turks from Indian Muslim! In Shaa Allah we will rise again!,benign
your absolutely fucking dog shit go get some pussy lil nigga,toxic
Jewish law experts help Cambodian genocide victims find justice at tribunal: Times of Israel URL,benign
Allen west is a war criminal and Obama killing 13 year old boys for being 13 is ok.,toxic
Another white skank trying to capitalize on makeup.,toxic
serena is more woman than ur fagget ass can handle.,toxic
Man iont give a fuck bout no hoe fuck you bitch fuck a hoe,toxic
This slut needs to get rid of that pussy hair,toxic
Blacks are cocky and slow learners,toxic
This is just proofs how peacefull Palestina and the people supporting them are,benign
Cultures grow on the vine of tradition.  Serbian traditional wear  URL,benign
NTA - As a gay man  I thank you so much for standing up for your son.,benign
mourns first lady   the wife of Rivlin URL,benign
Here on this sub  women are holes  girls are sluts  and your questions are stupid.,toxic
You little shits want to take out 'boo hoo  women won't fuck me cause I'm a hateful piece of garbage' on the real world.,toxic
if you have gay sex you have lethal cancer,toxic
So stop writing books in your moms basement and do it faggot!,toxic
Your moms a bitch  so stfu bitch,toxic
It's pure brotherly love  unhindered by society's view that men can't kiss platonically. I think it's very sweet,benign
What a fu#cking airhead this is!,toxic
Hundreds of women from Asia and Africa to be trained by UAE Armed Forces as peacekeepers. URL URL,benign
Not weird at all. Happens to me  too  as a trans guy.,benign
Why do we need this  both genders are already equal and so are all races and sexual orientation,benign
Time to get your DNA tested and discover everyone is an Immigrant.,benign
"How can people actually be this retarded especially that Exclusive Nightclub chick ""K!""",toxic
put the SLAM on the iSLAMophobe!,benign
But when the sun was up  it was scorched; and because it had no root  it withered away. ~Mark 4:6,benign
Thankyou for your work trump you are doin the right thing deporting all these dirty animals back to there countries!,toxic
Does anyone else just feel really blessed to be gay,benign
I find beauty in all walks of life. I don't discriminate. However  I have a very strong attraction to Spanish women.,benign
Three black people demonic Democrats they should be deported probley caravan members,toxic
Where are the white lives matter protesters?,benign
Title completely true! I'm one of those black Women.,benign
Looks like another feminist agenda pushing beta male bashing pile of shite,toxic
The only color I acknowledge when interacting with my brothers and sisters in Christ is the red of His blood shed for us.,benign
Fine  all these white people are racists  yall better arm yourselves and fight them to the death.,toxic
If AIDs came from a guy fucking a monkey then what comes from a guy fucking a crocodile,toxic
It would be beyond gratifying to have the factual words of 4 minority women lead to the demise of occupant # 45. Appropriate.,benign
28. all my barbies were lesbians too but i just thought i was a very enthusiastic ally URL,benign
RT ilovegoodsthingx Lady Gaga,benign
Even these damn aliens are std infested fuckboys UGH,toxic
This absolute SCUM should be rounded up and deported immediately.,toxic
Omg let's find this psychotic bitch,toxic
He has my respect  Islam Changed my life  thank you god for such a beautiful.,benign
